{"Ayats": [{"arabic": " بِسۡمِ اللّٰہِ الرَّحۡمٰنِ الرَّحِیۡمِ﴿۱﴾", "english": " In the name of Allah, the Gracious, the Merciful.", "french": " Au nom d’Allāh, le Gracieux, le Miséricordieux.", "german": " Im Namen Allahs, des Gnädigen, des Barmherzigen.", "spanish": " En el nombre de Al‑lah, el Clemente, el Misericordioso.", "urdu": " (میں) اللہ کا نام لے کر جو بے حد کرم کرنے والا (اور) باربار رحم کرنے والا ہے (پڑھتا ہوں)"}, {"arabic": " عَبَسَ وَ تَوَلّٰۤی ۙ﴿۲﴾", "english": " He frowned and turned aside,", "french": " Il se renfrogna et se détourna,", "german": " Er runzelte die Stirn und wandte sich ab,", "spanish": " Frunció las cejas y se apartó,", "urdu": " (کیا) چیں بجیں ہو گیا اور منہ موڑ لیا؟"}, {"arabic": " اَنۡ جَآءَہُ الۡاَعۡمٰی ؕ﴿۳﴾", "english": " Because there came to him the blind man.", "french": " Parce que l’aveugle était venu à lui ;", "german": " weil ein blinder Mann zu ihm kam.", "spanish": " Porque vino a él el ciego.", "urdu": " (صرف) اس بات پر کہ اس کے پاس (ایک) نابینا (جیسے واقف لوگ جانتے ہیں) آیا۔"}, {"arabic": " وَ مَا یُدۡرِیۡکَ لَعَلَّہٗ یَزَّکّٰۤی ۙ﴿۴﴾", "english": " And what makes thee know that he may be seeking to purify himself,", "french": " Et qui te fera comprendre ? Il se peut qu’il cherche à se purifier,", "german": " Was aber lässt dich wissen? Vielleicht wünscht er, sich zu reinigen,", "spanish": " Mas ¿qué te hace suponer que busque purificarse a sí mismo ,", "urdu": " اور (اے رسول)! کونسی بات تجھے (اس پر) آگاہ کر سکتی تھی کہ وہ ضرور پاک ہو جائے گا۔"}, {"arabic": " اَوۡ یَذَّکَّرُ فَتَنۡفَعَہُ الذِّکۡرٰی ؕ﴿۵﴾", "english": " Or he may take heed and the Reminder may benefit him?", "french": " Ou, il se peut qu’il prenne compte, et que le Rappel puisse lui profiter.", "german": " oder er möchte der Lehre lauschen und die Lehre möchte ihm nützlich sein.", "spanish": " O que haga caso y le beneficie el Recordatorio?", "urdu": " یا (موجبات عبرت کو) یاد کرے گا تو (یہ) یاد کرنا اسے نفع بخشے گا۔"}, {"arabic": " اَمَّا مَنِ اسۡتَغۡنٰی ۙ﴿۶﴾", "english": " As for him who is disdainfully indifferent.", "french": " Quant à celui qui est indifférent,", "german": " Was den anlangt, der gleichgültig ist,", "spanish": " En cuanto al que se muestra desdeñosamente indiferente,", "urdu": " کیا یہ ہو سکتا ہے کہ جو شخص (حق سے) بے پرواہی کرے۔"}, {"arabic": " فَاَنۡتَ لَہٗ تَصَدّٰی ؕ﴿۷﴾", "english": " Unto him thou dost pay attention,", "french": " A lui tu prêtes attention –", "german": " dem widmest du Aufmerksamkeit,", "spanish": " A él debes prestarle aten­ción,", "urdu": " (اس کی طرف) تو تو خوب توجہ کرے (حالانکہ یہ سارے قرآن کے خلاف ہے)"}, {"arabic": " وَ مَا عَلَیۡکَ اَلَّا یَزَّکّٰی ؕ﴿۸﴾", "english": " Though thou art not responsible if he does not become purified.", "french": " Alors que tu n’es pas responsable s’il ne se purifie pas –", "german": " wiewohl du nicht verantwortlich bist, wenn er sich nicht reinigen will.", "spanish": " Aunque tú no eres responsable si no se purifica.", "urdu": " اور تو ایسا کر بھی کس طرح سکتا ہے جبکہ اس کے ہدایت نہ پانے کی تجھ پر کوئی ذمہ واری نہیں۔"}, {"arabic": " وَ اَمَّا مَنۡ جَآءَکَ یَسۡعٰی ۙ﴿۹﴾", "english": " But he who comes to thee hastening,", "french": " Mais celui qui vient à toi en se hâtant,", "german": " Aber der, der in Eifer zu dir kommt,", "spanish": " Pero quien acude a ti apresu­radamente,", "urdu": " اور جو کوئی تیری طرف دوڑتا ہوا آئے۔"}, {"arabic": " وَ ہُوَ یَخۡشٰی ۙ﴿۱۰﴾", "english": " And he fears God ,", "french": " Et il craint Allāh ,", "german": " und der (Gott) fürchtet,", "spanish": " Y teme a Dios,", "urdu": " اور وہ (ساتھ ہی خدا سے بھی) ڈرتا ہو۔"}, {"arabic": " فَاَنۡتَ عَنۡہُ تَلَہّٰی ﴿ۚ۱۱﴾", "english": " Him dost thou neglect.", "french": " Lui, tu le négliges.", "german": " den vernachlässigst du.", "spanish": " A ése desatiendes.", "urdu": " (تو بقول معترض) تو اس سے بے اعتنائی کرتا ہے۔"}, {"arabic": " کَلَّاۤ اِنَّہَا تَذۡکِرَۃٌ ﴿ۚ۱۲﴾", "english": " Nay! surely it is a Reminder —", "french": " Non ! Assurément, c’est un Rappel –", "german": " Nein! wahrlich, dies ist eine Ermahnung –", "spanish": " ¡No! En verdad es un Recordatorio.", "urdu": " (ایسا) ہرگز نہیں (یہ سب الزامات غلط ہیں) یقیناً یہ (قرآن) تو ایک نصیحت ہے (اس کے ساتھ تلوار نہیں اتاری گئی کہ تو لوگوں کو مسلمان بنانے پر مجبور ہو)۔"}, {"arabic": " فَمَنۡ شَآءَ ذَکَرَہٗ ﴿ۘ۱۳﴾", "english": " So let him who desires pay heed to it —", "french": " Alors que celui qui le désire, y fasse attention –", "german": " so möge, wer da will, seiner acht haben –,", "spanish": " ‑ Que quien lo desee le preste atención, pues,‑", "urdu": " پس جو چاہے اسے اپنے ذہن میں مستحضر کرلے۔"}, {"arabic": " فِیۡ صُحُفٍ مُّکَرَّمَۃٍ ﴿ۙ۱۴﴾", "english": " On honoured sheets.", "french": " C’est dans des Ecritures honorées,", "german": " auf ehrwürdigen Blättern,", "spanish": " En hojas veneradas,", "urdu": " (یہ قرآن ایسے) صحیفوں میں ہے‘ (جو) عزت والے‘ بلند شان اور پاک ہیں۔"}, {"arabic": " مَّرۡفُوۡعَۃٍ مُّطَہَّرَۃٍۭ ﴿ۙ۱۵﴾", "english": " Exalted, purified,", "french": " Exaltées et pures,", "german": " erhabenen, lauteren,", "spanish": " Exaltadas, purificadas,", "urdu": " (یہ قرآن ایسے) صحیفوں میں ہے‘ (جو) عزت والے‘ بلند شان اور پاک ہیں۔"}, {"arabic": " بِاَیۡدِیۡ سَفَرَۃٍ ﴿ۙ۱۶﴾", "english": " In the hands of writers,", "french": " Entre les mains de scribes,", "german": " in den Händen von Schreibern,", "spanish": " En manos de escritores,", "urdu": " وہ (صحیفے لکھنے والوں اور دور دور) سفر کرنے والوں کے ہاتھوں میں (ہیں)۔"}, {"arabic": " کِرَامٍۭ بَرَرَۃٍ ﴿ؕ۱۷﴾", "english": " Noble and virtuous.", "french": " Nobles et vertueux.", "german": " edlen, tugendhaften.", "spanish": " Nobles y virtuosos.", "urdu": " (ایسے لوگوں کے ہاتھوں میں) جو معزز ہیں اور اعلیٰ درجہ کے نیکو کار ہیں۔"}, {"arabic": " قُتِلَ الۡاِنۡسَانُ مَاۤ اَکۡفَرَہٗ ﴿ؕ۱۸﴾", "english": " Ruin seize the man! how ungrateful he is!", "french": " Que périsse l’homme ! Comme il est ingrat !", "german": " Verderben auf den Menschen! Wie undankbar ist er!", "spanish": " ¡Que la ruina caiga sobre el hombre! ¡Qué ingrato es!", "urdu": " انسان ہلاک ہو‘ وہ کیسا ناشکر گذار ہے۔"}, {"arabic": " مِنۡ اَیِّ شَیۡءٍ خَلَقَہٗ ﴿ؕ۱۹﴾", "english": " Of what does He create him?", "french": " De quoi l’a-t-Il créé ?", "german": " Woraus erschafft Er ihn?", "spanish": " ¿De qué lo crea El?", "urdu": " (وہ غور تو کرے کہ) خدا نے اسے کس چیز سے پیدا کیا ہے۔"}, {"arabic": " مِنۡ نُّطۡفَۃٍ ؕ خَلَقَہٗ فَقَدَّرَہٗ ﴿ۙ۲۰﴾", "english": " Of a sperm-drop! He creates him and proportions him;", "french": " D’une goutte de sperme ! Il l’a créé et l’a façonné à proportion ;", "german": " Aus einem Samentropfen! Er erschafft ihn und gestaltet ihn;", "spanish": " ¡De una gota de esperma! Le crea y le da sus proporciones;", "urdu": " (اسے معلوم ہوگا کہ یقیناً) ایک نطفہ سے (پیدا کیا ہے پہلے تو) اسے پیدا کیا پھر اس کے لئے (ترقی کا ایک) اندازہ مقرر کیا۔"}, {"arabic": " ثُمَّ السَّبِیۡلَ یَسَّرَہٗ ﴿ۙ۲۱﴾", "english": " Then He makes the Way easy for him,", "french": " Ensuite Il lui a rendu la voie facile,", "german": " den Weg dann macht Er leicht für ihn,", "spanish": " Después le facilita el Camino;", "urdu": " پھر (اس کے) راستہ کو آسان بنایا (اور اسے) خوب ہی آسان بنایا۔"}, {"arabic": " ثُمَّ اَمَاتَہٗ فَاَقۡبَرَہٗ ﴿ۙ۲۲﴾", "english": " Then He causes him to die and assigns a grave to him;", "french": " Ensuite Il le fait mourir et le livre à une tombe ;", "german": " dann lässt Er ihn sterben und bestimmt ihm ein Grab;", "spanish": " Luego le hace morir y le asigna una tumba;", "urdu": " پھر (عمر طبعی کے بعد) اسے مار دیا۔ پھر اسے (موعود) قبر میں رکھا۔"}, {"arabic": " ثُمَّ اِذَا شَآءَ اَنۡشَرَہٗ ﴿ؕ۲۳﴾", "english": " Then, when He pleases, He will raise him up again.", "french": " Ensuite, quand Il le voudra, Il le ressuscitera.", "german": " dann, wenn Er will, erweckt Er ihn wieder.", "spanish": " Y más tarde, cuando Le plaz­ca, le resucitará de nuevo.", "urdu": " پھر جب چاہے گا اسے دوبارہ اٹھا کر کھڑا کر دے گا۔"}, {"arabic": " کَلَّا لَمَّا یَقۡضِ مَاۤ اَمَرَہٗ ﴿ؕ۲۴﴾", "english": " Nay! he has not yet done what He commanded him to do .", "french": " Non, mais ! il n’a pas pu compléter ce qu’Il lui a commandé de faire .", "german": " Nein! er hat nicht getan, was Er ihm gebot.", "spanish": " ¡No! Aún no ha hecho lo que Él le ordenó hacer.", "urdu": " (ایسا) ہرگز نہیں (جو تم سمجھتے ہو‘ دیکھتے نہیں کہ) اسے (یعنی انسان کو) جو حکم ملا تھا‘ ابھی تک اس نے اسے پورا نہیں کیا۔"}, {"arabic": " فَلۡیَنۡظُرِ الۡاِنۡسَانُ اِلٰی طَعَامِہٖۤ ﴿ۙ۲۵﴾", "english": " Now let man look at his food:", "french": " Donc, que l’homme regarde sa nourriture ;", "german": " So betrachte der Mensch doch seine Nahrung:", "spanish": " Pues bien, que el hombre con­sidere su alimento;", "urdu": " پس چاہیے کہ انسان اپنے کھانے کی طرف دیکھے۔"}, {"arabic": " اَنَّا صَبَبۡنَا الۡمَآءَ صَبًّا ﴿ۙ۲۶﴾", "english": " How We pour down water in abundance,", "french": " Comment Nous versons l’eau en abondance,", "german": " Wie Wir Wasser in Fülle ausgießen,", "spanish": " Cómo hacemos caer el agua en abundancia,", "urdu": " (اوردیکھے کہ) ہم نے بادلوں سے پانی کوخوب برسایا ہے۔"}, {"arabic": " ثُمَّ شَقَقۡنَا الۡاَرۡضَ شَقًّا ﴿ۙ۲۷﴾", "english": " Then We cleave the earth — a proper cleaving —", "french": " Ensuite Nous fendons la terre comme il se doit,", "german": " dann die Erde in Spalten zerteilen,", "spanish": " Después partimos la tierra ‑con una grieta adecuada-", "urdu": " پھر زمین کو خوب پھاڑا ہے۔"}, {"arabic": " فَاَنۡۢبَتۡنَا فِیۡہَا حَبًّا ﴿ۙ۲۸﴾", "english": " Then We cause to grow therein grain,", "french": " Puis Nous y faisons croître grains,", "german": " und Korn in ihr wachsen lassen", "spanish": " Al punto hacemos crecer en ella al grano,", "urdu": " چنانچہ اس پھاڑنے کے نتیجہ میں ہم نے اس میں قسم قسم کے دانے اگائے ہیں۔"}, {"arabic": " وَّ عِنَبًا وَّ قَضۡبًا ﴿ۙ۲۹﴾", "english": " And grapes and vegetables,", "french": " Et vignobles, et légumes,", "german": " und Reben und Gemüse,", "spanish": " Viñedos y verduras,", "urdu": " اسی طرح انگور اور سبزیاں۔"}, {"arabic": " وَّ زَیۡتُوۡنًا وَّ نَخۡلًا ﴿ۙ۳۰﴾", "english": " And the olive and the date-palm.", "french": " Et oliviers et dattiers,", "german": " und den Ölbaum und die Dattelpalme,", "spanish": " Olivos y palmeras.", "urdu": " نیز زیتون اور کھجوریں۔"}, {"arabic": " وَّ حَدَآئِقَ غُلۡبًا ﴿ۙ۳۱﴾", "english": " And walled gardens thickly planted,", "french": " Et jardins enclos plantés d’une manière dense ;", "german": " und dicht bepflanzte Gärten, ummauerte,", "spanish": " Jardines amurallados con una espesa plantación,", "urdu": " اور اس کے ساتھ ہی گھنے باغات بھی۔"}, {"arabic": " وَّ فَاکِہَۃً وَّ اَبًّا ﴿ۙ۳۲﴾", "english": " And fruits and herbage,", "french": " Et fruits et herbages,", "german": " und Obst und Gras,", "spanish": " Y frutas e hierbas,", "urdu": " اور میوے بھی اور خشک گھاس (اور جھاڑیاں بھی)"}, {"arabic": " مَّتَاعًا لَّکُمۡ وَ لِاَنۡعَامِکُمۡ ﴿ؕ۳۳﴾", "english": " Provision for you and your cattle.", "french": " Une provision dont jouissent vous et vos bestiaux.", "german": " Versorgung für euch und für euer Vieh!", "spanish": " Como provisión para voso­tros y vuestro ganado.", "urdu": " (یہ سب) تمہارے اور تمہارے جانوروں کے فائدہ کے لئے (پیدا کیا گیا ہے)"}, {"arabic": " فَاِذَا جَآءَتِ الصَّآخَّۃُ ﴿۫۳۴﴾", "english": " But when the deafening shout comes,", "french": " Mais quand vient le cri assourdissant,", "german": " Doch wenn der betäubende Ruf kommt,", "spanish": " Pero cuando llegue el grito ensordecedor,", "urdu": " پھر (یہ بھی تو سوچو کہ) جب کان پھاڑنے والی (مصیبت) آئے گی۔"}, {"arabic": " یَوۡمَ یَفِرُّ الۡمَرۡءُ مِنۡ اَخِیۡہِ ﴿ۙ۳۵﴾", "english": " On the day when a man flees from his brother,", "french": " Le jour où un homme fuira son frère,", "german": " am Tage, da der Mensch seinen Bruder flieht,", "spanish": " El día en que el hombre se aparte de su hermano,", "urdu": " جس دن کہ انسان اپنے بھائی سے (دور) بھاگے گا۔"}, {"arabic": " وَ اُمِّہٖ وَ اَبِیۡہِ ﴿ۙ۳۶﴾", "english": " And from his mother and his father,", "french": " Et sa mère et son père,", "german": " und seine Mutter und seinen Vater,", "spanish": " De su madre y de su padre,", "urdu": " اور (اسی طرح) اپنی ماں اور اپنے باپ سے۔"}, {"arabic": " وَ صَاحِبَتِہٖ وَ بَنِیۡہِ ﴿ؕ۳۷﴾", "english": " And from his wife and his sons,", "french": " Et sa femme et ses enfants,", "german": " und seine Gattin und seine Söhne,", "spanish": " Y de su esposa y de sus hijos,", "urdu": " اور اپنی بیوی اور اپنے بیٹوں سے (بھی)"}, {"arabic": " لِکُلِّ امۡرِیًٴ مِّنۡہُمۡ یَوۡمَئِذٍ شَاۡنٌ یُّغۡنِیۡہِ ﴿ؕ۳۸﴾", "english": " Every man among them that day will have concern enough to make him indifferent to others .", "french": " Chaque homme parmi eux ce jour-là aura suffisamment de soucis à lui propres pour le rendre indifférent à autrui .", "german": " jedermann wird an jenem Tage Sorge genug haben, dass er (anderer) nicht achtet.", "spanish": " En ese día, todos los hombres de entre ellos tendrán suficiente reo­cupación como para hacerse indi­ferentes a los demás .", "urdu": " اس دن ہر ایک آدمی کی حالت ایسی ہوگی کہ وہ اسے اپنی (ہی) طرف الجھائے رکھے گی۔"}, {"arabic": " وُجُوۡہٌ یَّوۡمَئِذٍ مُّسۡفِرَۃٌ ﴿ۙ۳۹﴾", "english": " On that day some faces will be bright,", "french": " Ce jour-là des visages seront rayonnants,", "german": " An jenem Tage werden manche Gesichter strahlend sein,", "spanish": " ¡En ese día algunos rostros aparecerán radiantes,", "urdu": " کچھ (لوگوں کے) چہرے اس دن روشن ہوں گے۔"}, {"arabic": " ضَاحِکَۃٌ مُّسۡتَبۡشِرَۃٌ ﴿ۚ۴۰﴾", "english": " Laughing, joyous!", "french": " Riants, joyeux ;", "german": " heiter, freudig!", "spanish": " Sonrientes, alegres!", "urdu": " ہنستے ہوئے خوش بہ خوش۔"}, {"arabic": " وَ وُجُوۡہٌ یَّوۡمَئِذٍ عَلَیۡہَا غَبَرَۃٌ ﴿ۙ۴۱﴾", "english": " And some faces, on that day, will have dust upon them,", "french": " Et des visages ce jour-là auront de la poussière sur eux,", "german": " Und andere Gesichter, an jenem Tage, werden staubbedeckt sein,", "spanish": " Y en ese día, algunos rostros estarán polvorientos,", "urdu": " اور کچھ (لوگوں کے) چہرے اس دن ایسے ہوں گے کہ یوں معلوم ہوگا کہ ان پر غبار چھائی ہوئی ہے۔"}, {"arabic": " تَرۡہَقُہَا قَتَرَۃٌ ﴿ؕ۴۲﴾", "english": " Darkness will cover them.", "french": " L’obscurité les couvrira.", "german": " Finsternis wird sie verhüllen.", "spanish": " Las tinieblas los cubrirán.", "urdu": " اور (اندرونی حالت بتانے کے لئے) ان کے چہروں پر ایک (ایسی) سیاہی بھی چھائی ہوئی ہوگی (جو ایسے وقت میں چھایا کرتی ہے)"}, {"arabic": " اُولٰٓئِکَ ہُمُ الۡکَفَرَۃُ الۡفَجَرَۃُ ﴿٪۴۳﴾", "english": " Those are the ones that disbelieved and were wicked.", "french": " Ceux-là mêmes qui refusèrent de croire et qui s’adonnèrent au mal.", "german": " Das sind die Ungläubigen, die Frevler.", "spanish": " Son ésos los que no creyeron y fueron malvados.", "urdu": " یہی لوگ کافر اور بدکار قرار دئے جائیں گے۔"}], "Surah": 80}