{"Ayats": [{"arabic": " بِسۡمِ اللّٰہِ الرَّحۡمٰنِ الرَّحِیۡمِ﴿۱﴾", "english": " In the name of Allah, the Gracious, the Merciful.", "french": " Au nom d’Allāh, le Gracieux, le Miséricordieux.", "german": " Im Namen Allahs, des Gnädigen, des Barmherzigen.", "spanish": " En el nombre de Al-lah, el Clemente, el Misericordioso.", "urdu": " (میں) اللہ کا نام لے کر جو بے حد کرم کرنے والا (اور) باربار رحم کرنے والا ہے (پڑھتا ہوں)"}, {"arabic": " حٰمٓ ﴿ۚۛ۲﴾", "english": " Ha Mim.", "french": " Ḥā Mīm (Le Très-Louable, le Seigneur de l’Honneur).", "german": " Hâ Mîm.", "spanish": " Ha Mim.", "urdu": " (یہ) حمید و مجید (خدا کی طرف سے اتاری ہوئی سورۃ ہے)"}, {"arabic": " وَ الۡکِتٰبِ الۡمُبِیۡنِ ۙ﴿ۛ۳﴾", "english": " By this perspicuous Book.", "french": " Par ce Livre explicite,", "german": " Bei dem deutlichen Buch,", "spanish": " Por este Libro lúcido.", "urdu": " ہم (اس سچائی کے ثبوت کے لئے اس کھول کر) بیان کرنے والی کتاب کی قسم کھاتے ہیں (یعنی اس کو شہادت کے طور پر پیش کرتے ہیں) ۔"}, {"arabic": " اِنَّاۤ اَنۡزَلۡنٰہُ فِیۡ لَیۡلَۃٍ مُّبٰرَکَۃٍ اِنَّا کُنَّا مُنۡذِرِیۡنَ ﴿۴﴾", "english": " Truly, We revealed it in a blessed Night. Truly, We have ever been warning against evil .", "french": " Vraiment, Nous l’avons révélé en une Nuit bénie. Vraiment, Nous avons depuis toujours averti.", "german": " wahrlich, Wir offenbarten es in einer gesegneten Nacht, – wahrlich, Wir haben immer gewarnt –,", "spanish": " En verdad lo revelamos en una Noche bendita. Ciertamente hemos estado siempre advirtiendo contra el mal.", "urdu": " ہم نے اس (کتاب) کو ایک برکت والی رات میں نازل کیا ہے کیونکہ ہم گمراہوں کو ہمیشہ سے ہوشیار کرتے آئے ہیں۔"}, {"arabic": " فِیۡہَا یُفۡرَقُ کُلُّ اَمۡرٍ حَکِیۡمٍ ۙ﴿۵﴾", "english": " In it all wise things are decided,", "french": " Toutes les questions de sagesse y sont décidées", "german": " in der jegliche weise Sache bis ins einzelne erklärt wird", "spanish": " En él se han aclarado todos los mandamientos sabios.", "urdu": " اس رات میں ہر حکمت والا امر بیان کیا جاتا ہے۔"}, {"arabic": " اَمۡرًا مِّنۡ عِنۡدِنَا ؕ اِنَّا کُنَّا مُرۡسِلِیۡنَ ۚ﴿۶﴾", "english": " By Our own command. Verily, We have ever been sending Messengers ,", "french": " Par Notre propre commandement. En vérité, Nous avons toujours envoyé des Messagers ,", "german": " gemäß Unserem Befehl. Wahrlich, Wir haben stets Gesandte geschickt", "spanish": " Por Nuestro propio mandato. En verdad, hemos estado siempre enviando Mensajeros,", "urdu": " ہر وہ امر جس کا ہم نے اپنے حضور سے حکم دیا ہے ہم ایسے موقع پر ہمیشہ ہی رسول بھیجا کرتے ہیں۔"}, {"arabic": " رَحۡمَۃً مِّنۡ رَّبِّکَ ؕ اِنَّہٗ ہُوَ السَّمِیۡعُ الۡعَلِیۡمُ ۙ﴿۷﴾", "english": " As a mercy from thy Lord. Verily, He is the All-Hearing, the All-knowing,", "french": " Comme une miséricorde de la part de ton Seigneur. En vérité, Il est Celui Qui Entend Tout, l’Omniscient,", "german": " als eine Barmherzigkeit von deinem Herrn –, Er ist der Allhörende, der Allwissende –,", "spanish": " Como misericordia de tu Señor. Ciertamente, Él es Quien todo lo oye, el Omnisciente.", "urdu": " یہ تیرے رب کی طرف سے رحمت کے طور پر ہوتا ہے۔ وہ بہت دعائیں سننے والا (اور) دلوں کے حالات جاننے والا ہے۔"}, {"arabic": " رَبِّ السَّمٰوٰتِ وَ الۡاَرۡضِ وَ مَا بَیۡنَہُمَا ۘ اِنۡ کُنۡتُمۡ مُّوۡقِنِیۡنَ ﴿۸﴾", "english": " The Lord of the heavens and the earth and all that is between them, if you would only have faith.", "french": " Le Seigneur des cieux et de la terre et de tout ce qui est entre eux, si seulement vous pouviez en être convaincus.", "german": " dem Herrn der Himmel und der Erde und alles dessen, was zwischen beiden ist, wenn ihr Gewissheit im Glauben hättet.", "spanish": " El Señor de los cielos y la tierra y de todo lo que hay entre ellos, si hubieseis creído.", "urdu": " (یعنی) اس رب کی طرف سے جو آسمانوں اور زمین جو کچھ ان کے درمیان ہے ان کا رب ہے بشرطیکہ تمہاری نیت یقین کرنے کی ہو۔"}, {"arabic": " لَاۤ اِلٰہَ اِلَّا ہُوَ یُحۡیٖ وَ یُمِیۡتُ ؕ رَبُّکُمۡ وَ رَبُّ اٰبَآئِکُمُ الۡاَوَّلِیۡنَ ﴿۹﴾", "english": " There is no God but He. He gives life and He causes death. He is your Lord, and the Lord of your forefathers.", "french": " Il n’y a de dieu que Lui. Il donne la vie et Il cause la mort. Il est votre Seigneur, et le Seigneur de vos ancêtres.", "german": " Es gibt keinen Gott außer Ihm. Er gibt Leben und Tod – euer Herr und der Herr eurer Vorväter.", "spanish": " No hay más Dios que Él. Él da la vida y causa la muerte. Él es vuestro Señor y el Señor de vuestros antepasados.", "urdu": " اس کے سوا کوئی معبود نہیں‘ وہ زندہ بھی کرتا ہے اور مارتا بھی ہے وہ تمہارا بھی رب ہے اور تمہارے پہلے باپ دادوں کا بھی رب تھا۔"}, {"arabic": " بَلۡ ہُمۡ فِیۡ شَکٍّ یَّلۡعَبُوۡنَ ﴿۱۰﴾", "english": " Yet they play about in doubt.", "french": " Et pourtant, ils s’amusent dans le doute.", "german": " Und doch sind sie im Zweifel, treiben Spiel.", "spanish": " Sin embargo, juegan en la duda.", "urdu": " لیکن وہ شک میں مبتلا ہیں (اور) کھیل رہے ہیں۔"}, {"arabic": " فَارۡتَقِبۡ یَوۡمَ تَاۡتِی السَّمَآءُ بِدُخَانٍ مُّبِیۡنٍ ﴿ۙ۱۱﴾", "english": " But watch thou for the day when the sky will bring forth a visible smoke,", "french": " Mais attends le jour où le ciel produira une fumée visible,", "german": " Du aber erwarte den Tag, an dem der Himmel einen sichtbaren Rauch hervorbringt,", "spanish": " Mas tu vigila esperando el día en que el cielo arroje una humareda visible,", "urdu": " پس تو اس دن کا انتظار کر جس دن آسمان پر ایک کھلا کھلا دھوآں ظاہر ہوگا۔"}, {"arabic": " یَّغۡشَی النَّاسَ ؕ ہٰذَا عَذَابٌ اَلِیۡمٌ ﴿۱۲﴾", "english": " That will envelop the people. This will be a painful torment.", "french": " Qui couvrira les gens. Ceci sera un supplice douloureux.", "german": " der die Menschen einhüllen wird. Das wird eine schmerzliche Qual sein.", "spanish": " Que lanzará sombras sobre todos los hombres. Será un doloroso castigo.", "urdu": " جو سب لوگوں پر چھا جائے گا‘ یہ دردناک عذاب ہوگا۔"}, {"arabic": " رَبَّنَا اکۡشِفۡ عَنَّا الۡعَذَابَ اِنَّا مُؤۡمِنُوۡنَ ﴿۱۳﴾", "english": " Then will the people cry : ‘Our Lord, remove from us the torment; truly, we are believers.’", "french": " Alors ils supplieront : « Notre Seigneur, enlève-nous le tourment ; en vérité, nous sommes croyants. »", "german": " Unser Herr, nimm von uns die Pein; wir wollen glauben.", "spanish": " Entonces los hombres gritarán: “Señor nuestro, retira de nosotros el tormento; en verdad, somos creyentes”.", "urdu": " (لوگ اس کو دیکھ کر کہنے لگیں گے) اے ہمارے رب! ہم سے یہ عذاب ٹلا دے ہم ایمان لے آتے ہیں۔"}, {"arabic": " اَنّٰی لَہُمُ الذِّکۡرٰی وَ قَدۡ جَآءَہُمۡ رَسُوۡلٌ مُّبِیۡنٌ ﴿ۙ۱۴﴾", "english": " How can they benefit by admonition, when there has already come to them a Messenger, explaining things clearly,", "french": " Comment le Rappel peut-il leur être bénéfique maintenant, alors qu’un Messager, expliquant clairement les choses , leur est déjà venu ?", "german": " Wie können sie lernen, wenn ein aufklärender Gesandter zu ihnen gekommen ist,", "spanish": " ¿ Cómo podrán beneficiarse de la advertencia, si ya les ha llegado un Mensajero, que explica las cosas con claridad?,", "urdu": " اس دن ایمان لانے کی توفیق ان کو کہاں سے ملے گی حالانکہ ان کے پاس ایک حقیقت کو کھول کر بیان کرنے والا رسول آچکا ہے (جس کو انہوں نے نہیں مانا) ۔"}, {"arabic": " ثُمَّ تَوَلَّوۡا عَنۡہُ وَ قَالُوۡا مُعَلَّمٌ مَّجۡنُوۡنٌ ﴿ۘ۱۵﴾", "english": " And yet they turned away from him and said: ‘He is tutored, a man possessed?’", "french": " Et néanmoins ils se sont détournés de lui et ont dit : « Il est instruit par d’autres , c’est un possédé ! »", "german": " und sie haben sich von ihm abgewandt und gesprochen: \"Ein Unterrichteter, ein Besessener?\"", "spanish": " Y sin embargo se apartaron de él diciendo: “Está aleccionado, ¿es un hombre poseído?”.", "urdu": " اور اس سے پیٹھ پھیر کر چلے گئے اور کہنے لگے‘ یہ کسی کا سکھایا ہوا پاگل ہے۔"}, {"arabic": " اِنَّا کَاشِفُوا الۡعَذَابِ قَلِیۡلًا اِنَّکُمۡ عَآئِدُوۡنَ ﴿ۘ۱۶﴾", "english": " We shall remove the punishment for a little while, but you will certainly revert to disbelief .", "french": " Nous enlèverons le châtiment pour quelque temps, mais vous retournerez sûrement à ces choses-là.", "german": " „Wir werden die Strafe für ein weniges hinwegnehmen, ihr aber werdet rückfällig sein.", "spanish": " Nosotros retiraremos el castigo durante un breve plazo, pero volveréis ciertamente a la incredulidad.", "urdu": " ہم عذاب کو تھوڑی دیر کے لئے ہٹا دیں گے مگر تم پھر وہی (کرتوتیں) کرنے لگ جاٶ گے۔"}, {"arabic": " یَوۡمَ نَبۡطِشُ الۡبَطۡشَۃَ الۡکُبۡرٰی ۚ اِنَّا مُنۡتَقِمُوۡنَ ﴿۱۷﴾", "english": " On the day when We shall seize you with the great seizure, then certainly We will exact retribution.", "french": " Le jour où Nous vous saisirons du grand saisissement, alors certainement, Nous tirerons rétribution de vous .", "german": " An dem Tage, wo Wir (euch) streng anfassen werden, werden Wir vergelten.\"</span> </div> </div> <div class=\"row links\" style=\"margin-top:10px;\"> <div class=\"col-lg-12 center\"> <font size=\"-1\" style=\"font-family:Arial, Helvetica, sans-serif; color: #777\"> Read: <a target=\"_blank\" href=\"/quran/tafseer/?verse=44:17&region=E1&CR=E3,E2\" title=\"English Translation with Detailed Commentary with Meanings of Some Key Words\">Detailed English Commentary</a> | <a href=\"/quran/tafseer/?verse=44:17&region=TS&CR=UR,P1,H1,T1\" title=\"Urdu Tafseer-e-Saghir alongwith other Tafaseer\" target=\"_blank\">Urdu Tafaseer <font style=\"font-family: 'Jameel Noori Nastaleeq', -apple-system, BlinkMacSystemFont, 'Urdu Naskh Asiatype', 'Nafees Web Naskh';\">اردو تفاسیر</font></a> </font> </div></div> <hr size='1'> <div class=\"row\" id=\"Arabic18\" class='indopak' style=\"padding: 5px\"> <div class=\"col-lg-1\"> <a name=\"Arabic18\"></a> <font color=\"#939598\" style=\"font-size:1.1em\"> [<a href='/quran/44:18' style='text-decoration:underline'>44:18</a>]</font> </div> <div class=\"col-lg-1\"> <button onclick=\"aud_play_pause(18)\"><i class=\"fa fa-play\" style=\"color: #777\" aria-hidden=\"true\" id=\"control18\"></i></button> <audio id=\"player18\" class=\"audioplayer\" /> </div><div class=\"col-lg-10\" align=\"right\" dir=\"rtl\"></div> </div> <div class=\"row\"> <div class=\"col-lg-12\" align=\"right\" dir=\"rtl\"> <p class=\"arabicverse\">وَ لَقَدۡ فَتَنَّا قَبۡلَہُمۡ قَوۡمَ فِرۡعَوۡنَ وَ جَآءَہُمۡ رَسُوۡلٌ کَرِیۡمٌ ﴿ۙ۱۸﴾ </p> </div> </div> <div class=\"row english\" align=\"left\" dir=\"ltr\" style=\"margin-top:10px\"> <div class=\"col-lg-12\"> <span class=\"translationheading\">English</span><br> <span class=\"translationtext\">And We tried the people of Pharaoh before them, and there came to them a noble Messenger,</span> </div> </div> <div class=\"row english2\" align=\"left\" dir=\"ltr\" style=\"display:none; margin-top:10px\"> <div class=\"col-lg-12\"> <span class=\"translationheading\">English Short Commentary</span><br> <span class=\"translationtext\"> And We tried the people of Pharaoh before them, and there came to them a noble Messenger, </span> </div> </div> <div class=\"row urdu\" align=\"right\" dir=\"rtl\" style=\"margin-top:10px\"> <div class=\"col-lg-12\"> <span class=\"translationheading\">اُردو</span><br> <span class=\"urdutarjma\">اور یقیناً ہم ان سے پہلے فرعون کی قوم کو بھی آزما چکے ہیں جب ان کے پاس ایک معزز رسول آیا تھا۔</span> </div> </div> <div class=\"row urdu2\" align=\"right\" dir=\"rtl\" style=\"display:none; margin-top:10px\"> <div class=\"col-lg-12\"> <span class=\"translationheading\">اُردو تفسیر صغیر</span><br> <span class=\"urdutarjma\">اور ہم نے ان سے پہلے فرعون کی قوم کی بھی آزمائش کی تھی اور ان کے پاس ایک معزز رسول آیا تھا۔ </span> </div> </div> <div class=\"row french\" align=\"left\" dir=\"ltr\" style=\"display:none; margin-top:10px\"> <div class=\"col-lg-12\"> <span class=\"translationheading\">Français</span><br> <span class=\"translationtext\">Et Nous avons certainement éprouvé le peuple de Pharaon avant eux, et un Messager honorable est venu à eux,</span> </div> </div> <div class=\"row spanish\" align=\"left\" dir=\"ltr\" style=\"display:none; margin-top:10px\"> <div class=\"col-lg-12\"> <span class=\"translationheading\">Español</span><br> <span class=\"translationtext\">Antes de ellos sometimos a prueba al pueblo del Faraón, y les llegó un noble Mensajero.</span> </div> </div> <div class=\"row german\" align=\"left\" dir=\"ltr\" style=\"display:none; margin-top:10px\"> <div class=\"col-lg-12\"> <span class=\"translationheading\">Deutsch</span><br> <span class=\"translationtext\">Und Wir haben schon das Volk Pharaos vor ihnen geprüft, und es kam zu ihnen ein ehrenwerter Gesandter,</span> </div> </div> <div class=\"row links\" style=\"margin-top:10px;\"> <div class=\"col-lg-12 center\"> <font size=\"-1\" style=\"font-family:Arial, Helvetica, sans-serif; color: #777\"> Read: <a target=\"_blank\" href=\"/quran/tafseer/?verse=44:18&region=E1&CR=E3,E2\" title=\"English Translation with Detailed Commentary with Meanings of Some Key Words\">Detailed English Commentary</a> | <a href=\"/quran/tafseer/?verse=44:18&region=TS&CR=UR,P1,H1,T1\" title=\"Urdu Tafseer-e-Saghir alongwith other Tafaseer\" target=\"_blank\">Urdu Tafaseer <font style=\"font-family: 'Jameel Noori Nastaleeq', -apple-system, BlinkMacSystemFont, 'Urdu Naskh Asiatype', 'Nafees Web Naskh';\">اردو تفاسیر</font></a> </font> </div></div> <hr size='1'> <div class=\"row\" id=\"Arabic19\" class='indopak' style=\"padding: 5px\"> <div class=\"col-lg-1\"> <a name=\"Arabic19\"></a> <font color=\"#939598\" style=\"font-size:1.1em\"> [<a href='/quran/44:19' style='text-decoration:underline'>44:19</a>]</font> </div> <div class=\"col-lg-1\"> <button onclick=\"aud_play_pause(19)\"><i class=\"fa fa-play\" style=\"color: #777\" aria-hidden=\"true\" id=\"control19\"></i></button> <audio id=\"player19\" class=\"audioplayer\" /> </div><div class=\"col-lg-10\" align=\"right\" dir=\"rtl\"></div> </div> <div class=\"row\"> <div class=\"col-lg-12\" align=\"right\" dir=\"rtl\"> <p class=\"arabicverse\">اَنۡ اَدُّوۡۤا اِلَیَّ عِبَادَ اللّٰہِ ؕ اِنِّیۡ لَکُمۡ رَسُوۡلٌ اَمِیۡنٌ ﴿ۙ۱۹﴾ </p> </div> </div> <div class=\"row english\" align=\"left\" dir=\"ltr\" style=\"margin-top:10px\"> <div class=\"col-lg-12\"> <span class=\"translationheading\">English</span><br> <span class=\"translationtext\"><I> Saying</I>, ‘Deliver to me the servants of Allah. Truly, I am to you a Messenger, faithful to <em>my </em>trust;</span> </div> </div> <div class=\"row english2\" align=\"left\" dir=\"ltr\" style=\"display:none; margin-top:10px\"> <div class=\"col-lg-12\"> <span class=\"translationheading\">English Short Commentary</span><br> <span class=\"translationtext\"> <i>Who said to them</i>, ‘Deliver to me the servants of Allah. Truly, I am to you a Messenger, faithful to <i>my </i>trust;’ </span> </div> </div> <div class=\"row urdu\" align=\"right\" dir=\"rtl\" style=\"margin-top:10px\"> <div class=\"col-lg-12\"> <span class=\"translationheading\">اُردو</span><br> <span class=\"urdutarjma\">(یہ کہتے ہوئے) کہ اللہ کے بندے میرے سپرد کردو۔ یقیناً میں تمہارے لئے ایک امین پیغمبر ہوں۔</span> </div> </div> <div class=\"row urdu2\" align=\"right\" dir=\"rtl\" style=\"display:none; margin-top:10px\"> <div class=\"col-lg-12\"> <span class=\"translationheading\">اُردو تفسیر صغیر</span><br> <span class=\"urdutarjma\">(اور اس رسول نے ان سے کہا تھا کہ) خدا کے بندے میرے سپرد کر دو‘ میں تمہاری طرف ایک امانت دار رسول بنا کر بھیجا گیا ہوں۔ </span> </div> </div> <div class=\"row french\" align=\"left\" dir=\"ltr\" style=\"display:none; margin-top:10px\"> <div class=\"col-lg-12\"> <span class=\"translationheading\">Français</span><br> <span class=\"translationtext\"><em>leur disant</em> : « Livrez-moi les serviteurs d’Allāh. En vérité, je suis pour vous un Messager fidèle à sa charge ;</span> </div> </div> <div class=\"row spanish\" align=\"left\" dir=\"ltr\" style=\"display:none; margin-top:10px\"> <div class=\"col-lg-12\"> <span class=\"translationheading\">Español</span><br> <span class=\"translationtext\"><em>Diciendo</em>: “Entregadme a los siervos de Al-lah. En verdad soy un Mensajero para vosotros, sincero <em>con lo que se me</em> ha confiado”;</span> </div> </div> <div class=\"row german\" align=\"left\" dir=\"ltr\" style=\"display:none; margin-top:10px\"> <div class=\"col-lg-12\"> <span class=\"translationheading\">Deutsch</span><br> <span class=\"translationtext\">(der sprach:) \"Übergebt mir die Diener Allahs. Ich bin euch ein vertrauenswürdiger Gesandter.", "spanish": " En el día en que caeremos sobre vosotros con poderosa determinación, entonces ciertamente exigiremos la retribución.", "urdu": " جس دن ہم بڑی گرفت میں تم کو لے آئیں گے (تم پرکھل جائے گا کہ) ہم انتقام لینے پر قادر ہیں۔"}, {"arabic": " وَّ اَنۡ لَّا تَعۡلُوۡا عَلَی اللّٰہِ ۚ اِنِّیۡۤ اٰتِیۡکُمۡ بِسُلۡطٰنٍ مُّبِیۡنٍ ﴿ۚ۲۰﴾", "english": " ‘And exalt not yourselves in defiance of Allah. Surely, I come to you with a clear authority.", "french": " Et ne vous élevez pas contre Allāh. Assurément, je viens à vous avec une preuve claire et convaincante ;", "german": " Und überhebt euch nicht gegen Allah. Ich komme zu euch mit offenkundigem Beweis.", "spanish": " “ No os exaltéis desafiando a Al-lah. Ciertamente vengo a vosotros con una autoridad evidente”.", "urdu": " اور اس حکم کے ساتھ بھیجا گیا ہوں کہ خدا کے معاملہ میں زیادتی سے کام مت لو (اور میرے لائے ہوئے دلائل پر غور کرو) میں تمہاری طرف یقیناً ایک کھلی کھلی دلیل لانے والا ہوں۔"}, {"arabic": " وَ اِنِّیۡ عُذۡتُ بِرَبِّیۡ وَ رَبِّکُمۡ اَنۡ تَرۡجُمُوۡنِ ﴿۫۲۱﴾", "english": " ‘And I seek refuge in my Lord and your Lord, lest you stone me.", "french": " Et je cherche refuge auprès de mon Seigneur et de votre Seigneur, de peur que vous ne me lapidiez.", "german": " Und ich nehme meine Zuflucht bei meinem Herrn und eurem Herrn, auf dass ihr mich nicht steinigt.", "spanish": " “ Y busco refugio en mi Señor y vuestro Señor, no sea que me lapidéis”.", "urdu": " اور میں اپنے رب اور تمہارے رب کی پناہ مانگتا ہوں کہ کہیں تم جلد بازی میں مجھے سنگسار نہ کر دو۔"}, {"arabic": " وَ اِنۡ لَّمۡ تُؤۡمِنُوۡا لِیۡ فَاعۡتَزِلُوۡنِ ﴿۲۲﴾", "english": " ‘And if you believe me not, then keep yourselves away from me.’", "french": " Et si vous ne me croyez pas, alors tenez-vous éloignés de moi. »", "german": " Und wenn ihr mir nicht glaubt, so haltet euch fern von mir.\"</span> </div> </div> <div class=\"row links\" style=\"margin-top:10px;\"> <div class=\"col-lg-12 center\"> <font size=\"-1\" style=\"font-family:Arial, Helvetica, sans-serif; color: #777\"> Read: <a target=\"_blank\" href=\"/quran/tafseer/?verse=44:22&region=E1&CR=E3,E2\" title=\"English Translation with Detailed Commentary with Meanings of Some Key Words\">Detailed English Commentary</a> | <a href=\"/quran/tafseer/?verse=44:22&region=TS&CR=UR,P1,H1,T1\" title=\"Urdu Tafseer-e-Saghir alongwith other Tafaseer\" target=\"_blank\">Urdu Tafaseer <font style=\"font-family: 'Jameel Noori Nastaleeq', -apple-system, BlinkMacSystemFont, 'Urdu Naskh Asiatype', 'Nafees Web Naskh';\">اردو تفاسیر</font></a> </font> </div></div> <hr size='1'> <div class=\"row\" id=\"Arabic23\" class='indopak' style=\"padding: 5px\"> <div class=\"col-lg-1\"> <a name=\"Arabic23\"></a> <font color=\"#939598\" style=\"font-size:1.1em\"> [<a href='/quran/44:23' style='text-decoration:underline'>44:23</a>]</font> </div> <div class=\"col-lg-1\"> <button onclick=\"aud_play_pause(23)\"><i class=\"fa fa-play\" style=\"color: #777\" aria-hidden=\"true\" id=\"control23\"></i></button> <audio id=\"player23\" class=\"audioplayer\" /> </div><div class=\"col-lg-10\" align=\"right\" dir=\"rtl\"></div> </div> <div class=\"row\"> <div class=\"col-lg-12\" align=\"right\" dir=\"rtl\"> <p class=\"arabicverse\">فَدَعَا رَبَّہٗۤ اَنَّ ہٰۤؤُلَآءِ قَوۡمٌ مُّجۡرِمُوۡنَ ﴿ؓ۲۳﴾ </p> </div> </div> <div class=\"row english\" align=\"left\" dir=\"ltr\" style=\"margin-top:10px\"> <div class=\"col-lg-12\"> <span class=\"translationheading\">English</span><br> <span class=\"translationtext\">Then he prayed unto his Lord,<I> saying</I>, ‘These are indeed a sinful people.’</span> </div> </div> <div class=\"row english2\" align=\"left\" dir=\"ltr\" style=\"display:none; margin-top:10px\"> <div class=\"col-lg-12\"> <span class=\"translationheading\">English Short Commentary</span><br> <span class=\"translationtext\"> Then <i>Moses </i>prayed unto his Lord, ‘These are, indeed, a sinful people.’ </span> </div> </div> <div class=\"row urdu\" align=\"right\" dir=\"rtl\" style=\"margin-top:10px\"> <div class=\"col-lg-12\"> <span class=\"translationheading\">اُردو</span><br> <span class=\"urdutarjma\">پس اس نے اپنے ربّ کو پکارا کہ یہ ایک مجرم قوم ہیں۔</span> </div> </div> <div class=\"row urdu2\" align=\"right\" dir=\"rtl\" style=\"display:none; margin-top:10px\"> <div class=\"col-lg-12\"> <span class=\"translationheading\">اُردو تفسیر صغیر</span><br> <span class=\"urdutarjma\">اس پر موسیٰ نے اپنے رب کو پکارا اور کہا کہ یہ قوم تو مجرم ہے (مجھ پر ایمان لاتی ہوئی نظر نہیں آتی) ۔</span> </div> </div> <div class=\"row french\" align=\"left\" dir=\"ltr\" style=\"display:none; margin-top:10px\"> <div class=\"col-lg-12\"> <span class=\"translationheading\">Français</span><br> <span class=\"translationtext\">Alors, il pria son Seigneur, <em>en disant</em> : « Ceux-ci sont en vérité un peuple pécheur. »</span> </div> </div> <div class=\"row spanish\" align=\"left\" dir=\"ltr\" style=\"display:none; margin-top:10px\"> <div class=\"col-lg-12\"> <span class=\"translationheading\">Español</span><br> <span class=\"translationtext\">Entonces suplicó a su Señor <em>diciendo</em>: “Son, en verdad, un pueblo pecador”.</span> </div> </div> <div class=\"row german\" align=\"left\" dir=\"ltr\" style=\"display:none; margin-top:10px\"> <div class=\"col-lg-12\"> <span class=\"translationheading\">Deutsch</span><br> <span class=\"translationtext\">Dann betete er zu seinem Herrn (und sprach): \"Diese sind ein sündhaftes Volk.\"</span> </div> </div> <div class=\"row links\" style=\"margin-top:10px;\"> <div class=\"col-lg-12 center\"> <font size=\"-1\" style=\"font-family:Arial, Helvetica, sans-serif; color: #777\"> Read: <a target=\"_blank\" href=\"/quran/tafseer/?verse=44:23&region=E1&CR=E3,E2\" title=\"English Translation with Detailed Commentary with Meanings of Some Key Words\">Detailed English Commentary</a> | <a href=\"/quran/tafseer/?verse=44:23&region=TS&CR=UR,P1,H1,T1\" title=\"Urdu Tafseer-e-Saghir alongwith other Tafaseer\" target=\"_blank\">Urdu Tafaseer <font style=\"font-family: 'Jameel Noori Nastaleeq', -apple-system, BlinkMacSystemFont, 'Urdu Naskh Asiatype', 'Nafees Web Naskh';\">اردو تفاسیر</font></a> </font> </div></div> <hr size='1'> <div class=\"row\" id=\"Arabic24\" class='indopak' style=\"padding: 5px\"> <div class=\"col-lg-1\"> <a name=\"Arabic24\"></a> <font color=\"#939598\" style=\"font-size:1.1em\"> [<a href='/quran/44:24' style='text-decoration:underline'>44:24</a>]</font> </div> <div class=\"col-lg-1\"> <button onclick=\"aud_play_pause(24)\"><i class=\"fa fa-play\" style=\"color: #777\" aria-hidden=\"true\" id=\"control24\"></i></button> <audio id=\"player24\" class=\"audioplayer\" /> </div><div class=\"col-lg-10\" align=\"right\" dir=\"rtl\"></div> </div> <div class=\"row\"> <div class=\"col-lg-12\" align=\"right\" dir=\"rtl\"> <p class=\"arabicverse\">فَاَسۡرِ بِعِبَادِیۡ لَیۡلًا اِنَّکُمۡ مُّتَّبَعُوۡنَ ﴿ۙ۲۴﴾ </p> </div> </div> <div class=\"row english\" align=\"left\" dir=\"ltr\" style=\"margin-top:10px\"> <div class=\"col-lg-12\"> <span class=\"translationheading\">English</span><br> <span class=\"translationtext\"><I> God said</I>, ‘Take My servants away by night; for you will surely be pursued.</span> </div> </div> <div class=\"row english2\" align=\"left\" dir=\"ltr\" style=\"display:none; margin-top:10px\"> <div class=\"col-lg-12\"> <span class=\"translationheading\">English Short Commentary</span><br> <span class=\"translationtext\"> <i>Allah said</i>, ‘Take My servants away by night; <sup class='ref'>[<a class='ref' data-id='ref_44_24_a' href='#'>a</a>]</sup><i>for </i>you will surely, be pursued.’ <div class=\"footnote\"> <span class='collapsible plus' data-id='ref_44_24_a'>a</span></div> <div><div class='reference' data-id='ref_44_24_a' style='display:none'> <p><b>a.</b> <a href='/quran/10:91' target=_blank>10:91</a>; <a href='/quran/20:79' target=_blank>20:79</a>; <a href='/quran/26:61' target=_blank>26:61</a>. (<a href='javascript:void(0)' data-id='ref_44_24_a' class='ref'>close</a>)</p> </div> </div> </span> </div> </div> <div class=\"row urdu\" align=\"right\" dir=\"rtl\" style=\"margin-top:10px\"> <div class=\"col-lg-12\"> <span class=\"translationheading\">اُردو</span><br> <span class=\"urdutarjma\">پس تو میرے بندوں کو ساتھ لے کر رات کے وقت روانہ ہو۔ یقیناً تمہارا پیچھا کیا جائے گا۔</span> </div> </div> <div class=\"row urdu2\" align=\"right\" dir=\"rtl\" style=\"display:none; margin-top:10px\"> <div class=\"col-lg-12\"> <span class=\"translationheading\">اُردو تفسیر صغیر</span><br> <span class=\"urdutarjma\">تب (خدا نے) کہا‘ تو میرے بندوں کو راتوں رات (اس ملک سے) نکال کر لے جا اور یہ خیال رکھ کہ قوم فرعون تمہارا پیچھا کرے گی۔ </span> </div> </div> <div class=\"row french\" align=\"left\" dir=\"ltr\" style=\"display:none; margin-top:10px\"> <div class=\"col-lg-12\"> <span class=\"translationheading\">Français</span><br> <span class=\"translationtext\"><em>. Allāh dit</em> : « Emmène Mes serviteurs pendant la nuit, car vous serez sûrement poursuivis.</span> </div> </div> <div class=\"row spanish\" align=\"left\" dir=\"ltr\" style=\"display:none; margin-top:10px\"> <div class=\"col-lg-12\"> <span class=\"translationheading\">Español</span><br> <span class=\"translationtext\"><em>Dios dijo:</em> “Llévate a mis siervos por la noche; pues ciertamente seréis perseguidos”.</span> </div> </div> <div class=\"row german\" align=\"left\" dir=\"ltr\" style=\"display:none; margin-top:10px\"> <div class=\"col-lg-12\"> <span class=\"translationheading\">Deutsch</span><br> <span class=\"translationtext\">(Gott sprach:) \"Nimm Meine Diener des Nachts hinfort; ihr werdet verfolgt werden.", "spanish": " “ Y si no me creéis, manteneos apartados de mí”.", "urdu": " اور اگر تم مجھ پر ایمان نہیں لاتے‘ تو (کم سے کم یہ تو کرو کہ) مجھ کو بالکل اکیلا چھوڑ دو۔"}, {"arabic": " وَ اتۡرُکِ الۡبَحۡرَ رَہۡوًا ؕ اِنَّہُمۡ جُنۡدٌ مُّغۡرَقُوۡنَ ﴿۲۵﴾", "english": " ‘And leave thou the sea at a time when it is motionless. Surely, they are a host that are doomed to be drowned.’", "french": " Et laisse la mer derrière alors qu’elle sera basse et calme. Assurément, c’est une armée destinée à être noyée. »", "german": "", "spanish": " “ Y abandona el mar en un momento en el que esté bajo y en calma. En verdad, es un ejército destinado a ser ahogado”.", "urdu": " اور سمندر کو ٹیلوں پر سے گذرتے ہوئے پیچھے چھوڑ جا (یعنی ٹیلوں پر سے چلتے چلتے سمندر سے گذر جا) وہ (یعنی فرعون کا) لشکر تو غرق ہی ہو کر رہے گا۔"}, {"arabic": " کَمۡ تَرَکُوۡا مِنۡ جَنّٰتٍ وَّ عُیُوۡنٍ ﴿ۙ۲۶﴾", "english": " How many were the gardens and the springs that they left behind!", "french": " Que de jardins et de sources d’eau ont-ils laissés derrière eux !", "german": " Wie zahlreich waren die Gärten und die Quellen, die sie zurückließen!", "spanish": " ¡Cuántos jardines y manantiales dejaron detrás!", "urdu": " انہوں نے (یعنی فرعون کی قوم نے) اپنے پیچھے بہت سے باغ اور چشمے اور کھیتیاں اور بڑے آرام دہ مقام اور ایسی رہائش والی جگہیں جن میں خوب خوش رہا کرتے تھے چھوڑیں۔"}, {"arabic": " وَّ زُرُوۡعٍ وَّ مَقَامٍ کَرِیۡمٍ ﴿ۙ۲۷﴾", "english": " And the cornfields and the noble places!", "french": " Et que des champs cultivés et des lieux superbes !", "german": " Und die Kornfelder und die ehrenvollen Stätten!", "spanish": " ¡Los campos de trigo y los nobles lugares!", "urdu": " انہوں نے (یعنی فرعون کی قوم نے) اپنے پیچھے بہت سے باغ اور چشمے اور کھیتیاں اور بڑے آرام دہ مقام اور ایسی رہائش والی جگہیں جن میں خوب خوش رہا کرتے تھے چھوڑیں۔"}, {"arabic": " وَّ نَعۡمَۃٍ کَانُوۡا فِیۡہَا فٰکِہِیۡنَ ﴿ۙ۲۸﴾", "english": " And the comforts wherein they took delight!", "french": " Et que des conforts et douceurs qui faisaient leurs délices !", "german": " Und die Annehmlichkeiten, die sie genossen!", "spanish": " ¡Y las comodidades en las que se complacían!", "urdu": " انہوں نے (یعنی فرعون کی قوم نے) اپنے پیچھے بہت سے باغ اور چشمے اور کھیتیاں اور بڑے آرام دہ مقام اور ایسی رہائش والی جگہیں جن میں خوب خوش رہا کرتے تھے چھوڑیں۔"}, {"arabic": " کَذٰلِکَ ۟ وَ اَوۡرَثۡنٰہَا قَوۡمًا اٰخَرِیۡنَ ﴿۲۹﴾", "english": " Thus it was destined to be . And We made another people inherit these things.", "french": " Il en fut ainsi. Et Nous donnâmes ces choses en héritage à un autre peuple.", "german": " So geschah´s. Und Wir gaben diese Dinge einem anderen Volk zum Erbe.", "spanish": " Así estaba destinado a ser. E hicimos que otro pueblo heredara estas cosas.", "urdu": " اسی طرح ہوا‘ اور ہم نے ان سب چیزوں کا وارث ایک اور قوم کو کر دیا۔"}, {"arabic": " فَمَا بَکَتۡ عَلَیۡہِمُ السَّمَآءُ وَ الۡاَرۡضُ وَ مَا کَانُوۡا مُنۡظَرِیۡنَ ﴿٪۳۰﴾", "english": " And the heaven and the earth wept not for them, nor were they given a respite.", "french": " Et le ciel et la terre ne se lamentèrent pas pour eux et aucun répit ne leur fut accordé non plus.", "german": " Und Himmel und Erde weinten nicht über sie, noch ward ihnen Frist gegeben.", "spanish": " Los cielos y la tierra no lloraron por ellos, si se les concedió respiro.", "urdu": " پس آسمان اور زمین ان پر نہیں روئے۔ اور ان کو ڈھیل نہیں دی گئی۔"}, {"arabic": " وَ لَقَدۡ نَجَّیۡنَا بَنِیۡۤ اِسۡرَآءِیۡلَ مِنَ الۡعَذَابِ الۡمُہِیۡنِ ﴿ۙ۳۱﴾", "english": " And We delivered the children of Israel from the abasing torment", "french": " Et Nous délivrâmes les Enfants d’Israël du supplice avilissant", "german": " Und Wir erretteten die Kinder Israels vor der schimpflichen Pein", "spanish": " Y libramos a los hijos de Israel del suplicio humillante", "urdu": " اور ہم نے بنی اسرائیل کو فرعون کی طرف سے ملنے والے رُسوا کن عذاب سے نجات دی تھی۔"}, {"arabic": " مِنۡ فِرۡعَوۡنَ ؕ اِنَّہٗ کَانَ عَالِیًا مِّنَ الۡمُسۡرِفِیۡنَ ﴿۳۲﴾", "english": " Inflicted by Pharaoh; he was surely haughty even among the extravagant.", "french": " Infligé par Pharaon ; il était assurément orgueilleux, même parmi ceux qui exagèrent.", "german": " vor Pharao; denn er war hochmütig, einer der Maßlosen.", "spanish": " Infligido por el Faraón; fue en verdad arrogante y de los extraviados.", "urdu": " اور وہ (یعنی فرعون) بڑا متکبر تھا اور حد سے بڑھا ہوا تھا۔"}, {"arabic": " وَ لَقَدِ اخۡتَرۡنٰہُمۡ عَلٰی عِلۡمٍ عَلَی الۡعٰلَمِیۡنَ ﴿ۚ۳۳﴾", "english": " And We chose them knowingly above the peoples of their time .", "french": " Et Nous les avons élus expressément au-dessus des peuples de leur époque .", "german": " Und Wir erwählten sie, auf Grund (Unseres) Wissens, vor den Völkern.", "spanish": " Los elegimos conociendo sus méritos, por encima de otros pueblos de su época.", "urdu": " اور ہم نے بنی اسرائیل کو اپنے زمانہ کی تمام قوموں پر ان کے حالات کی بنا پر فضیلت دی تھی۔"}, {"arabic": " وَ اٰتَیۡنٰہُمۡ مِّنَ الۡاٰیٰتِ مَا فِیۡہِ بَلٰٓـؤٌا مُّبِیۡنٌ ﴿۳۴﴾", "english": " And We gave them some Signs wherein was a clear trial.", "french": " Et Nous leur avons donné des Signes, dans lesquels il y avait une épreuve évidente.", "german": " Und Wir gaben ihnen eines der Zeichen, in welchem eine offenkundige Prüfung war.", "spanish": " Y les dimos algunos Signos en los que había una prueba clara.", "urdu": " اور ہم نے ان کے پاس ایسے نشانوں میں سے ایک نشان بھیجا تھا جس میں ان کی بڑی آزمائش تھی۔"}, {"arabic": " اِنَّ ہٰۤؤُلَآءِ لَیَقُوۡلُوۡنَ ﴿ۙ۳۵﴾", "english": " These people do say:", "french": " Ces gens-ci certainement diront :", "german": " Fürwahr, diese behaupten:", "spanish": " Esta gente dice:", "urdu": " یہ لوگ (یعنی اہل مکہ) کہتے ہیں۔"}, {"arabic": " اِنۡ ہِیَ اِلَّا مَوۡتَتُنَا الۡاُوۡلٰی وَ مَا نَحۡنُ بِمُنۡشَرِیۡنَ ﴿۳۶﴾", "english": " ‘It is but our first and only death, after which there is no life and we shall not be raised again.", "french": " « Ce n’est que notre première et seule mort, après laquelle il n'y a pas de vie et nous ne serons pas ressuscités.", "german": " „Es gibt nur unseren ersten Tod, und wir werden nicht wiedererweckt werden.", "spanish": " “Es sólo nuestra primera y única muerte, después de la cual no hay vida y no seremos resucitados.", "urdu": " ہم کو صرف پہلی موت سے واسطہ پڑے گا اور ہم کو پھر زندہ کرکے نہیں کھڑا کیا جائے گا۔"}, {"arabic": " فَاۡتُوۡا بِاٰبَآئِنَاۤ اِنۡ کُنۡتُمۡ صٰدِقِیۡنَ ﴿۳۷﴾", "english": " ‘So bring back our fathers, if you speak the truth.’", "french": " Ramenez donc nos ancêtres, si vous êtes véridiques. »", "german": "", "spanish": " Devolvednos, pues, a nuestros padres, si decís la verdad”.", "urdu": " پس اگر تم سچے ہو تو ہمارے باپ دادوں کو دوبارہ اس دنیا میں لاکر دکھادو۔"}, {"arabic": " اَہُمۡ خَیۡرٌ اَمۡ قَوۡمُ تُبَّعٍ ۙ وَّ الَّذِیۡنَ مِنۡ قَبۡلِہِمۡ ؕ اَہۡلَکۡنٰہُمۡ ۫ اِنَّہُمۡ کَانُوۡا مُجۡرِمِیۡنَ ﴿۳۸﴾", "english": " Are they better or the people of Tubba‘ and those before them? We destroyed them because they were sinful.", "french": " Valent-ils mieux, eux, ou le peuple de Tubba’ et leurs devanciers ? Nous les avions anéantis parce qu’ils étaient pécheurs.", "german": " Sind sie besser oder das Volk des Tubba und jene, die vor ihnen waren? Wir vertilgten sie, denn sie waren Sünder.", "spanish": " ¿Acaso son mejores que el pueblo de Tubba y que los que les precedieron? Los destruimos porque eran pecadores.", "urdu": " کیا وہ اچھے ہیں یا تبع کی قوم‘ اور وہ لوگ جو تبع سے پہلے تھے (دنیوی طاقت میں ان سے اچھے تھے) ہم نے ان سب کو ہلاک کر دیا‘ وہ لوگ یقیناً مجرم تھے۔"}, {"arabic": " وَ مَا خَلَقۡنَا السَّمٰوٰتِ وَ الۡاَرۡضَ وَ مَا بَیۡنَہُمَا لٰعِبِیۡنَ ﴿۳۹﴾", "english": " And We created not the heavens and the earth, and all that is between them, in sport.", "french": " Et ce n’est pas par jeu que Nous avons créé les cieux et la terre, et tout ce qui est entre eux.", "german": " Und Wir schufen die Himmel und die Erde, und was zwischen beiden ist, nicht im Spiel.", "spanish": " No creamos los cielos y la tierra y todo lo que hay entre ellos por diversión.", "urdu": " اور آسمانوں اور زمین کو اور جو کچھ ان کے درمیان ہے ہم نے کھیلتے ہوئے نہیں پیدا کیا۔"}, {"arabic": " مَا خَلَقۡنٰہُمَاۤ اِلَّا بِالۡحَقِّ وَ لٰکِنَّ اَکۡثَرَہُمۡ لَا یَعۡلَمُوۡنَ ﴿۴۰﴾", "english": " We created them not but with the requirements of truth and justice , but most of them understand not.", "french": " Nous ne les avons créés qu’en toute vérité, mais la plupart d’entre eux ne comprennent pas.", "german": " Wir erschufen sie allein in Weisheit, jedoch die meisten von ihnen verstehen es nicht.", "spanish": " No los creamos sino con los requisitos de la verdad y la justicia , pero la mayoría de ellos no lo entienden.", "urdu": " ہم نے ان کو صرف ایک دائمی رہنے والے مقصد کے لئے پیدا کیا تھا۔ لیکن ان میں سے اکثر جانتے نہیں۔"}, {"arabic": " اِنَّ یَوۡمَ الۡفَصۡلِ مِیۡقَاتُہُمۡ اَجۡمَعِیۡنَ ﴿ۙ۴۱﴾", "english": " Verily, the Day of Decision is the appointed time for all of them,", "french": " En vérité, le Jour de la Décision est le terme désigné pour eux tous,", "german": " Der Tag der Entscheidung ist die festgesetzte Zeit für sie alle,", "spanish": " En verdad, el Día de la Decisión es el día fijado para todos ellos.", "urdu": " فیصلہ کا دن ان سب کا موعود وقت ہے۔"}, {"arabic": " یَوۡمَ لَا یُغۡنِیۡ مَوۡلًی عَنۡ مَّوۡلًی شَیۡئًا وَّ لَا ہُمۡ یُنۡصَرُوۡنَ ﴿ۙ۴۲﴾", "english": " The Day when a friend shall not avail a friend at all, nor shall they be helped,", "french": " Le jour où un ami ne sera d’aucune utilité à un autre ami, et où ils ne seront point aidés,", "german": " der Tag, an dem der Freund dem Freunde nichts nützen kann, noch sollen sie Hilfe finden,", "spanish": " El Día en que un amigo no servirá en absoluto a su amigo, ni serán ayudados.", "urdu": " جس دن کوئی دوست کسی دوست کی ضرورت پوری نہیں کر سکے گا اور نہ ان میں سے کسی کی مدد کی جائے گی۔"}, {"arabic": " اِلَّا مَنۡ رَّحِمَ اللّٰہُ ؕ اِنَّہٗ ہُوَ الۡعَزِیۡزُ الرَّحِیۡمُ ﴿٪۴۳﴾", "english": " Save those to whom Allah shows mercy. Surely, He is the Mighty, the Merciful.", "french": " Sauf ceux à qui Allāh fait miséricorde. Assurément, Il est le Puissant, le Miséricordieux.", "german": " die ausgenommen, deren Allah Sich erbarmt; denn Er ist der Allmächtige, der Barmherzige.", "spanish": " Excepto aquellos a quienes Al-lah muestre misericordia. En verdad, Él es el Poderoso, el Misericordioso.", "urdu": " صرف (اسی کی مدد کی جائے گی) جس پر اللہ رحم کرے گا۔ وہ غالب (اور) بے انتہا کرم کرنے والا ہے۔"}, {"arabic": " اِنَّ شَجَرَتَ الزَّقُّوۡمِ ﴿ۙ۴۴﴾", "english": " Verily, the tree of Zaqqum", "french": " En vérité, l’arbre de Zaqqūm", "german": " Siehe, der Baum Saqqûm", "spanish": " Ciertamente, el árbol de Zaqqum.", "urdu": " تھوہر کا درخت یقیناً"}, {"arabic": " طَعَامُ الۡاَثِیۡمِ ﴿ۖۛۚ۴۵﴾", "english": " Will be the food of the sinful,", "french": " Sera la nourriture des pécheurs,", "german": " ist die Speise des Sünders.", "spanish": " Será el alimento del pecador,", "urdu": " گناہ گار کا کھانا ہے۔"}, {"arabic": " کَالۡمُہۡلِ ۚۛ یَغۡلِیۡ فِی الۡبُطُوۡنِ ﴿ۙ۴۶﴾", "english": " Like molten copper, it will boil in their bellies,", "french": " Comme du cuivre fondu, il bouillira dans leur ventre,", "german": " Wie geschmolzenes Erz wird er brodeln in (ihren) Bäuchen,", "spanish": " Como cobre fundido, hervirá en sus entrañas,", "urdu": " پیپ کی مانند بدمزہ جوپیٹوں میںپگھلائے ہوئے تانبا کی طرح اُبلے گا۔"}, {"arabic": " کَغَلۡیِ الۡحَمِیۡمِ ﴿۴۷﴾", "english": " Like the boiling of scalding water.", "french": " Comme le bouillonnement de l’eau bouillante.", "german": " wie das Brodeln kochenden Wassers.", "spanish": " Como el borboteo del agua hirviente.", "urdu": " جس طرح گرم پانی اُبلتا ہے۔"}, {"arabic": " خُذُوۡہُ فَاعۡتِلُوۡہُ اِلٰی سَوَآءِ الۡجَحِیۡمِ ﴿٭ۖ۴۸﴾", "english": " ‘Seize him and drag him into the midst of the blazing Fire;", "french": " « Saisissez-le et entraînez-le au milieu de la Fournaise ;", "german": " „Ergreift ihn und zerrt ihn in die Mitte des flammenden Feuers;", "spanish": " Ordenaremos a los ángeles : “Agarradle y arrastradle al centro del Fuego llameante”;", "urdu": " اور ہم فرشتوں سے کہیں گے اس گنہگار کو پکڑ لو۔ اور جہنم کے درمیان تک اس کو گھسیٹتے ہوئے لے جاٶ۔"}, {"arabic": " ثُمَّ صُبُّوۡا فَوۡقَ رَاۡسِہٖ مِنۡ عَذَابِ الۡحَمِیۡمِ ﴿ؕ۴۹﴾", "english": " ‘Then pour upon his head the torment of boiling water.’", "french": " Ensuite versez sur sa tête le supplice de l’eau bouillante. »", "german": " dann gießet auf sein Haupt die Pein des siedenden Wassers.", "spanish": " “ Luego verted sobre su cabeza el tormento del agua hirviendo”.", "urdu": " پھر اس کے سر پر بہت سا گرم پانی ڈال دو جس سے اسے سخت گرمی کا عذاب پہنچے گا۔"}, {"arabic": " ذُقۡ ۚۙ اِنَّکَ اَنۡتَ الۡعَزِیۡزُ الۡکَرِیۡمُ ﴿۵۰﴾", "english": " ‘Taste it ! Thou didst consider thyself the mighty, the honourable.", "french": " Goûtes- en ! Tu t ’es considéré assurément comme le puissant, l’honorable.", "german": " Koste! Du hieltest dich für den Mächtigen, den Angesehenen.", "spanish": " “ ¡Pruébalo! Te consideraste poderoso, honorable.", "urdu": " (اور ہم اس شخص سے کہیں گے) تو یہ عذاب چکھ تو (اپنے خیال میں) غالب (اور) عزت والا تھا۔"}, {"arabic": " اِنَّ ہٰذَا مَا کُنۡتُمۡ بِہٖ تَمۡتَرُوۡنَ ﴿۵۱﴾", "english": " ‘This indeed is what you did doubt.’", "french": " Ceci en vérité est ce dont vous doutiez. »", "german": "", "spanish": " “ Sobre esto es en verdad sobre lo que dudabais”.", "urdu": " (پھر کہیں گے) یہی تو ہے‘ جس کے بارہ میں تم شبہ کیا کرتے تھے۔"}, {"arabic": " اِنَّ الۡمُتَّقِیۡنَ فِیۡ مَقَامٍ اَمِیۡنٍ ﴿ۙ۵۲﴾", "english": " Verily, the righteous will be in a place of security,", "french": " En vérité, les pieux seront dans un lieu de paix et de sécurité,", "german": " Wahrlich, die Rechtschaffenen werden in einer Stätte der Sicherheit sein,", "spanish": " En verdad, los justos estarán en un lugar seguro,", "urdu": " متقی یقیناً ایک امن والے مقام میں رہیں گے۔"}, {"arabic": " فِیۡ جَنّٰتٍ وَّ عُیُوۡنٍ ﴿ۚۙ۵۳﴾", "english": " And gardens and springs,", "french": " Au milieu des jardins et des sources d’eau,", "german": " unter Gärten und Quellen:", "spanish": " Entre jardines y manantiales,", "urdu": " یعنی جنتوں اور چشموں میں۔"}, {"arabic": " یَّلۡبَسُوۡنَ مِنۡ سُنۡدُسٍ وَّ اِسۡتَبۡرَقٍ مُّتَقٰبِلِیۡنَ ﴿ۚۙ۵۴﴾", "english": " Attired in fine silk and heavy brocade, facing one another.", "french": " Parés de soie fine et de brocart lourd , se faisant face.", "german": " Gekleidet in feine Seide und schweren Brokat, einander gegenüber sitzend.", "spanish": " Vestidos de fina seda y grueso brocado, situados frente a frente.", "urdu": " وہ ریشم اور تافتہ پہنیں گے۔ اور ایک دوسرے کے مقابل پر بیٹھے ہوئے ہوں گے۔"}, {"arabic": " کَذٰلِکَ ۟ وَ زَوَّجۡنٰہُمۡ بِحُوۡرٍ عِیۡنٍ ﴿ؕ۵۵﴾", "english": " Thus will it be . And We shall consort them with fair maidens, having wide, beautiful eyes.", "french": " Il en sera ainsi. Et Nous leur donnerons comme compagnes des vierges aux yeux grands et beaux.", "german": " So (wird es sein). Und Wir werden sie mit holdseligen Mädchen vermählen, die große, herrliche Augen haben.", "spanish": " Así será. Y los desposaremos con mujeres justas, de ojos grandes y bellos.", "urdu": " (ایسا ہی ہوگا) اور ہم ان کو ساتھی کے طور پر بڑی بڑی سیاہ آنکھوں والی عورتیں دیں گے۔"}, {"arabic": " یَدۡعُوۡنَ فِیۡہَا بِکُلِّ فَاکِہَۃٍ اٰمِنِیۡنَ ﴿ۙ۵۶﴾", "english": " They will call therein for every kind of fruit, in peace and security.", "french": " Ils pourront y demander toutes sortes de fruits, en paix et en sécurité.", "german": " Sie werden dort nach Früchten jeder Art rufen, in Frieden und Sicherheit.", "spanish": " Pedirán allí toda clase de fruta, en paz y seguridad.", "urdu": " وہ ان جنتوں میں ہر قسم کے میوے منگوائیں گے اور امن سے (زندگی) بسر کریں گے۔"}, {"arabic": " لَا یَذُوۡقُوۡنَ فِیۡہَا الۡمَوۡتَ اِلَّا الۡمَوۡتَۃَ الۡاُوۡلٰی ۚ وَ وَقٰہُمۡ عَذَابَ الۡجَحِیۡمِ ﴿ۙ۵۷﴾", "english": " They will not taste death therein, other than the first death. And He will save them from the punishment of the blazing Fire,", "french": " Ils n’y goûteront pas la mort, autre que la première. Et Il les préservera du châtiment de la Fournaise de l’Enfer ,", "german": " Den Tod werden sie dort nicht kosten, außer dem ersten Tod. Und Er wird sie vor der Strafe des flammenden Feuers bewahren,", "spanish": " No sufrirán la muerte, excepto la primera. Y Él los salvará del castigo del Fuego llameante.", "urdu": " اُن کو ان (جنتوں) میں کوئی موت نہیں آئے گی‘ سوائے پہلی موت کے (جو اخروی زندگی سے پہلے آچکی ہے) اور اللہ ان کو دوزخ کے عذاب سے بچائے گا۔"}, {"arabic": " فَضۡلًا مِّنۡ رَّبِّکَ ؕ ذٰلِکَ ہُوَ الۡفَوۡزُ الۡعَظِیۡمُ ﴿۵۸﴾", "english": " As an act of grace from thy Lord. That is the supreme triumph.", "french": " Comme une faveur de la part de ton Seigneur. C’est là le triomphe suprême.", "german": " als eine Gnade von deinem Herrn. Das ist die höchste Glückseligkeit.", "spanish": " Como acto de gracia de tu Señor. Ése es el triunfo supremo.", "urdu": " یہ بھی تیرے رب کی طرف سے فضل کے طور پر ہوگا (نہ کہ حق کے طور پر) اور یہ ایک بہت بڑی کامیابی ہے۔"}, {"arabic": " فَاِنَّمَا یَسَّرۡنٰہُ بِلِسَانِکَ لَعَلَّہُمۡ یَتَذَکَّرُوۡنَ ﴿۵۹﴾", "english": " And We have made it (the Qur’an) easy in thy tongue that they may give heed.", "french": " Et Nous l'avons rendu - le Coran facile dans ta langue, afin qu’ils prêtent attention.", "german": " Wir haben ihn (den Qur-ân) leicht gemacht in deiner Zunge, damit sie sich ermahnen lassen.", "spanish": " Y lo hemos hecho (al Corán) fácil en tu lengua para que reflexionen.", "urdu": " سو سن لے کہ ہم نے اس قرآن کو تیری زبان میں آسان کرکے اتارا ہے تا کہ یہ لوگ (عرب والے) اس سے نصیحت حاصل کر سکیں۔"}, {"arabic": " فَارۡتَقِبۡ اِنَّہُمۡ مُّرۡتَقِبُوۡنَ ﴿٪۶۰﴾", "english": " So wait thou; they too are waiting.", "french": " Attends donc ; certainement eux aussi, ils attendent.", "german": " Warte drum; auch sie warten.", "spanish": " Espera, pues, tú; ellos también están esperando,", "urdu": " پس تو بھی انجام کا انتظار کر‘ وہ بھی انتظار کریں گے۔"}], "Surah": 44}