{"Ayats": [{"arabic": " بِسۡمِ اللّٰہِ الرَّحۡمٰنِ الرَّحِیۡمِ﴿۱﴾", "english": " In the name of Allah, the Gracious, the Merciful.", "french": " Au nom d’Allāh, le Gracieux, le Miséricordieux.", "german": " Im Namen Allahs, des Gnädigen, des Barmherzigen.", "spanish": " En el nombre de Al-lah, el Clemente, el Misericordioso.", "urdu": " (میں) اللہ کا نام لے کر جو بے حد کرم کرنے والا (اور) باربار رحم کرنے والا ہے (پڑھتا ہوں) ۔"}, {"arabic": " وَ الطُّوۡرِ ۙ﴿۲﴾", "english": " By the Mount;", "french": " Par le Mont ;", "german": " Bei dem Berge (Tür);", "spanish": " Por el Monte;", "urdu": " میں طور کو شہادت کے طور پر پیش کرتا ہوں۔"}, {"arabic": " وَ کِتٰبٍ مَّسۡطُوۡرٍ ۙ﴿۳﴾", "english": " And by the Book inscribed", "french": " Et par un Livre inscrit", "german": " und bei dem Buch, das geschrieben", "spanish": " Y por el Libro escrito", "urdu": " اور (اس) لکھی ہوئی کتاب کو بھی۔"}, {"arabic": " فِیۡ رَقٍّ مَّنۡشُوۡرٍ ۙ﴿۴﴾", "english": " On parchment unfolded;", "french": " Sur fin parchemin déployé ;", "german": " auf feinem, ausgebreitetem Pergament;", "spanish": " En pergamino desplegado;", "urdu": " (جو) کھلے ہوئے کاغذوں پر (لکھی گئی ہے) ۔"}, {"arabic": " وَّ الۡبَیۡتِ الۡمَعۡمُوۡرِ ۙ﴿۵﴾", "english": " And by the frequented House;", "french": " Et par la Maison toujours fréquentée ;", "german": " und bei dem viel besuchten Haus;", "spanish": " Por la Casa frecuentada;", "urdu": " اور خانہ کعبہ کو جو ہمیشہ آباد رہے گا۔"}, {"arabic": " وَ السَّقۡفِ الۡمَرۡفُوۡعِ ۙ﴿۶﴾", "english": " And by the elevated Roof;", "french": " Et par la Voûte élevée ;", "german": " und bei (seinem) erhöhten Dach;", "spanish": " Por el Techo elevado;", "urdu": " اور اس چھت کو جو ہمیشہ بلند رہے گی۔"}, {"arabic": " وَ الۡبَحۡرِ الۡمَسۡجُوۡرِ ۙ﴿۷﴾", "english": " And by the swollen sea;", "french": " Et par l’océan gonflé ;", "german": " und beim geschwellten Ozean;", "spanish": " Y por el mar encrespado;", "urdu": " اور جوش مارنے والے سمندر کو۔"}, {"arabic": " اِنَّ عَذَابَ رَبِّکَ لَوَاقِعٌ ۙ﴿۸﴾", "english": " The punishment of thy Lord shall certainly come to pass;", "french": " Certainement, le châtiment de ton Seigneur se réalisera.", "german": " die Strafe deines Herrn trifft sicher ein.", "spanish": " El castigo de tu Señor ciertamente caerá;", "urdu": " تیرے رب کی طرف سے عذاب ضرور نازل ہو کر رہے گا۔"}, {"arabic": " مَّا لَہٗ مِنۡ دَافِعٍ ۙ﴿۹﴾", "english": " There is none that can avert it.", "french": " Personne ne peut le repousser.", "german": " Keinen gibt es, der sie abzuwenden vermöchte", "spanish": " No hay nadie que pueda desviarlo.", "urdu": " اسے کوئی دور کرنے والا نہیں۔"}, {"arabic": " یَّوۡمَ تَمُوۡرُ السَّمَآءُ مَوۡرًا ۙ﴿۱۰﴾", "english": " On the day when the heaven will heave with awful heaving,", "french": " Le jour où le ciel sera secoué d’un secouement terrible,", "german": " am Tage, da der Himmel furchtbar schwanken wird", "spanish": " En el día en que el cielo oscilará con gran conmoción.", "urdu": " جس دن بادل لہریں مارنے لگے گا۔"}, {"arabic": " وَّ تَسِیۡرُ الۡجِبَالُ سَیۡرًا ﴿ؕ۱۱﴾", "english": " And the mountains will move, with terrible moving,", "french": " Et où les montagnes se déplaceront rapidement.", "german": " und die Berge sich vom Platze bewegen werden.", "spanish": " Y las montañas temblarán con un gran movimiento,", "urdu": " اور پہاڑ اپنی پوری رفتار کے ساتھ چلیں گے۔"}, {"arabic": " فَوَیۡلٌ یَّوۡمَئِذٍ لِّلۡمُکَذِّبِیۡنَ ﴿ۙ۱۲﴾", "english": " Then woe that day to those who reject the truth,", "french": " Alors, malheur ce jour-là à ceux qui rejettent la vérité,", "german": " Wehe also an jenem Tage denen, die die Wahrheit verwerfen,", "spanish": " ¡Ay! en ese día a quienes rechazan la verdad,", "urdu": " پس اس دن جھٹلانے والوں پر عذاب نازل ہوگا۔"}, {"arabic": " الَّذِیۡنَ ہُمۡ فِیۡ خَوۡضٍ یَّلۡعَبُوۡنَ ﴿ۘ۱۳﴾", "english": " Who sportingly indulge in idle talk.", "french": " Qui s’amusent dans de vains discours !", "german": " die sich mit eitler Rede vergnügen.", "spanish": " Quienes se dedican ociosamente a conversaciones vanas!", "urdu": " (یعنی ان لوگوں پر) جو گند اچھال اچھال کر کھیل رہے تھے۔"}, {"arabic": " یَوۡمَ یُدَعُّوۡنَ اِلٰی نَارِ جَہَنَّمَ دَعًّا ﴿ؕ۱۴﴾", "english": " The day when they shall be thrust into the fire of Hell with a violent thrust.", "french": " Le jour où ils seront jetés brutalement dans le feu de l’Enfer.", "german": " Am Tage, da sie ins Feuer der Hölle gestoßen werden mit Gewalt:", "spanish": " El día en que serán arrojados al fuego del Infierno con un impulso violento.", "urdu": " جس دن ان سب کو جہنم کی آگ کی طرف دھکے دے کر لے جایا جائے گا۔"}, {"arabic": " ہٰذِہِ النَّارُ الَّتِیۡ کُنۡتُمۡ بِہَا تُکَذِّبُوۡنَ ﴿۱۵﴾", "english": " ‘This is the Fire which you treated as a lie.", "french": " « Voici le Feu que vous niiez.", "german": " „Das ist das Feuer, das ihr zu leugnen pflegtet.", "spanish": " “Éste es el Fuego, al que tratasteis como falso”.", "urdu": " (اور کہا جائے گا) یہی وہ آگ ہے جس کا تم انکار کیا کرتے تھے۔"}, {"arabic": " اَفَسِحۡرٌ ہٰذَاۤ اَمۡ اَنۡتُمۡ لَا تُبۡصِرُوۡنَ ﴿ۚ۱۶﴾", "english": " ‘Is this then magic, or do you not see?", "french": " Est-ce que cela est de la magie, ou ne voyez-vous pas ?", "german": " Ist dies wohl Zauberwerk, oder seht ihr tatsächlich nicht?", "spanish": " ¿Acaso es esto magia, o es que no veis?”.", "urdu": " کیا یہ صرف ملمع سازی کی بات تھی یا درحقیقت تم اب بھی دیکھ نہیں رہے۔"}, {"arabic": " اِصۡلَوۡہَا فَاصۡبِرُوۡۤا اَوۡ لَا تَصۡبِرُوۡا ۚ سَوَآءٌ عَلَیۡکُمۡ ؕ اِنَّمَا تُجۡزَوۡنَ مَا کُنۡتُمۡ تَعۡمَلُوۡنَ ﴿۱۷﴾", "english": " ‘Burn ye therein; and whether you show patience or you show it not, it will be the same for you. You are requited only for what you used to do.’", "french": " Brûlez-y ; et que vous montriez de la patience ou que vous n’en montriez pas, ce sera égal pour vous. Vous êtes payés seulement pour ce que vous faisiez.", "german": "", "spanish": " “Quemaos en él; y tanto si mostráis paciencia como si no, os dará lo mismo. Únicamente sois retribuidos por lo que solíais hacer”.", "urdu": " (اگر یہ محض ایک خیال ہے تو بے دھڑک) اس میں داخل ہو جاٶ اور (خواہ) صبر کرو‘ یا نہ صبر کرو تمہارے لئے برابر ہے (جو ہونا ہے وہ ہو کر رہے گا) تم کو صرف تمہارے اعمال ہی کی جزا دی جارہی ہے۔"}, {"arabic": " اِنَّ الۡمُتَّقِیۡنَ فِیۡ جَنّٰتٍ وَّ نَعِیۡمٍ ﴿ۙ۱۸﴾", "english": " Verily, the righteous are in Gardens and in bliss,", "french": " En vérité, les pieux sont dans des Jardins et dans la Félicité,", "german": " Die Gerechten werden in Gärten und in Glückseligkeit sein,", "spanish": " En verdad, los justos están en los Jardines y en la bendición,", "urdu": " متقی جنتوں میں اور نعمتوں میں ہوں گے۔"}, {"arabic": " فٰکِہِیۡنَ بِمَاۤ اٰتٰہُمۡ رَبُّہُمۡ ۚ وَ وَقٰہُمۡ رَبُّہُمۡ عَذَابَ الۡجَحِیۡمِ ﴿۱۹﴾", "english": " Enjoying what their Lord has bestowed on them; and their Lord has saved them from the torment of the Fire.", "french": " Jouissant de ce que leur Seigneur leur a accordé ; et leur Seigneur les a protégés du supplice de la Fournaise de l’Enfer .", "german": " genießend die Gaben, die ihr Herr ihnen bescheren wird; und ihr Herr wird sie vor der Pein des Feuers bewahren.", "spanish": " Disfrutando de lo que su Señor les ha concedido; y su Señor los ha salvado del tormento del Fuego.", "urdu": " (اور) جو کچھ ان کا رب ان کو دے گا اس پر خوش ہوں گے اور ان کا رب ان کو دوزخ کے عذاب سے بچا لے گا۔"}, {"arabic": " کُلُوۡا وَ اشۡرَبُوۡا ہَنِیۡٓـًٔۢا بِمَا کُنۡتُمۡ تَعۡمَلُوۡنَ ﴿ۙ۲۰﴾", "english": " ‘Eat and drink in happiness because of what you used to do,", "french": " « Mangez et buvez joyeusement – une récompense pour ce que vous faisiez –", "german": " Esset und trinket und wohl bekomm´s, um dessentwillen, was ihr zu tun pflegtet.", "spanish": " “Comed y bebed alegremente como recompensa por lo que solíais hacer”,", "urdu": " (اور کہے گا کہ) کھاٶ اور پیئو (جو تمہیں دیا جاتا ہے) وہ تمہارے اعمال کی وجہ سے تمہارے لئے برکت والا ہوگا۔"}, {"arabic": " مُتَّکِئِیۡنَ عَلٰی سُرُرٍ مَّصۡفُوۡفَۃٍ ۚ وَ زَوَّجۡنٰہُمۡ بِحُوۡرٍ عِیۡنٍ ﴿۲۱﴾", "english": " ‘Reclining on couches arranged in rows.’ And We shall consort them with fair maidens having wide, beautiful eyes.", "french": " Accoudés sur des coussins sur des divans disposés en rangées. » Et Nous leur donnerons pour compagnes de belles jeunes filles aux yeux beaux et grands.", "german": " Gelehnt werden sie sein auf gereihten Ruhekissen. Und Wir werden sie mit schönen, großäugigen Mädchen vermählen.", "spanish": " “Recostándoos en lechos dispuestos en fila. Y los desposaremos con jóvenes agraciadas de ojos grandes y bellos” .", "urdu": " وہ اس دن صف بہ صف بچھے ہوئے چھپر کھٹوں پر تکیہ لگائے ہوئے بیٹھے ہونگے اور ہم ان کو بڑی بڑی سیاہ آنکھوں والی عورتیں جوڑے کے طور پر عطا کریں گے۔"}, {"arabic": " وَ الَّذِیۡنَ اٰمَنُوۡا وَ اتَّبَعَتۡہُمۡ ذُرِّیَّتُہُمۡ بِاِیۡمَانٍ اَلۡحَقۡنَا بِہِمۡ ذُرِّیَّتَہُمۡ وَ مَاۤ اَلَتۡنٰہُمۡ مِّنۡ عَمَلِہِمۡ مِّنۡ شَیۡءٍ ؕ کُلُّ امۡرِیًٴۢ بِمَا کَسَبَ رَہِیۡنٌ ﴿۲۲﴾", "english": " And those who believe and whose children follow them in faith — with them shall We join their children. And We will not diminish anything from the reward of their works. Every man stands pledged for what he has earned.", "french": " Et ceux qui croient, et dont les enfants les suivent dans la foi, Nous unirons avec eux leurs enfants. Et Nous ne diminuerons en rien la récompense de leurs œuvres. Chaque homme est responsable de ce qu’il a acquis.", "german": " Und diejenigen, die glauben und deren Nachkommen ihnen im Glauben folgen, mit denen wollen Wir ihre Nachkommen vereinen. Und Wir werden ihnen ihre Werke nicht im geringsten schmälern. Jedermann ist ein Pfand für das, was er gewirkt hat.", "spanish": " A quienes creen y cuyos hijos les siguen en la fe... reuniremos a sus hijos con ellos. Y no retiraremos nada de la recompensa de sus obras. Cada hombre es prenda de lo que ha conseguido.", "urdu": " اور جو لوگ ایمان لے آئے ہیں اور ان کی اولاد بھی ایمان کے معاملہ میں ان کے پیچھے چلی ہے ہم ان کے ساتھ اعلیٰ جنتوں میں ان کی اولاد کو بھی جمع کر دیں گے اور ان (باپ دادوں) کے عملوں میں بھی کوئی کمی نہیں کریں گے۔ ہر ایک شخص اپنے اعمال کے بدلہ میں گرو ہے۔"}, {"arabic": " وَ اَمۡدَدۡنٰہُمۡ بِفَاکِہَۃٍ وَّ لَحۡمٍ مِّمَّا یَشۡتَہُوۡنَ ﴿۲۳﴾", "english": " And We shall bestow upon them an abundance of fruit and meat such as they will wish for.", "french": " Et Nous leur accorderons une abondance de fruits et de viandes, comme ils le désireront.", "german": " Und Wir werden ihnen eine Fülle von Früchten und Fleisch bescheren, wie sie es nur wünschen mögen.", "spanish": " Y les concederemos toda la abundancia de fruta y carne que hayan deseado.", "urdu": " اور ہم ان کو ان کی خواہش کے مطابق قسم قسم کے پھل اور قسم قسم کا گوشت مہیا کریں گے۔"}, {"arabic": " یَتَنَازَعُوۡنَ فِیۡہَا کَاۡسًا لَّا لَغۡوٌ فِیۡہَا وَ لَا تَاۡثِیۡمٌ ﴿۲۴﴾", "english": " There they will pass from one to another a cup wherein is neither levity nor sin.", "french": " Là, ils se passeront de main en main une coupe dans laquelle il n’y a ni frivolité ni péché.", "german": " Dort werden sie einander einen Becher reichen von Hand zu Hand, worin weder Eitelkeit noch Sünde ist.", "spanish": " Allí pasarán de uno a otro una copa en la que no hay frivolidad ni pecado.", "urdu": " وہ اس میں ایسے پیالوں کے متعلق جھگڑیں گے جن کا نتیجہ نہ لغو بکنا ہوگا‘ اور نہ گناہ (کرنا ہوگا) ۔"}, {"arabic": " وَ یَطُوۡفُ عَلَیۡہِمۡ غِلۡمَانٌ لَّہُمۡ کَاَنَّہُمۡ لُؤۡلُؤٌ مَّکۡنُوۡنٌ ﴿۲۵﴾", "english": " And there will wait upon them youths of their own, as though they were pearls well-preserved.", "french": " Et des adolescents, tels des perles bien gardées, circuleront parmi eux pour les servir.", "german": " Und unter ihnen werden ihre Jünglinge aufwartend die Runde machen, gleich wohlbehüteten Perlen.", "spanish": " Y allí serán atendidos por jóvenes propios, como si fuesen perlas muy bien conservadas.", "urdu": " اور جوان خادم ہر وقت ان کی خدمت میں حاضر رہیں گے۔ گویا کہ وہ پردوں میں لپٹے ہوئے موتی ہیں۔"}, {"arabic": " وَ اَقۡبَلَ بَعۡضُہُمۡ عَلٰی بَعۡضٍ یَّتَسَآءَلُوۡنَ ﴿۲۶﴾", "english": " And they will turn to one another, asking mutual questions.", "french": " Et ils se tourneront les uns vers les autres s’interrogeant.", "german": " Und sie werden sich fragend einer an den anderen wenden.", "spanish": " Se dirigirán el uno al otro, preguntándose mutuamente.", "urdu": " اور وہ ایک دوسرے کی طرف متوجہ ہو کر باہمی سوال و جواب کریں گے۔"}, {"arabic": " قَالُوۡۤا اِنَّا کُنَّا قَبۡلُ فِیۡۤ اَہۡلِنَا مُشۡفِقِیۡنَ ﴿۲۷﴾", "english": " They will say, ‘Before this, when we were among our family, we were very much afraid of God ’ s displeasure ;", "french": " Ils diront : « Avant ceci, nous étions au milieu de notre famille, tout en redoutant beaucoup le mécontentement d’Allāh ;", "german": "", "spanish": " Dirán: “Antes de esto, cuando estábamos con nuestra familia, nos sentíamos preocupados sobre nuestra suerte.", "urdu": " اور کہیں گے ہم لوگ پہلے اپنے رشتہ داروں میں اپنے انجام سے ڈرا کرتے تھے۔"}, {"arabic": " فَمَنَّ اللّٰہُ عَلَیۡنَا وَ وَقٰٮنَا عَذَابَ السَّمُوۡمِ ﴿۲۸﴾", "english": " ‘But Allah has been gracious unto us and has saved us from the torment of the burning blast.", "french": " Mais Allāh a été gracieux envers nous, et nous a sauvés du supplice du souffle brûlant.", "german": " Doch Allah ist uns gnädig gewesen und hat uns vor der Pein des sengenden Winds bewahrt.", "spanish": " “Mas Al-lah ha sido Clemente con nosotros y nos ha salvado del tormento del viento abrasador”.", "urdu": " مگر اللہ نے ہم پر احسان کیا۔ اور ہم کو گرم لو کے عذاب سے بچا لیا۔"}, {"arabic": " اِنَّا کُنَّا مِنۡ قَبۡلُ نَدۡعُوۡہُ ؕ اِنَّہٗ ہُوَ الۡبَرُّ الرَّحِیۡمُ ﴿٪۲۹﴾", "english": " ‘We used to pray to Him before. Surely, He is the Beneficent, the Merciful.’", "french": " En vérité, auparavant aussi , Nous avions l’habitude de Le prier. Assurément, Il est le Bienveillant, le Miséricordieux. »", "german": "", "spanish": " “Solíamos invocarle antes. En verdad, Él es el Generoso, el Misericordioso”.", "urdu": " ہم پہلے سے اس (خدا) کو پکارا کرتے تھے‘ وہ بڑا نیک سلوک کرنے والا (اور) بے انتہا کرم کرنے والا ہے۔"}, {"arabic": " فَذَکِّرۡ فَمَاۤ اَنۡتَ بِنِعۡمَتِ رَبِّکَ بِکَاہِنٍ وَّ لَا مَجۡنُوۡنٍ ﴿ؕ۳۰﴾", "english": " Admonish then. By the grace of thy Lord, thou art neither a soothsayer, nor a madman.", "french": " Avertis donc. Par la grâce de ton Seigneur, tu n’es ni un devin, ni un insensé.", "german": " Ermahne drum; durch die Gnade deines Herrn bist du weder ein Wahrsager noch ein Besessener.", "spanish": " Amonesta, pues. Por la gracia de tu Señor, no eres adivino ni loco.", "urdu": " پس (اے رسول) تو (لوگوں کو) نصیحت کیے جا‘ کیونکہ تو اپنے رب کے احسان سے نہ تو کاہن ہے اور نہ مجنون۔"}, {"arabic": " اَمۡ یَقُوۡلُوۡنَ شَاعِرٌ نَّتَرَبَّصُ بِہٖ رَیۡبَ الۡمَنُوۡنِ ﴿۳۱﴾", "english": " Do they say, ‘ He is a poet; we are waiting for some calamity which time will bring upon him?’", "french": " Disent-ils : « C’est un poète ; nous attendons quelque calamité que le temps fera descendre sur lui. » ?", "german": " Sprechen sie etwa: \"(Er ist) ein Dichter; wir wollen das Unheil abwarten, das die Zeit über ihn bringen wird.\"?", "spanish": " No dicen: ¡ Es un poeta!; ¡Esperamos alguna desgracia que el tiempo traerá sobre él!”.", "urdu": " کیا وہ یہ کہتے ہیں کہ یہ شخص شاعر ہے (اور) ہم زمانہ کی تباہی کا اس کے لئے انتظار کر رہے ہیں۔"}, {"arabic": " قُلۡ تَرَبَّصُوۡا فَاِنِّیۡ مَعَکُمۡ مِّنَ الۡمُتَرَبِّصِیۡنَ ﴿ؕ۳۲﴾", "english": " Say, ‘Await ye then! I too am with you among those who are waiting.’", "french": " Dis : « Attendez donc ! En vérité, moi aussi , je suis avec vous parmi ceux qui attendent. »", "german": " Sprich: \"Wartet nur! Ich bin mit euch unter den Wartenden.\"", "spanish": " Diles: “¡Esperad, pues! Yo estoy también con vosotros entre quienes esperan”.", "urdu": " تو کہہ دے انتظار کرتے جاٶ‘ کیونکہ میں تمہارے لئے انتظار کر رہا ہوں۔"}, {"arabic": " اَمۡ تَاۡمُرُہُمۡ اَحۡلَامُہُمۡ بِہٰذَاۤ اَمۡ ہُمۡ قَوۡمٌ طَاغُوۡنَ ﴿ۚ۳۳﴾", "english": " Do their intellect and reason enjoin this upon them or are they a rebellious people?", "french": " Est-ce leurs pensées confuses qui leur enjoignent ceci, ou bien, sont-ils un peuple rebelle ?", "german": " Ist es ihr Verstand, der ihnen solches anbefiehlt, oder sind sie ein widerspenstiges Volk?", "spanish": " ¿Son inducidos por su intelecto y su razón o es que son un pueblo rebelde?", "urdu": " کیا ان کو ان کی عقلیں یہی بات سکھاتی ہیں‘ یا وہ سرکش قوم ہیں۔"}, {"arabic": " اَمۡ یَقُوۡلُوۡنَ تَقَوَّلَہٗ ۚ بَلۡ لَّا یُؤۡمِنُوۡنَ ﴿ۚ۳۴﴾", "english": " Do they say, ‘He has fabricated it?’ Nay, but they would not believe.", "french": " Disent-ils : « Il l’a inventé ! » ? Non , mais ils ne veulent pas croire.", "german": " Sprechen sie: \"Er hat es erdichtet?\" Nein, aber sie wollen nicht glauben.", "spanish": " ¿Por ventura dicen: “¿Lo ha inventado?”. No, pero no creerán.", "urdu": " یا وہ یہ کہتے ہیں کہ اس نے اپنے پاس سے بات بنا لی ہے حقیقت یہ ہے کہ وہ (نزول وحی پر) ایمان ہیں نہیں لاتے۔"}, {"arabic": " فَلۡیَاۡتُوۡا بِحَدِیۡثٍ مِّثۡلِہٖۤ اِنۡ کَانُوۡا صٰدِقِیۡنَ ﴿ؕ۳۵﴾", "english": " Let them, then, bring forth an announcement like this, if they speak the truth!", "french": " Alors, qu’ils apportent un récit pareil à celui-ci, s’ils disent la vérité !", "german": " Lass sie denn eine Rede gleich dieser vorbringen, wenn sie die Wahrheit sprechen!", "spanish": " ¡Que presenten, pues, una exposición como ésta, si son veraces!", "urdu": " اگر وہ سچے ہیں تو اسی قسم کا کوئی اور کلام لے آئیں (تا کہ دنیا فیصلہ کر سکے کہ دونوں کلام برابر ہیں) ۔"}, {"arabic": " اَمۡ خُلِقُوۡا مِنۡ غَیۡرِ شَیۡءٍ اَمۡ ہُمُ الۡخٰلِقُوۡنَ ﴿ؕ۳۶﴾", "english": " Have they been created for nothing, or are they themselves the creators?", "french": " Ont-ils été créés de rien, ou sont-ils eux-mêmes les créateurs ?", "german": " Sind sie wohl für nichts erschaffen worden, oder sind sie gar selbst die Schöpfer?", "spanish": " ¿Han sido acaso creados para nada o son ellos mismos los creadores?", "urdu": " کیا ان کو بغیر کسی غرض کے پیدا کیا گیا ہے یا وہ خود ہی اپنے خالق ہیں؟"}, {"arabic": " اَمۡ خَلَقُوا السَّمٰوٰتِ وَ الۡاَرۡضَ ۚ بَلۡ لَّا یُوۡقِنُوۡنَ ﴿ؕ۳۷﴾", "english": " Did they create the heavens and the earth? Nay, but they have no faith.", "french": " Ont-ils créé les cieux et la terre ? Non, mais de toute façon, ils n’ont pas de certitude.", "german": " Schufen sie die Himmel und die Erde? Nein, aber sie haben keine Gewissheit.", "spanish": " ¿Crearon ellos los cielos y la tierra? No, pero no tienen fe.", "urdu": " کیا انہوں نے آسمانوں اور زمین کو پیدا کیا ہے؟ (نہیں)! بلکہ حقیقت یہ ہے کہ یہ (خالق ارض و سماء پر) یقین ہی نہیں رکھتے۔"}, {"arabic": " اَمۡ عِنۡدَہُمۡ خَزَآئِنُ رَبِّکَ اَمۡ ہُمُ الۡمُصَۜیۡطِرُوۡنَ ﴿ؕ۳۸﴾", "english": " Do they own the treasures of thy Lord, or are they the guardians thereof ?", "french": " Possèdent-ils les trésors de ton Seigneur, ou en sont-ils les gardiens ?", "german": " Haben sie die Schätze deines Herrn zu eigen, oder sind sie die Hüter?", "spanish": " ¿Poseen los tesoros de tu Señor o son sus guardianes?", "urdu": " کیا ان کے پاس تیرے رب کے خزانے ہیں؟ یا وہ داروغے ہیں؟"}, {"arabic": " اَمۡ لَہُمۡ سُلَّمٌ یَّسۡتَمِعُوۡنَ فِیۡہِ ۚ فَلۡیَاۡتِ مُسۡتَمِعُہُمۡ بِسُلۡطٰنٍ مُّبِیۡنٍ ﴿ؕ۳۹﴾", "english": " Have they a ladder unto heaven by means of which they can overhear? Then let their listener bring a manifest authority.", "french": " Ont-ils une échelle qui conduit au ciel par laquelle ils peuvent être à l’écoute des conversations ? Alors, que celui qui écoute pour eux produise une autorité manifeste.", "german": " Haben sie eine Leiter, auf der sie lauschen können? Dann möge ihr Lauscher einen deutlichen Beweis beibringen.", "spanish": " ¿ O acaso poseen una escalera que les lleve al cielo con la cual puedan oír desde arriba? ¡Que el que les escuche presente una autoridad evidente!", "urdu": " کیا ان کے پاس کوئی سیڑھی ہے جس پر چڑھ کر وہ (خدا کی باتیں) سنتے ہیں پس چاہیے کہ ان کا سننے والا (محمد رسول اللہ صلی اللہ علیہ وسلم کی طرح) کوئی کھلی دلیل پیش کرے۔"}, {"arabic": " اَمۡ لَہُ الۡبَنٰتُ وَ لَکُمُ الۡبَنُوۡنَ ﴿ؕ۴۰﴾", "english": " Has He daughters and you have sons?", "french": " Est-ce qu’il y a pour Lui des filles et pour vous des fils ?", "german": " Hat Er wohl Töchter, und ihr habt Söhne?", "spanish": " ¿Tiene Él hijas y vosotros tenéis hijos?", "urdu": " کیا خدا کے لئے تو بیٹیاں ہیں اور تمہارے لئے بیٹے؟"}, {"arabic": " اَمۡ تَسۡـَٔلُہُمۡ اَجۡرًا فَہُمۡ مِّنۡ مَّغۡرَمٍ مُّثۡقَلُوۡنَ ﴿ؕ۴۱﴾", "english": " Dost thou ask a reward from them, so that they are weighed down with a load of debt?", "french": " Leur demandes-tu une récompense, de sorte qu’ils s’écroulent sous le poids de la dette ?", "german": " Verlangst du einen Lohn von ihnen, so dass sie mit einer Schuldenlast beladen sind?", "spanish": " ¿Les pides una recompensa, para que estén agobiados con la carga de la deuda?", "urdu": " کیا تو ان سے کوئی اجر مانگتا ہے؟ پس وہ اس چٹی کی وجہ سے دبے جا رہے ہیں؟"}, {"arabic": " اَمۡ عِنۡدَہُمُ الۡغَیۡبُ فَہُمۡ یَکۡتُبُوۡنَ ﴿ؕ۴۲﴾", "english": " Do they possess knowledge of the unseen, so that they write it down?", "french": " Possèdent-ils la connaissance de l’invisible, de sorte qu’ils l ’inscrivent ?", "german": " Besitzen sie das Ungesehene, so dass sie (es) niederschreiben?", "spanish": " ¿Poseen conocimiento de lo invisible, de forma que puedan escribirlo?", "urdu": " کیا ان کو غیب کا علم ہے جس کو وہ لکھ لیتے ہیں؟"}, {"arabic": " اَمۡ یُرِیۡدُوۡنَ کَیۡدًا ؕ فَالَّذِیۡنَ کَفَرُوۡا ہُمُ الۡمَکِیۡدُوۡنَ ﴿ؕ۴۳﴾", "english": " Do they intend a plot? But it is those who disbelieve that will be caught in the plot.", "french": " Trament-ils un complot ? Mais ce sont ceux qui refusent de croire qui y seront pris.", "german": " Beabsichtigen sie eine List? Aber wider die Ungläubigen werden Listen geschmiedet.", "spanish": " Están tramando una conspiración. Pero serán los mismos incrédulos los que queden atrapados en el lazo.", "urdu": " کیا وہ تیرے خلاف کوئی تدبیر کرنا چاہتے ہیں؟ پس یاد رکھو کہ ان کافروں ہی کے خلاف (خدائی) تدبیریں کی جائیں گی۔"}, {"arabic": " اَمۡ لَہُمۡ اِلٰہٌ غَیۡرُ اللّٰہِ ؕ سُبۡحٰنَ اللّٰہِ عَمَّا یُشۡرِکُوۡنَ ﴿۴۴﴾", "english": " Have they a God other than Allah? Exalted is Allah above all that which they associate with Him !", "french": " Ont-ils un dieu autre qu’Allāh ? Allāh est Pur, bien au-dessus de tout ce qu’ils Lui associent !", "german": " Haben sie einen Gott statt Allah? Hoch erhaben ist Allah über all das, was sie anbeten!", "spanish": " ¿Tienen algún dios distinto de Al-lah? ¡Ensalzado sea Al-lah por encima de todo lo que Le asocian!", "urdu": " کیا اللہ کے سوا ان کا کوئی اور معبود ہے؟ (یاد رکھو) ان کے شرک سے اللہ پاک ہے۔"}, {"arabic": " وَ اِنۡ یَّرَوۡا کِسۡفًا مِّنَ السَّمَآءِ سَاقِطًا یَّقُوۡلُوۡا سَحَابٌ مَّرۡکُوۡمٌ ﴿۴۵﴾", "english": " And if they should see a piece of the cloud falling down, they would say, ‘Clouds piled up.’", "french": " Et s’ils voyaient descendre un morceau de nuage, ils diraient : « Bientôt suivront des nuages empilés. »", "german": " Und sähen sie ein Stück von der Wolke niederfallen, sie würden sprechen: \"Aufgeschichtete Wolken.\"", "spanish": " Mas si viesen un trozo de nube descendiendo, dirían: “ pronto le seguirán nubes apiladas”.", "urdu": " اور اگر وہ بادل کا کوئی ٹکڑا جو ّ میں برستا ہوا دیکھیں تو کہتے ہیں کہ یہ تو (محض) ایک گھنا بادل ہے۔"}, {"arabic": " فَذَرۡہُمۡ حَتّٰی یُلٰقُوۡا یَوۡمَہُمُ الَّذِیۡ فِیۡہِ یُصۡعَقُوۡنَ ﴿ۙ۴۶﴾", "english": " So leave them until they meet that day of theirs, on which they will be overtaken by a thunderbolt,", "french": " Laisse-les donc jusqu’à ce qu’ils rencontrent leur jour promis , où ils seront frappés par la foudre,", "german": " So lass sie allein, bis sie ihrem Tag begegnen, an dem sie ohnmächtig werden sollen,", "spanish": " Déjales solos, pues, hasta que se enfrenten a ese día suyo prometido , en el que quedarán atónitos.", "urdu": " پس تو ان کو (ان کی بیوقوفی میں) چھوڑ دے‘ یہاں تک کہ وہ اپنے اس مقررہ دن کو دیکھ لیں جس میں (ان پر عذاب نازل کیا جائے گا اور) وہ مارے خوف کے بے ہوش کر دئیے جائیں گے۔"}, {"arabic": " یَوۡمَ لَا یُغۡنِیۡ عَنۡہُمۡ کَیۡدُہُمۡ شَیۡئًا وَّ لَا ہُمۡ یُنۡصَرُوۡنَ ﴿ؕ۴۷﴾", "english": " The day when their plotting will not avail them aught, nor shall they be helped.", "french": " Le jour où leurs machinations ne leur serviront à rien, et où ils ne seront pas aidés.", "german": " dem Tag, an dem ihre List ihnen nichts nützen wird – noch wird ihnen Hilfe kommen.", "spanish": " En el día en que sus maquinaciones no les servirán de nada, ni serán ayudados.", "urdu": " جس دن ان کی تدبیر ان کو کوئی نفع نہیں پہنچائے گی اور نہ ان کی مدد کی جائے گی۔"}, {"arabic": " وَ اِنَّ لِلَّذِیۡنَ ظَلَمُوۡا عَذَابًا دُوۡنَ ذٰلِکَ وَ لٰکِنَّ اَکۡثَرَہُمۡ لَا یَعۡلَمُوۡنَ ﴿۴۸﴾", "english": " And verily, for those who do wrong there is a punishment besides that. But most of them know not.", "french": " Et en vérité, pour ceux qui font le mal, il y a un autre châtiment en sus de celui-là. Mais la plupart d’entre eux ne savent pas.", "german": " Und für jene, die freveln, ist eine Strafe außer dieser. Jedoch die meisten von ihnen wissen es nicht.", "spanish": " En verdad, para quienes practican el mal hay otro castigo además de ése. Pero la mayoría de ellos lo desconoce.", "urdu": " اور ظالم لوگوں کو اس کے علاوہ اور بھی عذاب پہنچیں گے۔ لیکن ان میں سے اکثر نہیں جانتے۔"}, {"arabic": " وَ اصۡبِرۡ لِحُکۡمِ رَبِّکَ فَاِنَّکَ بِاَعۡیُنِنَا وَ سَبِّحۡ بِحَمۡدِ رَبِّکَ حِیۡنَ تَقُوۡمُ ﴿ۙ۴۹﴾", "english": " So wait patiently for the judgment of thy Lord; for assuredly thou art before Our eyes; and glorify thy Lord with His praise when thou risest up from sleep ;", "french": " Aussi attends patiemment le jugement de ton Seigneur car assurément tu es devant Nos yeux ; et glorifie ton Seigneur par Ses louanges quand tu te lèves ;", "german": " So harre geduldig auf den Befehl deines Herrn, denn du bist vor Unseren Augen; und verherrliche deinen Herrn mit Seiner Lobpreisung, wenn du aufstehst,", "spanish": " Espera, pues, pacientemente, el juicio de tu Señor; pues en verdad, estás ante Nuestros ojos; y glorifica a tu Señor con Sus alabanzas cuando te levantes del sueño;", "urdu": " اور تو اپنے رب کے حکم پر قائم رہ کیونکہ تو ہماری آنکھوں کے سامنے (ہماری حفاظت میں) ہے اور چاہیئے کہ جب تو (عبادت کے لئے) کھڑا ہو‘ تو ہماری حمد کے ساتھ ساتھ تسبیح بھی کرتا رہ"}], "Surah": 52}