{"Ayats": [{"arabic": " بِسۡمِ اللّٰہِ الرَّحۡمٰنِ الرَّحِیۡمِ﴿۱﴾", "english": " In the name of Allah, the Gracious, the Merciful.", "french": " Au nom d’Allāh, le Gracieux, le Miséricordieux.", "german": " Im Namen Allahs, des Gnädigen, des Barmherzigen.", "spanish": " En el nombre de Al‑lah, el Clemente, el Misericordioso.", "urdu": " (میں) اللہ کا نام لے کر جو بے حد کرم کرنے والا (اور) باربار رحم کرنے والا ہے (پڑھتا ہوں)"}, {"arabic": " قُلۡ ہُوَ اللّٰہُ اَحَدٌ ۚ﴿۲﴾", "english": " Say, ‘He is Allah, the One;", "french": " Dis : « Il est Allāh, l’Unique ;", "german": " Sprich: \"Er ist Allah, der Einzige;</span> </div> </div> <div class=\"row links\" style=\"margin-top:10px;\"> <div class=\"col-lg-12 center\"> <font size=\"-1\" style=\"font-family:Arial, Helvetica, sans-serif; color: #777\"> Read: <a target=\"_blank\" href=\"/quran/tafseer/?verse=112:2&region=E1&CR=E3,E2\" title=\"English Translation with Detailed Commentary with Meanings of Some Key Words\">Detailed English Commentary</a> | <a href=\"/quran/tafseer/?verse=112:2&region=TS&CR=UR,P1,H1,T1\" title=\"Urdu Tafseer-e-Saghir alongwith other Tafaseer\" target=\"_blank\">Urdu Tafaseer <font style=\"font-family: 'Jameel Noori Nastaleeq', -apple-system, BlinkMacSystemFont, 'Urdu Naskh Asiatype', 'Nafees Web Naskh';\">اردو تفاسیر</font></a> </font> </div></div> <hr size='1'> <div class=\"row\" id=\"Arabic3\" class='indopak' style=\"padding: 5px\"> <div class=\"col-lg-1\"> <a name=\"Arabic3\"></a> <font color=\"#939598\" style=\"font-size:1.1em\"> [<a href='/quran/112:3' style='text-decoration:underline'>112:3</a>]</font> </div> <div class=\"col-lg-1\"> <button onclick=\"aud_play_pause(3)\"><i class=\"fa fa-play\" style=\"color: #777\" aria-hidden=\"true\" id=\"control3\"></i></button> <audio id=\"player3\" class=\"audioplayer\" /> </div><div class=\"col-lg-10\" align=\"right\" dir=\"rtl\"></div> </div> <div class=\"row\"> <div class=\"col-lg-12\" align=\"right\" dir=\"rtl\"> <p class=\"arabicverse\">اَللّٰہُ الصَّمَدُ ۚ﴿۳﴾ </p> </div> </div> <div class=\"row english\" align=\"left\" dir=\"ltr\" style=\"margin-top:10px\"> <div class=\"col-lg-12\"> <span class=\"translationheading\">English</span><br> <span class=\"translationtext\">‘Allah, the Independent and Besought of all.</span> </div> </div> <div class=\"row english2\" align=\"left\" dir=\"ltr\" style=\"display:none; margin-top:10px\"> <div class=\"col-lg-12\"> <span class=\"translationheading\">English Short Commentary</span><br> <span class=\"translationtext\"> ‘Allah, the Independent and Besought of all.<sup class='ref'>[<a class='ref' data-id='ref_112_3_3467' href='#'>3467</a>]</sup> <div class=\"footnote\"> <span class='collapsible plus' data-id='ref_112_3_3467'>3467</span></div> <div><a name='3467'></a><div class='reference' data-id='ref_112_3_3467' style='display:none'> <p><b>3467.</b> <i>Samad </i>means, one to whom recourse is had; or to whom obedience is rendered; without whom no affair is accomplished; a person or place above whom or which there is no one. <i>As-Samad </i>being a Divine attribute means, the Supreme Being to Whom recourse is had for the accomplishment of needs; Who is Independent of all and upon Whom all depend for their needs; Who will continue to exist for ever after all creation has ceased to exist; above Whom there is no one (Lane). In the preceding verse the claim was made that God is One, Alone, and Unique. The present verse substantiates that claim. It says that all things and beings depend upon God but He Himself is Independent and Besought of all. All have need of Him but He has need of none. He needed the help of no being or matter to create the universe. In fact, nothing in the universe is complete in itself, not even the smallest atom. Nothing is self-subsisting; everything depends on some other thing for its existence. God alone is such a Being Who depends on no being or thing; He is above conception and conjecture. His attributes know no bound or limit. (<a href='javascript:void(0)' data-id='ref_112_3_3467' class='ref'>close</a>)</p> </div> </div> </span> </div> </div> <div class=\"row urdu\" align=\"right\" dir=\"rtl\" style=\"margin-top:10px\"> <div class=\"col-lg-12\"> <span class=\"translationheading\">اُردو</span><br> <span class=\"urdutarjma\">اللہ بے احتیاج ہے۔</span> </div> </div> <div class=\"row urdu2\" align=\"right\" dir=\"rtl\" style=\"display:none; margin-top:10px\"> <div class=\"col-lg-12\"> <span class=\"translationheading\">اُردو تفسیر صغیر</span><br> <span class=\"urdutarjma\">اللہ وہ (ہستی) ہے جس کے سب محتاج ہیں (اور وہ کسی کا محتاج نہیں) </span> </div> </div> <div class=\"row french\" align=\"left\" dir=\"ltr\" style=\"display:none; margin-top:10px\"> <div class=\"col-lg-12\"> <span class=\"translationheading\">Français</span><br> <span class=\"translationtext\">Allāh l’Indépendant et Celui Que tous supplient.</span> </div> </div> <div class=\"row spanish\" align=\"left\" dir=\"ltr\" style=\"display:none; margin-top:10px\"> <div class=\"col-lg-12\"> <span class=\"translationheading\">Español</span><br> <span class=\"translationtext\">“Al-lah, el Independiente e Implorado por todos.</span> </div> </div> <div class=\"row german\" align=\"left\" dir=\"ltr\" style=\"display:none; margin-top:10px\"> <div class=\"col-lg-12\"> <span class=\"translationheading\">Deutsch</span><br> <span class=\"translationtext\">Allah, der Unabhängige und von allen Angeflehte.</span> </div> </div> <div class=\"row links\" style=\"margin-top:10px;\"> <div class=\"col-lg-12 center\"> <font size=\"-1\" style=\"font-family:Arial, Helvetica, sans-serif; color: #777\"> Read: <a target=\"_blank\" href=\"/quran/tafseer/?verse=112:3&region=E1&CR=E3,E2\" title=\"English Translation with Detailed Commentary with Meanings of Some Key Words\">Detailed English Commentary</a> | <a href=\"/quran/tafseer/?verse=112:3&region=TS&CR=UR,P1,H1,T1\" title=\"Urdu Tafseer-e-Saghir alongwith other Tafaseer\" target=\"_blank\">Urdu Tafaseer <font style=\"font-family: 'Jameel Noori Nastaleeq', -apple-system, BlinkMacSystemFont, 'Urdu Naskh Asiatype', 'Nafees Web Naskh';\">اردو تفاسیر</font></a> </font> </div></div> <hr size='1'> <div class=\"row\" id=\"Arabic4\" class='indopak' style=\"padding: 5px\"> <div class=\"col-lg-1\"> <a name=\"Arabic4\"></a> <font color=\"#939598\" style=\"font-size:1.1em\"> [<a href='/quran/112:4' style='text-decoration:underline'>112:4</a>]</font> </div> <div class=\"col-lg-1\"> <button onclick=\"aud_play_pause(4)\"><i class=\"fa fa-play\" style=\"color: #777\" aria-hidden=\"true\" id=\"control4\"></i></button> <audio id=\"player4\" class=\"audioplayer\" /> </div><div class=\"col-lg-10\" align=\"right\" dir=\"rtl\"></div> </div> <div class=\"row\"> <div class=\"col-lg-12\" align=\"right\" dir=\"rtl\"> <p class=\"arabicverse\">لَمۡ یَلِدۡ ۬ۙ وَ لَمۡ یُوۡلَدۡ ۙ﴿۴﴾ </p> </div> </div> <div class=\"row english\" align=\"left\" dir=\"ltr\" style=\"margin-top:10px\"> <div class=\"col-lg-12\"> <span class=\"translationheading\">English</span><br> <span class=\"translationtext\">‘He begets not, nor is He begotten;</span> </div> </div> <div class=\"row english2\" align=\"left\" dir=\"ltr\" style=\"display:none; margin-top:10px\"> <div class=\"col-lg-12\"> <span class=\"translationheading\">English Short Commentary</span><br> <span class=\"translationtext\"> <sup class='ref'>[<a class='ref' data-id='ref_112_4_a' href='#'>a</a>]</sup>‘He begets not, nor is He begotten;<sup class='ref'>[<a class='ref' data-id='ref_112_4_3468' href='#'>3468</a>]</sup> <div class=\"footnote\"> <span class='collapsible plus' data-id='ref_112_4_a'>a</span><span class='collapsible plus' data-id='ref_112_4_3468'>3468</span></div> <div><div class='reference' data-id='ref_112_4_a' style='display:none'> <p><b>a.</b> <a href='/quran/17:112' target=_blank>17:112</a>; <a href='/quran/19:93' target=_blank>19:93</a>; <a href='/quran/25:3' target=_blank>25:3</a>; <a href='/quran/37:153' target=_blank>37:153</a>. (<a href='javascript:void(0)' data-id='ref_112_4_a' class='ref'>close</a>)</p> </div> </div><div><a name='3468'></a><div class='reference' data-id='ref_112_4_3468' style='display:none'> <p><b>3468.</b> The Divine attribute <i>As-Samad </i>(Independent and Besought of all) was mentioned in the previous verse to establish the claim that Allah is <i>Ahad </i>(One, Alone, Unique) and now in the present verse the Divine attribute 'He begets not, nor is He begotten' is mentioned to show that He is <i>As-Samad </i>(He is above need), because the presence of need in Him presupposes that He requires the assistance of someone without whom He cannot carry on His work, and who should continue His work after He is dead, inasmuch as all those beings that succeed, or are succeeded by, others are subject to death. Allah has succeeded no one and will be succeeded by no one. He is complete in all His attributes and is Eternal, Everlasting and Absolute. (<a href='javascript:void(0)' data-id='ref_112_4_3468' class='ref'>close</a>)</p> </div> </div> </span> </div> </div> <div class=\"row urdu\" align=\"right\" dir=\"rtl\" style=\"margin-top:10px\"> <div class=\"col-lg-12\"> <span class=\"translationheading\">اُردو</span><br> <span class=\"urdutarjma\">نہ اُس نے کسی کو جنا اور نہ وہ جنا گیا۔</span> </div> </div> <div class=\"row urdu2\" align=\"right\" dir=\"rtl\" style=\"display:none; margin-top:10px\"> <div class=\"col-lg-12\"> <span class=\"translationheading\">اُردو تفسیر صغیر</span><br> <span class=\"urdutarjma\">نہ اس نے کسی کو جنا ہے اور نہ وہ جنا گیا ہے۔ </span> </div> </div> <div class=\"row french\" align=\"left\" dir=\"ltr\" style=\"display:none; margin-top:10px\"> <div class=\"col-lg-12\"> <span class=\"translationheading\">Français</span><br> <span class=\"translationtext\">Il n’engendre pas, ni n’est-Il engendré :</span> </div> </div> <div class=\"row spanish\" align=\"left\" dir=\"ltr\" style=\"display:none; margin-top:10px\"> <div class=\"col-lg-12\"> <span class=\"translationheading\">Español</span><br> <span class=\"translationtext\">“No engendra ni es engendrado;</span> </div> </div> <div class=\"row german\" align=\"left\" dir=\"ltr\" style=\"display:none; margin-top:10px\"> <div class=\"col-lg-12\"> <span class=\"translationheading\">Deutsch</span><br> <span class=\"translationtext\">Er zeugt nicht und ward nicht gezeugt;</span> </div> </div> <div class=\"row links\" style=\"margin-top:10px;\"> <div class=\"col-lg-12 center\"> <font size=\"-1\" style=\"font-family:Arial, Helvetica, sans-serif; color: #777\"> Read: <a target=\"_blank\" href=\"/quran/tafseer/?verse=112:4&region=E1&CR=E3,E2\" title=\"English Translation with Detailed Commentary with Meanings of Some Key Words\">Detailed English Commentary</a> | <a href=\"/quran/tafseer/?verse=112:4&region=TS&CR=UR,P1,H1,T1\" title=\"Urdu Tafseer-e-Saghir alongwith other Tafaseer\" target=\"_blank\">Urdu Tafaseer <font style=\"font-family: 'Jameel Noori Nastaleeq', -apple-system, BlinkMacSystemFont, 'Urdu Naskh Asiatype', 'Nafees Web Naskh';\">اردو تفاسیر</font></a> </font> </div></div> <hr size='1'> <div class=\"row\" id=\"Arabic5\" class='indopak' style=\"padding: 5px\"> <div class=\"col-lg-1\"> <a name=\"Arabic5\"></a> <font color=\"#939598\" style=\"font-size:1.1em\"> [<a href='/quran/112:5' style='text-decoration:underline'>112:5</a>]</font> </div> <div class=\"col-lg-1\"> <button onclick=\"aud_play_pause(5)\"><i class=\"fa fa-play\" style=\"color: #777\" aria-hidden=\"true\" id=\"control5\"></i></button> <audio id=\"player5\" class=\"audioplayer\" /> </div><div class=\"col-lg-10\" align=\"right\" dir=\"rtl\"></div> </div> <div class=\"row\"> <div class=\"col-lg-12\" align=\"right\" dir=\"rtl\"> <p class=\"arabicverse\">وَ لَمۡ یَکُنۡ لَّہٗ کُفُوًا اَحَدٌ ٪﴿۵﴾ </p> </div> </div> <div class=\"row english\" align=\"left\" dir=\"ltr\" style=\"margin-top:10px\"> <div class=\"col-lg-12\"> <span class=\"translationheading\">English</span><br> <span class=\"translationtext\">‘And there is none like unto Him.’</span> </div> </div> <div class=\"row english2\" align=\"left\" dir=\"ltr\" style=\"display:none; margin-top:10px\"> <div class=\"col-lg-12\"> <span class=\"translationheading\">English Short Commentary</span><br> <span class=\"translationtext\"> <sup class='ref'>[<a class='ref' data-id='ref_112_5_b' href='#'>b</a>]</sup>‘And there is none like unto Him.’<sup class='ref'>[<a class='ref' data-id='ref_112_5_3469' href='#'>3469</a>]</sup> <div class=\"footnote\"> <span class='collapsible plus' data-id='ref_112_5_b'>b</span><span class='collapsible plus' data-id='ref_112_5_3469'>3469</span></div> <div><div class='reference' data-id='ref_112_5_b' style='display:none'> <p><b>b.</b> <a href='/quran/42:12' target=_blank>42:12</a>. (<a href='javascript:void(0)' data-id='ref_112_5_b' class='ref'>close</a>)</p> </div> </div><div><a name='3469'></a><div class='reference' data-id='ref_112_5_3469' style='display:none'> <p><b>3469.</b> This verse disposes of a possible doubt to which the previous verses might have given rise. Granted that Allah is One, Alone, Absolute and Independent of all, and granted that He neither begets nor is He begotten, but there might be in existence another being who, like Him, might also be possessing all the attributes He possesses. The verse removes this misgiving. It says that there is none like Allah. Human reason also demands that there should be only One Creator and Controller of the whole universe. The perfect order that pervades and permeates it leads to the inevitable result that one uniform law must govern it, and the unity and uniformity of the law and the design proves and proclaims the Unity of the Maker (<a href='/quran/21:23' target=_blank>21:23</a>). Thus the <i>Surah </i>cuts at the root of all polytheistic beliefs that are to be found in one form or other in other Faiths—belief in two, three or more gods, or the belief that soul and matter coexist with Allah. This is the sublime definition of the Supreme Being as given in the Qur’an, and nothing in any other revealed Scripture touches even the fringes of the beauty, sublimity and majesty of this definition. (<a href='javascript:void(0)' data-id='ref_112_5_3469' class='ref'>close</a>)</p> </div> </div> </span> </div> </div> <div class=\"row urdu\" align=\"right\" dir=\"rtl\" style=\"margin-top:10px\"> <div class=\"col-lg-12\"> <span class=\"translationheading\">اُردو</span><br> <span class=\"urdutarjma\">اور اُس کا کبھی کوئی ہمسر نہیں ہوا۔</span> </div> </div> <div class=\"row urdu2\" align=\"right\" dir=\"rtl\" style=\"display:none; margin-top:10px\"> <div class=\"col-lg-12\"> <span class=\"translationheading\">اُردو تفسیر صغیر</span><br> <span class=\"urdutarjma\">اور (اس کی صفات میں) اس کا کوئی بھی شریک کار نہیں۔ </span> </div> </div> <div class=\"row french\" align=\"left\" dir=\"ltr\" style=\"display:none; margin-top:10px\"> <div class=\"col-lg-12\"> <span class=\"translationheading\">Français</span><br> <span class=\"translationtext\">Et nul n'est semblable à Lui. »</span> </div> </div> <div class=\"row spanish\" align=\"left\" dir=\"ltr\" style=\"display:none; margin-top:10px\"> <div class=\"col-lg-12\"> <span class=\"translationheading\">Español</span><br> <span class=\"translationtext\">“Y no hay nadie que sea igual a El”.</span> </div> </div> <div class=\"row german\" align=\"left\" dir=\"ltr\" style=\"display:none; margin-top:10px\"> <div class=\"col-lg-12\"> <span class=\"translationheading\">Deutsch</span><br> <span class=\"translationtext\">und keiner ist Ihm gleich.\"", "spanish": " Di: “Él es Al-lah, el Único;", "urdu": " (ہم ہر زمانہ کے مسلمان کو حکم دیتے ہیں کہ) تو (دوسرے لوگوں سے) کہتا چلا جا‘ کہ (اصل) بات یہ ہے کہ اللہ اپنی ذات میں اکیلا ہے۔"}, {"arabic": " اَللّٰہُ الصَّمَدُ ۚ﴿۳﴾", "english": " ‘Allah, the Independent and Besought of all.", "french": " Allāh l’Indépendant et Celui Que tous supplient.", "german": " Allah, der Unabhängige und von allen Angeflehte.", "spanish": " “Al-lah, el Independiente e Implorado por todos.", "urdu": " اللہ وہ (ہستی) ہے جس کے سب محتاج ہیں (اور وہ کسی کا محتاج نہیں)"}, {"arabic": " لَمۡ یَلِدۡ ۬ۙ وَ لَمۡ یُوۡلَدۡ ۙ﴿۴﴾", "english": " ‘He begets not, nor is He begotten;", "french": " Il n’engendre pas, ni n’est-Il engendré :", "german": " Er zeugt nicht und ward nicht gezeugt;", "spanish": " “No engendra ni es engendrado;", "urdu": " نہ اس نے کسی کو جنا ہے اور نہ وہ جنا گیا ہے۔"}, {"arabic": " وَ لَمۡ یَکُنۡ لَّہٗ کُفُوًا اَحَدٌ ٪﴿۵﴾", "english": " ‘And there is none like unto Him.’", "french": " Et nul n'est semblable à Lui. »", "german": "", "spanish": " “Y no hay nadie que sea igual a El”.", "urdu": " اور (اس کی صفات میں) اس کا کوئی بھی شریک کار نہیں۔"}], "Surah": 112}