{"Ayats": [{"arabic": " بِسۡمِ اللّٰہِ الرَّحۡمٰنِ الرَّحِیۡمِ﴿۱﴾", "english": " In the name of Allah, the Gracious, the Merciful.", "french": " Au nom d’Allāh, le Gracieux, le Miséricordieux.", "german": " Im Namen Allahs, des Gnädigen, des Barmherzigen.", "spanish": " En el nombre de Al-lah, el Clemente, el Misericordioso.", "urdu": " (میں) اللہ کا نام لے کر جو بے حد کرم کرنے والا (اور) باربار رحم کرنے والا ہے (پڑھتا ہوں)"}, {"arabic": " اِذَا الشَّمۡسُ کُوِّرَتۡ ۪ۙ﴿۲﴾", "english": " When the sun is wrapped up,", "french": " Quand le soleil sera enroulé,", "german": " Wenn die Sonne verhüllt ist,", "spanish": " Cuando el sol sea envuelto,", "urdu": " جب (نور) آفتاب کو لپیٹ دیا جائے گا۔"}, {"arabic": " وَ اِذَا النُّجُوۡمُ انۡکَدَرَتۡ ۪ۙ﴿۳﴾", "english": " And when the stars are obscured,", "french": " Et quand les étoiles seront obscurcies,", "german": " und wenn die Sterne betrübt sind,", "spanish": " Cuando las estrellas se oscu­rez­can,", "urdu": " اور جب ستارے دھندلے ہو جائیں گے۔"}, {"arabic": " وَ اِذَا الۡجِبَالُ سُیِّرَتۡ ۪ۙ﴿۴﴾", "english": " And when the mountains are made to move,", "french": " Et quand les montagnes seront déplacées,", "german": " und wenn die Berge fortgeblasen werden,", "spanish": " Cuando las montañas sean despla­zadas,", "urdu": " اور جب پہاڑ چلائے جائیں گے۔"}, {"arabic": " وَ اِذَا الۡعِشَارُ عُطِّلَتۡ ۪ۙ﴿۵﴾", "english": " And when the she-camels, tenmonth pregnant, are abandoned,", "french": " Et quand les chamelles grosses de dix mois seront abandonnées,", "german": " und wenn die hochschwangeren Kamelstuten verlassen werden,", "spanish": " Cuando las camellas, preñadas en su décimo mes, sean abando­ nadas ,", "urdu": " اور جب دس مہینے کی گابھن اونٹنیاں آوارہ چھوڑ دی جائیں گی۔"}, {"arabic": " وَ اِذَا الۡوُحُوۡشُ حُشِرَتۡ ۪ۙ﴿۶﴾", "english": " And when the beasts are gathered together,", "french": " Et quand les bêtes sauvages seront rassemblées,", "german": " und wenn wildes Getier versammelt wird,", "spanish": " Cuando las bestias sean reu­nidas,", "urdu": " اور جب وحشی اکٹھے کیے جائیں گے۔"}, {"arabic": " وَ اِذَا الۡبِحَارُ سُجِّرَتۡ ۪ۙ﴿۷﴾", "english": " And when the seas are made to flow forth one into the other ,", "french": " Et quand on fera les mers couler l’une dans l’autre ,", "german": " und wenn die Meere (ineinander) hinfließen,", "spanish": " Cuando se hagan fluir los mares, uno dentro del otro,", "urdu": " اور جب دریاوں (کے پانیوں) کو (نکال کر دوسرے دریاٶں یا نہروں میں) ملا دیا جائے گا۔"}, {"arabic": " وَ اِذَا النُّفُوۡسُ زُوِّجَتۡ ۪ۙ﴿۸﴾", "english": " And when people are brought together,", "french": " Et quand les gens seront réunis ensemble,", "german": " und wenn die Menschen einander nahe gebracht werden.", "spanish": " Cuando los hombres sean reu­nidos,", "urdu": " اور جب (مختلف) نفوس جمع کیے جائیں گے۔"}, {"arabic": " وَ اِذَا الۡمَوۡءٗدَۃُ سُئِلَتۡ ۪ۙ﴿۹﴾", "english": " And when the girl-child buried alive is questioned about,", "french": " Et quand on posera des questions au sujet de la fillette enterrée vivante :", "german": " Und wenn nach dem lebendig begrabenen Mädchen gefragt wird:", "spanish": " Y cuando sea interrogada la niña enterrada viva,", "urdu": " اور جب زندہ گاڑی جانے والی (لڑکی) کے بارہ میں سوال کیا جائے گا۔"}, {"arabic": " بِاَیِّ ذَنۡۢبٍ قُتِلَتۡ ۚ﴿۱۰﴾", "english": " ‘For what crime was she killed?’", "french": " « Pour quel crime a-t-elle été tuée ? »", "german": " Für welches Verbrechen ward es getötet?", "spanish": " “¿Por qué crimen fue ma­tada?”", "urdu": " (کہ آخر) کس گناہ کے بدلہ میں اس کو قتل کیا گیا تھا۔"}, {"arabic": " وَ اِذَا الصُّحُفُ نُشِرَتۡ ﴿۪ۙ۱۱﴾", "english": " And when books are spread abroad.", "french": " Et que les livres seront largement publiés et répandus,", "german": " Und wenn Schriften weithin verbreitet werden,", "spanish": " Cuando los libros se extiendan a lo lejos,", "urdu": " اور جب کتابیں پھیلا دی جائیں گی۔"}, {"arabic": " وَ اِذَا السَّمَآءُ کُشِطَتۡ ﴿۪ۙ۱۲﴾", "english": " And when the heaven is laid bare,", "french": " Et quand le ciel sera mis à nu,", "german": " und wenn der Himmel aufgedeckt wird,", "spanish": " Cuando el cielo quede des­nudo ,", "urdu": " اور جب آسمان کی کھال اتاری جائے گی۔"}, {"arabic": " وَ اِذَا الۡجَحِیۡمُ سُعِّرَتۡ ﴿۪ۙ۱۳﴾", "english": " And when the Fire is caused to blaze up,", "french": " Et quand l’on fera flamber la Fournaise,", "german": " und wenn das Feuer angefacht wird,", "spanish": " Cuando el Fuego sea ati­zado,", "urdu": " اور جب جہنم کو بھڑکایا جائے گا۔"}, {"arabic": " وَ اِذَا الۡجَنَّۃُ اُزۡلِفَتۡ ﴿۪ۙ۱۴﴾", "english": " And when the Garden is brought nigh,", "french": " Et quand le Paradis sera rapproché,", "german": " und wenn der Garten nahe gebracht wird,", "spanish": " Y cuando el Jardín sea acer­cado,", "urdu": " اور جب جنت کو قریب کر دیا جائے گا۔"}, {"arabic": " عَلِمَتۡ نَفۡسٌ مَّاۤ اَحۡضَرَتۡ ﴿ؕ۱۵﴾", "english": " Then every soul will know what it has brought forward.", "french": " Alors, chaque âme saura ce qu’elle aura amené aux fins de présentation.", "german": " dann wird jede Seele wissen, was sie gebracht.", "spanish": " Entonces cada alma sabrá lo que ha presentado.", "urdu": " (اس دن) ہر جان جو کچھ اس نے حاضر کیا ہے جان لے گی۔"}, {"arabic": " فَلَاۤ اُقۡسِمُ بِالۡخُنَّسِ ﴿ۙ۱۶﴾", "english": " Nay! I call to witness the planets that recede,", "french": " Non, mais Je prends à témoin ceux qui font des activités secrètes et qui ensuite se retirent furtivement,", "german": " Nein! Ich rufe die Planeten zu Zeugen – die rückläufigen,", "spanish": " ¡No! Llamaré como testigo a los planetas que se retiran,", "urdu": " پس ایسا نہیں (جو تم خیال کرتے ہو) میں شہادت کے طور پر پیش کرتا ہوں‘ چلتے چلتے پیچھے ہٹ جانے والوں کو۔"}, {"arabic": " الۡجَوَارِ الۡکُنَّسِ ﴿ۙ۱۷﴾", "english": " Go ahead and then hide.", "french": " C’est-à-dire des navires qui demeurent cachés dans des endroits ou à des moments convenables.", "german": " die voraneilenden und die sich verbergenden –,", "spanish": " Avanzan y después se ocul­tan.", "urdu": " (جو ساتھ ہی) ناک کی سیدھ چلنے والے (بھی ہیں اور پھر) گھروں میں بیٹھے رہنے والے بھی۔"}, {"arabic": " وَ الَّیۡلِ اِذَا عَسۡعَسَ ﴿ۙ۱۸﴾", "english": " And I call to witness the night as it passes away,", "french": " Et Je prends à témoin la nuit lorsqu’elle vient et lorsqu’ elle repart,", "german": " und die Nacht, wenn sie vergeht,", "spanish": " Y llamaré como testigo a la noche cuando desaparece,", "urdu": " اور رات کو (شہادت کے طور پر پیش کرتا ہوں) جب وہ خاتمہ کو پہنچ جاتی ہے۔"}, {"arabic": " وَ الصُّبۡحِ اِذَا تَنَفَّسَ ﴿ۙ۱۹﴾", "english": " And the dawn as it begins to breathe,", "french": " Et par l’aube quand elle commence à respirer,", "german": " und die Morgenröte, wenn sie zu atmen beginnt,", "spanish": " Y al alba cuando empieza a alentar,", "urdu": " اور صبح کو جب وہ سانس لینے لگتی ہے۔"}, {"arabic": " اِنَّہٗ لَقَوۡلُ رَسُوۡلٍ کَرِیۡمٍ ﴿ۙ۲۰﴾", "english": " That this is surely the revealed word of a noble Messenger,", "french": " Que ceci est assurément la parole révélée d’un noble Messager,", "german": " dass dies in Wahrheit das (offenbarte) Wort eines edlen Gesandten ist,", "spanish": " De que ésta es en verdad la palabra revelada de un noble Men­ sajero,", "urdu": " یقیناً وہ (قرآن) ایک بزرگ رسول کا کلام ہے۔"}, {"arabic": " ذِیۡ قُوَّۃٍ عِنۡدَ ذِی الۡعَرۡشِ مَکِیۡنٍ ﴿ۙ۲۱﴾", "english": " Possessor of power, established in the presence of the Lord of the Throne,", "french": " Puissant, établi dans la présence du Seigneur du Trône,", "german": " eines Mächtigen – eingesetzt bei dem Herrn des Thrones –,", "spanish": " Poseedor de poder, establecido en la presencia del Señor del Trono,", "urdu": " (جو رسول) قوت والا اور صاحب عرش کے حضور بڑا درجہ رکھنے والا ہے۔"}, {"arabic": " مُّطَاعٍ ثَمَّ اَمِیۡنٍ ﴿ؕ۲۲﴾", "english": " Obeyed there, and faithful to his trust.", "french": " Ayant droit à l’obéissance, et digne de confiance là-bas auprès du Seigneur du Trône .", "german": " dem man dort gehorcht, Vertrauenswürdigen.", "spanish": " Obedecido allí y fiel a su con­fianza .", "urdu": " (اور) مطاع (بھی) ہے (اور) اس کے ساتھ امین بھی ہے۔"}, {"arabic": " وَ مَا صَاحِبُکُمۡ بِمَجۡنُوۡنٍ ﴿ۚ۲۳﴾", "english": " And your companion is not mad.", "french": " Et votre compagnon n’est pas un fou.", "german": " Und euer Gefährte ist nicht toll.", "spanish": " Y vuestro compañero no está loco.", "urdu": " اور تمہارا ساتھی ہرگز مجنون نہیں۔"}, {"arabic": " وَ لَقَدۡ رَاٰہُ بِالۡاُفُقِ الۡمُبِیۡنِ ﴿ۚ۲۴﴾", "english": " And he assuredly saw Him on the clear horizon.", "french": " Et il Le vit très réellement à l’horizon clair.", "german": " Denn er sah Ihn [Gabriel] fürwahr am hellen Horizont.", "spanish": " Ciertamente Le vio en el horizonte claro.", "urdu": " اور اس نے اس (غیب) کو یقیناً کھلے افق میں دیکھا ہے۔"}, {"arabic": " وَ مَا ہُوَ عَلَی الۡغَیۡبِ بِضَنِیۡنٍ ﴿ۚ۲۵﴾", "english": " And he is not niggardly with respect to the unseen.", "french": " Et il n’est pas avare en ce qui concerne l’invisible.", "german": " Und er ist nicht geizig in Sachen des Verborgenen.", "spanish": " Y no es tacaño con relación a lo invisible.", "urdu": " اور وہ غیب کی خبریں بتانے میں ہرگز بخیل نہیں۔"}, {"arabic": " وَ مَا ہُوَ بِقَوۡلِ شَیۡطٰنٍ رَّجِیۡمٍ ﴿ۙ۲۶﴾", "english": " Nor is this the word of Satan, the rejected.", "french": " Non plus que c’est là la parole d’un Satan qui est rejeté.", "german": " Noch ist dies das Wort Satans, des Verstoßenen.", "spanish": " Ni es ésta la palabra de Sa­tanás, el rechazado.", "urdu": " اور نہ وہ (یعنی اس پر نازل ہونے والا کلام) دھتکارے ہوئے شیطان کی (کہی ہوئی) بات ہے۔"}, {"arabic": " فَاَیۡنَ تَذۡہَبُوۡنَ ﴿ؕ۲۷﴾", "english": " Whither, then, are you going?", "french": " Où allez-vous donc ?", "german": " Wohin also wollt ihr gehen?", "spanish": " ¿A dónde, pues, os dirigís?", "urdu": " پھر (باوجود اس کے) تم کہاں جاتے ہو۔"}, {"arabic": " اِنۡ ہُوَ اِلَّا ذِکۡرٌ لِّلۡعٰلَمِیۡنَ ﴿ۙ۲۸﴾", "english": " It is nothing but a Reminder unto all the worlds,", "french": " Ceci n’est rien d’autre qu’un Rappel à tous les mondes,", "german": " Dies ist ja nur eine Ermahnung für alle Welten,", "spanish": " No es más que un Recorda­torio para todos los mundos.", "urdu": " یہ تو صرف تمام جہانوں کے لئے ایک نصیحت ہے۔"}, {"arabic": " لِمَنۡ شَآءَ مِنۡکُمۡ اَنۡ یَّسۡتَقِیۡمَ ﴿ؕ۲۹﴾", "english": " Unto such among you as desire to go straight,", "french": " A ceux d’entre vous qui désirent marcher droit,", "german": " für die unter euch, die recht wandeln wollen,", "spanish": " Para aquellos de vosotros que deseen ir rectamente.", "urdu": " (خصوصاً) تم میں سے اس کے لئے جو سیدھے راستہ پر چلنا چاہے۔"}, {"arabic": " وَ مَا تَشَآءُوۡنَ اِلَّاۤ اَنۡ یَّشَآءَ اللّٰہُ رَبُّ الۡعٰلَمِیۡنَ ﴿٪۳۰﴾", "english": " While you desire not a thing except that Allah, the Lord of the worlds, desires it .", "french": " Et vous ne pouvez désirer que ce qu’Allāh, le Seigneur des mondes, désire.", "german": " dieweil ihr nicht anders wollt, als wie Allah will, der Herr der Welten.", "spanish": " Mientras no deseéis nin­guna cosa a menos que la esee Al‑lah, el Señor de los mundos.", "urdu": " اور تم یہ نہیں چاہ سکتے مگر خدا کی مشیئت کی مطابقت میں‘ جو سب جہانوں کا رب ہے۔"}], "Surah": 81}