{"Ayats": [{"arabic": " بِسۡمِ اللّٰہِ الرَّحۡمٰنِ الرَّحِیۡمِ﴿۱﴾", "english": " In the name of Allah, the Gracious, the Merciful.", "french": " Au nom d’Allāh, le Gracieux, le Miséricordieux.", "german": " Im Namen Allahs, des Gnädigen, des Barmherzigen.", "spanish": " En el nombre de Al-lah, el Clemente, el Misericordioso.", "urdu": " (میں) اللہ کا نام لے کر جو بے حد کرم کرنے والا (اور) باربار رحم کرنے والا ہے (پڑھتا ہوں)"}, {"arabic": " اِنَّاۤ اَرۡسَلۡنَا نُوۡحًا اِلٰی قَوۡمِہٖۤ اَنۡ اَنۡذِرۡ قَوۡمَکَ مِنۡ قَبۡلِ اَنۡ یَّاۡتِیَہُمۡ عَذَابٌ اَلِیۡمٌ ﴿۲﴾", "english": " We sent Noah to his people, saying , ‘Warn thy people before there comes upon them a grievous punishment.’", "french": " Nous envoyâmes Noé à son peuple, en lui disant : « Avertis ton peuple avant qu’il ne leur survienne un châtiment douloureux.", "german": " Wir sandten Noah zu seinem Volk (und sprachen): \"Warne dein Volk, bevor über sie eine schmerzliche Strafe kommt.\"", "spanish": " Enviamos a Noé a su pueblo, diciéndole: “Advierte a tu pueblo antes de que les llegue un espantoso castigo”.", "urdu": " ہم نے نوح کو اس کی قوم کی طرف یہ کہہ کر بھیجا تھا کہ اپنی قوم کو اس وقت سے پہلے ہوشیار کر جب کہ ان پر دردناک عذاب نازل ہو۔"}, {"arabic": " قَالَ یٰقَوۡمِ اِنِّیۡ لَکُمۡ نَذِیۡرٌ مُّبِیۡنٌ ۙ﴿۳﴾", "english": " He said, ‘O my people! surely I am a plain Warner unto you,", "french": " Il dit : « Ô mon peuple ! en vérité, je suis pour vous un Avertisseur qui avertit clairement.", "german": " Er sprach: \"O mein Volk! wahrlich, ich bin euch ein aufklärender Warner,</span> </div> </div> <div class=\"row links\" style=\"margin-top:10px;\"> <div class=\"col-lg-12 center\"> <font size=\"-1\" style=\"font-family:Arial, Helvetica, sans-serif; color: #777\"> Read: <a target=\"_blank\" href=\"/quran/tafseer/?verse=71:3&region=E1&CR=E3,E2\" title=\"English Translation with Detailed Commentary with Meanings of Some Key Words\">Detailed English Commentary</a> | <a href=\"/quran/tafseer/?verse=71:3&region=TS&CR=UR,P1,H1,T1\" title=\"Urdu Tafseer-e-Saghir alongwith other Tafaseer\" target=\"_blank\">Urdu Tafaseer <font style=\"font-family: 'Jameel Noori Nastaleeq', -apple-system, BlinkMacSystemFont, 'Urdu Naskh Asiatype', 'Nafees Web Naskh';\">اردو تفاسیر</font></a> </font> </div></div> <hr size='1'> <div class=\"row\" id=\"Arabic4\" class='indopak' style=\"padding: 5px\"> <div class=\"col-lg-1\"> <a name=\"Arabic4\"></a> <font color=\"#939598\" style=\"font-size:1.1em\"> [<a href='/quran/71:4' style='text-decoration:underline'>71:4</a>]</font> </div> <div class=\"col-lg-1\"> <button onclick=\"aud_play_pause(4)\"><i class=\"fa fa-play\" style=\"color: #777\" aria-hidden=\"true\" id=\"control4\"></i></button> <audio id=\"player4\" class=\"audioplayer\" /> </div><div class=\"col-lg-10\" align=\"right\" dir=\"rtl\"></div> </div> <div class=\"row\"> <div class=\"col-lg-12\" align=\"right\" dir=\"rtl\"> <p class=\"arabicverse\">اَنِ اعۡبُدُوا اللّٰہَ وَ اتَّقُوۡہُ وَ اَطِیۡعُوۡنِ ۙ﴿۴﴾ </p> </div> </div> <div class=\"row english\" align=\"left\" dir=\"ltr\" style=\"margin-top:10px\"> <div class=\"col-lg-12\"> <span class=\"translationheading\">English</span><br> <span class=\"translationtext\">‘That you serve Allah and fear Him and obey me.</span> </div> </div> <div class=\"row english2\" align=\"left\" dir=\"ltr\" style=\"display:none; margin-top:10px\"> <div class=\"col-lg-12\"> <span class=\"translationheading\">English Short Commentary</span><br> <span class=\"translationtext\"> ‘That you serve Allah and be mindful of your duty to Him and obey me, </span> </div> </div> <div class=\"row urdu\" align=\"right\" dir=\"rtl\" style=\"margin-top:10px\"> <div class=\"col-lg-12\"> <span class=\"translationheading\">اُردو</span><br> <span class=\"urdutarjma\">کہ اللہ کی عبادت کرو اور اُس کا تقویٰ اختیار کرو اور میری اطاعت کرو۔</span> </div> </div> <div class=\"row urdu2\" align=\"right\" dir=\"rtl\" style=\"display:none; margin-top:10px\"> <div class=\"col-lg-12\"> <span class=\"translationheading\">اُردو تفسیر صغیر</span><br> <span class=\"urdutarjma\">(اور تم سے کہتا ہوں کہ) صرف اللہ کی عبادت کرو اور اسی کا تقویٰ اختیار کرو اور میری اطاعت کرو۔ </span> </div> </div> <div class=\"row french\" align=\"left\" dir=\"ltr\" style=\"display:none; margin-top:10px\"> <div class=\"col-lg-12\"> <span class=\"translationheading\">Français</span><br> <span class=\"translationtext\">Adorez Allāh et craignez-Le et obéissez-moi !</span> </div> </div> <div class=\"row spanish\" align=\"left\" dir=\"ltr\" style=\"display:none; margin-top:10px\"> <div class=\"col-lg-12\"> <span class=\"translationheading\">Español</span><br> <span class=\"translationtext\">“Para que sirváis a Al-lah, Le temáis y me obedezcáis”.</span> </div> </div> <div class=\"row german\" align=\"left\" dir=\"ltr\" style=\"display:none; margin-top:10px\"> <div class=\"col-lg-12\"> <span class=\"translationheading\">Deutsch</span><br> <span class=\"translationtext\">dass ihr Allah dienet und Ihn fürchtet und mir gehorchet.</span> </div> </div> <div class=\"row links\" style=\"margin-top:10px;\"> <div class=\"col-lg-12 center\"> <font size=\"-1\" style=\"font-family:Arial, Helvetica, sans-serif; color: #777\"> Read: <a target=\"_blank\" href=\"/quran/tafseer/?verse=71:4&region=E1&CR=E3,E2\" title=\"English Translation with Detailed Commentary with Meanings of Some Key Words\">Detailed English Commentary</a> | <a href=\"/quran/tafseer/?verse=71:4&region=TS&CR=UR,P1,H1,T1\" title=\"Urdu Tafseer-e-Saghir alongwith other Tafaseer\" target=\"_blank\">Urdu Tafaseer <font style=\"font-family: 'Jameel Noori Nastaleeq', -apple-system, BlinkMacSystemFont, 'Urdu Naskh Asiatype', 'Nafees Web Naskh';\">اردو تفاسیر</font></a> </font> </div></div> <hr size='1'> <div class=\"row\" id=\"Arabic5\" class='indopak' style=\"padding: 5px\"> <div class=\"col-lg-1\"> <a name=\"Arabic5\"></a> <font color=\"#939598\" style=\"font-size:1.1em\"> [<a href='/quran/71:5' style='text-decoration:underline'>71:5</a>]</font> </div> <div class=\"col-lg-1\"> <button onclick=\"aud_play_pause(5)\"><i class=\"fa fa-play\" style=\"color: #777\" aria-hidden=\"true\" id=\"control5\"></i></button> <audio id=\"player5\" class=\"audioplayer\" /> </div><div class=\"col-lg-10\" align=\"right\" dir=\"rtl\"></div> </div> <div class=\"row\"> <div class=\"col-lg-12\" align=\"right\" dir=\"rtl\"> <p class=\"arabicverse\">یَغۡفِرۡ لَکُمۡ مِّنۡ ذُنُوۡبِکُمۡ وَ یُؤَخِّرۡکُمۡ اِلٰۤی اَجَلٍ مُّسَمًّی ؕ اِنَّ اَجَلَ اللّٰہِ اِذَا جَآءَ لَا یُؤَخَّرُ ۘ لَوۡ کُنۡتُمۡ تَعۡلَمُوۡنَ ﴿۵﴾ </p> </div> </div> <div class=\"row english\" align=\"left\" dir=\"ltr\" style=\"margin-top:10px\"> <div class=\"col-lg-12\"> <span class=\"translationheading\">English</span><br> <span class=\"translationtext\">‘He will forgive you your sins and grant you respite till an appointed time. Verily the time appointed by Allah cannot be put back when it comes, if only you knew!’</span> </div> </div> <div class=\"row english2\" align=\"left\" dir=\"ltr\" style=\"display:none; margin-top:10px\"> <div class=\"col-lg-12\"> <span class=\"translationheading\">English Short Commentary</span><br> <span class=\"translationtext\"> ‘He will forgive you your sins and grant you respite till an appointed time.’ Verily, the <sup class='ref'>[<a class='ref' data-id='ref_71_5_b' href='#'>b</a>]</sup>time appointed by Allah cannot be put off when it comes,<sup class='ref'>[<a class='ref' data-id='ref_71_5_3130' href='#'>3130</a>]</sup> if only you knew.’ <div class=\"footnote\"> <span class='collapsible plus' data-id='ref_71_5_b'>b</span><span class='collapsible plus' data-id='ref_71_5_3130'>3130</span></div> <div><div class='reference' data-id='ref_71_5_b' style='display:none'> <p><b>b.</b> <a href='/quran/63:12' target=_blank>63:12</a>. (<a href='javascript:void(0)' data-id='ref_71_5_b' class='ref'>close</a>)</p> </div> </div><div><a name='3130'></a><div class='reference' data-id='ref_71_5_3130' style='display:none'> <p><b>3130.</b> When a Divine decree actually comes in operation, repentance is of no use. (<a href='javascript:void(0)' data-id='ref_71_5_3130' class='ref'>close</a>)</p> </div> </div> </span> </div> </div> <div class=\"row urdu\" align=\"right\" dir=\"rtl\" style=\"margin-top:10px\"> <div class=\"col-lg-12\"> <span class=\"translationheading\">اُردو</span><br> <span class=\"urdutarjma\">وہ تمہارے گناہ معاف کردےگا اور ایک معیّن مدت تک مُہلت دے گا۔ یقیناً اللہ کا (مقرر کردہ) وقت جب آجاتا ہے تو وہ ٹالا نہیں جا سکتا۔ کاش تم جانتے۔</span> </div> </div> <div class=\"row urdu2\" align=\"right\" dir=\"rtl\" style=\"display:none; margin-top:10px\"> <div class=\"col-lg-12\"> <span class=\"translationheading\">اُردو تفسیر صغیر</span><br> <span class=\"urdutarjma\">وہ تمہارے گناہوں کو معاف کرے گا اور تم کو ایک وقت مقررہ تک مہلت دے گا اور اگر تم جانتے ہو (تو سمجھ لو کہ) یقیناً (کسی قوم کی تباہی کے لئے) خدا کی مقرر کردہ گھڑی جب آجائے تو اسے ٹالا نہیں جا سکتا۔ </span> </div> </div> <div class=\"row french\" align=\"left\" dir=\"ltr\" style=\"display:none; margin-top:10px\"> <div class=\"col-lg-12\"> <span class=\"translationheading\">Français</span><br> <span class=\"translationtext\">Il vous pardonnera vos péchés, et vous accordera un répit jusqu’à un terme désigné. En vérité le terme fixé par Allāh ne peut pas être différé lorsqu’il vient, si seulement vous saviez ! »</span> </div> </div> <div class=\"row spanish\" align=\"left\" dir=\"ltr\" style=\"display:none; margin-top:10px\"> <div class=\"col-lg-12\"> <span class=\"translationheading\">Español</span><br> <span class=\"translationtext\">“Él os perdonará vuestros pecados y os concederá un respiro hasta el momento fijado. En verdad, el momento fijado por Al-lah no podrá retrasarse cuando llegue, ¡ojalá lo supierais!”</span> </div> </div> <div class=\"row german\" align=\"left\" dir=\"ltr\" style=\"display:none; margin-top:10px\"> <div class=\"col-lg-12\"> <span class=\"translationheading\">Deutsch</span><br> <span class=\"translationtext\">Er wird euch eure Sünden vergeben und euch Aufschub gewähren bis zu einer bestimmten Frist. Wahrlich, Allahs Frist, wenn sie herankommt, kann nicht verschoben werden – wenn ihr es nur wüsstet!\"", "spanish": " Dijo: “¡Oh, pueblo mío! En verdad soy un simple Amonestador para vosotros”,", "urdu": " اس نے (اپنی قوم سے مخاطب ہو کر) کہا تھا۔ اے میری قوم! میں تمہاری طرف ایک کھلا کھلا ڈرانے ولا (نبی) ہو کر آیا ہوں۔"}, {"arabic": " قَالَ رَبِّ اِنِّیۡ دَعَوۡتُ قَوۡمِیۡ لَیۡلًا وَّ نَہَارًا ۙ﴿۶﴾", "english": " He said, “My Lord, I have called my people night and day,", "french": " Il dit : « Mon Seigneur, j’ai appelé mon peuple vers Toi nuit et jour,", "german": " Er sprach: «Mein Herr, ich habe mein Volk gerufen bei Nacht und bei Tag,", "spanish": " Dijo: “Señor mío: he llamado a mi pueblo día y noche”,", "urdu": " پھر اس نے (خدا سے) کہا‘ اے میرے رب! میں نے اپنی قوم کو رات کے وقت بھی پکارا اور دن کے وقت بھی پکارا۔"}, {"arabic": " فَلَمۡ یَزِدۡہُمۡ دُعَآءِیۡۤ اِلَّا فِرَارًا ﴿۷﴾", "english": " “But my calling them has only made them flee from me all the more.", "french": " Mais mon appel n’a fait que les faire fuir davantage.", "german": " doch mein Rufen hat nur ihre Abwendung verstärkt.", "spanish": " “Pero mi llamada sólo ha conseguido apartarlos aún más de mí”.", "urdu": " مگر میری تبلیغ کی وجہ سے وہ اور بھی دور بھاگنے لگے۔"}, {"arabic": " وَ اِنِّیۡ کُلَّمَا دَعَوۡتُہُمۡ لِتَغۡفِرَ لَہُمۡ جَعَلُوۡۤا اَصَابِعَہُمۡ فِیۡۤ اٰذَانِہِمۡ وَ اسۡتَغۡشَوۡا ثِیَابَہُمۡ وَ اَصَرُّوۡا وَ اسۡتَکۡبَرُوا اسۡتِکۡبَارًا ۚ﴿۸﴾", "english": " “And every time I called them that Thou mightest forgive them, they put their fingers into their ears, and covered up their hearts, and persisted in their iniquity , and were disdainfully proud.", "french": " Et, en vérité, toutes les fois que je les ai appelés pour que Tu leur pardonnes, ils se sont mis les doigts dans les oreilles, et se sont enveloppés de leurs vêtements, et ils ont persisté dans leurs iniquités , et ils se sont comportés avec une arrogance excessive.", "german": " Sooft ich sie rief, dass Du ihnen vergeben möchtest, steckten sie ihre Finger in die Ohren und hüllten sich in ihre Gewänder und verharrten (im Frevel) und wurden allzu hochfahrend.", "spanish": " “Y cada vez que los llamé para que Tú los perdonaras, se metieron los dedos en los oídos, y se envolvieron con su vestimenta, y persistieron en su iniquidad, y se comportaron con exceso de arrogancia.", "urdu": " اور میں نے جب کبھی ان کو تبلیغ کی تا کہ وہ مان لیں اور تو ان کو معاف کر دے تو انہوں نے اپنی انگلیاں اپنے کانوں میں ڈال لیں اور اپنے کپڑے (اپنے سر کے گرد) لپیٹ لیے اور انکار پر اصرار کیا اور شدید تکبر سے کام لیا۔"}, {"arabic": " ثُمَّ اِنِّیۡ دَعَوۡتُہُمۡ جِہَارًا ۙ﴿۹﴾", "english": " “Then, I called them to righteousness openly.", "french": " Ensuite, je les ai appelés ouvertement à Ton chemin .", "german": " Dann rief ich sie offen auf.", "spanish": " “Luego les invité abiertamente a tu camino”.", "urdu": " پھر میں نے ان کو بلند آواز سے (یعنی تقریروں کے ذریعہ سے) تبلیغ کی۔"}, {"arabic": " ثُمَّ اِنِّیۡۤ اَعۡلَنۡتُ لَہُمۡ وَ اَسۡرَرۡتُ لَہُمۡ اِسۡرَارًا ۙ﴿۱۰﴾", "english": " “Then I preached to them in public, and also spoke to them in private.", "french": " Ensuite, j’ai fait des proclamations à leur intention, et je leur ai aussi parlé en particulier.", "german": " Dann predigte ich ihnen öffentlich, und ich redete zu ihnen insgeheim,", "spanish": " “ También les hice una exhortación en público y les hablé en privado”.", "urdu": " پھر میں نے ان کو ظاہر میں سمجھانے کے بعد ان کو پوشیدہ تبلیغ کی۔"}], "Surah": 71}