{"Ayats": [{"arabic": " بِسۡمِ اللّٰہِ الرَّحۡمٰنِ الرَّحِیۡمِ﴿۱﴾", "english": " In the name of Allah, the Gracious, the Merciful.", "french": " Au nom d’Allāh, le Gracieux, le Miséricordieux.", "german": " Im Namen Allahs, des Gnädigen, des Barmherzigen.", "spanish": " En el nombre de Al‑lah, el Clemente, el Misericordioso.", "urdu": " (میں) اللہ کا نام لے کر جو بے حد کرم کرنے والا (اور) باربار رحم کرنے والا ہے (پڑھتا ہوں)"}, {"arabic": " لَمۡ یَکُنِ الَّذِیۡنَ کَفَرُوۡا مِنۡ اَہۡلِ الۡکِتٰبِ وَ الۡمُشۡرِکِیۡنَ مُنۡفَکِّیۡنَ حَتّٰی تَاۡتِیَہُمُ الۡبَیِّنَۃُ ۙ﴿۲﴾", "english": " Those who disbelieve from among the People of the Book and the idolaters would not desist from disbelief until there came to them the clear evidence —", "french": " Les mécréants parmi les Gens du Livre et les idolâtres ne voulaient pas renoncer à l’incroyance même que leur soit parvenue la preuve claire :", "german": " Die ungläubig sind unter dem Volk der Schrift und den Götzendienern, konnten (von ihrem Irrtum) nicht eher befreit werden, als bis ein deutlicher Beweis zu ihnen kam:", "spanish": " Quienes no creen, de entre el Pueblo del Libro y los idolatras, no desistirán de sus malas acciones mientras no les lle­gue la prueba clara:", "urdu": " وہ لوگ جنہوں نے کفر کیا ہے یعنی اہل کتاب اور مشرک (دونوں ہی) کبھی (اپنے کفر سے) باز رہنے والے نہ تھے‘ جب تک کہ ان کے پاس واضح دلیل نہ آجاتی۔"}, {"arabic": " رَسُوۡلٌ مِّنَ اللّٰہِ یَتۡلُوۡا صُحُفًا مُّطَہَّرَۃً ۙ﴿۳﴾", "english": " A Messenger from Allah, reciting unto them the pure Scriptures.", "french": " Un Messager de la part d’Allāh, leur récitant des Ecritures purifiées.", "german": " Ein Gesandter von Allah, der (ihnen) die reinen Schriften vorliest,", "spanish": " Un Mensajero de Al‑lah que recita las Escrituras purificadas.", "urdu": " یعنی اللہ کی (طرف) سے آنے والا ایک رسول جو (انہیں ایسے) پاکیزہ صحیفے پڑھ کر سناتا۔"}, {"arabic": " فِیۡہَا کُتُبٌ قَیِّمَۃٌ ؕ﴿۴﴾", "english": " Therein are lasting commandments.", "french": " Dans celles-ci se trouvent des commandements éternels.", "german": " worinnen die ewigen Gebote sind.", "spanish": " En ella están las enseñanzas eternas.", "urdu": " جن میں قائم رہنے والے احکام ہوں۔"}, {"arabic": " وَ مَا تَفَرَّقَ الَّذِیۡنَ اُوۡتُوا الۡکِتٰبَ اِلَّا مِنۡۢ بَعۡدِ مَا جَآءَتۡہُمُ الۡبَیِّنَۃُ ؕ﴿۵﴾", "english": " And those to whom the Book was given did not become divided until after clear evidence had come to them.", "french": " Et ceux à qui le Livre avait été donné ne devinrent divisés qu’après que la preuve évidente leur soit parvenue.", "german": " Und die, denen die Schrift gegeben ward, waren nicht gespalten, ehe der deutliche Beweis zu ihnen gekommen war.", "spanish": " Mas aquellos a quienes se en­tregó el Libro no se dividieron sino después de que les llegara una prue­ba evidente.", "urdu": " اور (عجیب بات یہ ہے کہ) جن لوگوں کو (قرآن مجید جیسی مکمل) کتاب دی گئی ہے وہ اس واضح دلیل (یعنی رسول) کے آنے کے بعد ہی (مختلف گروہوں میں) تقسیم ہوئے ہیں۔"}, {"arabic": " وَ مَاۤ اُمِرُوۡۤا اِلَّا لِیَعۡبُدُوا اللّٰہَ مُخۡلِصِیۡنَ لَہُ الدِّیۡنَ ۬ۙ حُنَفَآءَ وَ یُقِیۡمُوا الصَّلٰوۃَ وَ یُؤۡتُوا الزَّکٰوۃَ وَ ذٰلِکَ دِیۡنُ الۡقَیِّمَۃِ ؕ﴿۶﴾", "english": " And they were not commanded but to serve Allah, being sincere to Him in obedience, and being upright, and to observe Prayer, and pay the Zakat. And that is the religion of the people of the right path.", "french": " Et ils ne reçurent que le commandement d’adorer Allāh, en étant sincères envers Lui en obéissance et en étant intègres, et d’observer la Prière, et de payer la Zakāt. Et c’est là la religion qui contient les enseignements qui sont durables.", "german": " Und doch war ihnen nichts anderes befohlen, als Allah zu dienen, in lauterem Gehorsam gegen Ihn und aufrechtem Glauben, und das Gebet zu verrichten und die Zakât zu zahlen. Und das ist der beständige Glaube.", "spanish": " Y no se les ordenó más que servir a Al‑lah, ser sincero con El en bediencia, ser rectos, cumplir la Oración y pagar el Zakat. Esa es la religión del pueblo del camino recto.", "urdu": " حالانکہ انہیں یہی حکم دیا گیا تھا کہ وہ صرف ایک خدا کی عبادت کریں اور عبادت کو صرف اس کے لئے مخصوص کر دیں (اس حالت میں کہ) وہ اپنے نیک میلانوں میں ثابت قدم رہنے والے ہوں اور (پھر صرف اس بات کا حکم دیا گیا تھا کہ) نماز باجماعت ادا کرتے رہیں اور زکٰوۃ دیں اور یہی (ہمیشہ صداقت پر) قائم رہنے والا دین ہے۔"}, {"arabic": " اِنَّ الَّذِیۡنَ کَفَرُوۡا مِنۡ اَہۡلِ الۡکِتٰبِ وَ الۡمُشۡرِکِیۡنَ فِیۡ نَارِ جَہَنَّمَ خٰلِدِیۡنَ فِیۡہَا ؕ اُولٰٓئِکَ ہُمۡ شَرُّ الۡبَرِیَّۃِ ؕ﴿۷﴾", "english": " Verily, those who disbelieve from among the People of the Book and the idolaters will be in the Fire of Hell, abiding therein. They are the worst of creatures.", "french": " En vérité, ceux qui refusent de croire parmi les Gens du Livre et les idolâtres seront dans le Feu de l’Enfer, y demeurant longtemps. Ceux-là sont les pires des créatures.", "german": " Wahrlich, jene, die ungläubig sind unter dem Volk der Schrift und den Götzendienern, werden im Feuer der Hölle sein, um darin zu bleiben. Sie sind die schlechtesten Geschöpfe.", "spanish": " En verdad, quienes no creen de entre el pueblo del Libro y los idó­latras, estarán en el Fuego del In­fierno, y morarán en él. Son los peores de todos los seres.", "urdu": " اہل کتاب اور مشرکوں میں سے کفر پر قائم رہنے والے لوگ یقیناً جہنم کی آگ میں (داخل) ہوں گے (اور وہ) اس میں رہتے چلے جائیں گے وہی لوگ بدترین خلائق ہیں۔"}, {"arabic": " اِنَّ الَّذِیۡنَ اٰمَنُوۡا وَ عَمِلُوا الصّٰلِحٰتِ ۙ اُولٰٓئِکَ ہُمۡ خَیۡرُ الۡبَرِیَّۃِ ؕ﴿۸﴾", "english": " Verily, those who believe and do good works — they are the best of creatures.", "french": " En vérité, ceux qui croient et font de bonnes œuvres – ceux-là sont les meilleures des créatures.", "german": " Die aber glauben und gute Werke üben, sie sind die besten Geschöpfe.", "spanish": " Ciertamente quienes creen y hacen buenas obras: son las mejores de las criaturas.", "urdu": " (اس کے مقابل پر) وہ لوگ جو (اہل کتاب اور مشرکوں میں سے) ایمان لے آئے اور انہوں نے (ایمان کے) مناسب حال عمل بھی کیے‘ وہی لوگ بہترین خلائق ہیں۔"}, {"arabic": " جَزَآؤُہُمۡ عِنۡدَ رَبِّہِمۡ جَنّٰتُ عَدۡنٍ تَجۡرِیۡ مِنۡ تَحۡتِہَا الۡاَنۡہٰرُ خٰلِدِیۡنَ فِیۡہَاۤ اَبَدًا ؕ رَضِیَ اللّٰہُ عَنۡہُمۡ وَ رَضُوۡا عَنۡہُ ؕ ذٰلِکَ لِمَنۡ خَشِیَ رَبَّہٗ ٪﴿۹﴾", "english": " Their reward is with their Lord — Gardens of Eternity, through which streams flow; they will abide therein for ever. Allah is well pleased with them, and they are well pleased with Him. That is for him who fears his Lord.", "french": " Leur récompense est auprès de leur Seigneur : les Jardins d’Eternité, sous lesquels coulent des ruisseaux ; ils y demeureront éternellement. Allāh est satisfait d’eux, et ils sont satisfaits de Lui. Cela est pour celui qui craint son Seigneur.", "german": " Ihr Lohn ist bei ihrem Herrn: Gärten der Ewigkeit, von Strömen durchflossen; darin werden sie weilen auf immer. Allah ist mit ihnen wohlzufrieden und sie wohlzufrieden mit Ihm. Das ist für den, der seinen Herrn fürchtet.", "spanish": " Su recompensa está con su Señor: Jardines de Eternidad por los que orren ríos; en ellos morarán para siempre. Al-lah se siente om­placido con ellos, y ellos complacidos con Él. Todo esto es para quien teme a su Señor.", "urdu": " ان کا بدلہ ان کے رب کے حضور میں قائم رہنے والے باغات ہونگے جن کے تلے نہریں بہتی ہونگی وہ ان میں رہتے چلے جائیں گے۔ اللہ ان سے راضی ہو گیا اور وہ اس (اللہ) سے راضی ہو گئے۔ یہی (جزا) اس کی شان کے مطابق ہے جو اپنے رب سے ڈرتا ہے۔"}], "Surah": 98}