{"Ayats": [{"arabic": " بِسۡمِ اللّٰہِ الرَّحۡمٰنِ الرَّحِیۡمِ﴿۱﴾", "english": " In the name of Allah, the Gracious, the Merciful.", "french": " Au nom d’Allāh, le Gracieux, le Miséricordieux.", "german": " Im Namen Allahs, des Gnädigen, des Barmherzigen.", "spanish": " En el nombre de Al-lah, el Clemente, el Misericordioso.", "urdu": " (میں) اللہ کا نام لے کر جو بے حد کرم کرنے والا (اور) باربار رحم کرنے والا ہے (پڑھتا ہوں) ۔"}, {"arabic": " یٰۤاَیُّہَا الَّذِیۡنَ اٰمَنُوۡا لَا تُقَدِّمُوۡا بَیۡنَ یَدَیِ اللّٰہِ وَ رَسُوۡلِہٖ وَ اتَّقُوا اللّٰہَ ؕ اِنَّ اللّٰہَ سَمِیۡعٌ عَلِیۡمٌ ﴿۲﴾", "english": " O ye who believe! be not forward in the presence of Allah and His Messenger, but fear Allah. Verily, Allah is All-Hearing, All-Knowing.", "french": " Ô vous qui croyez ! Ne devancez pas Allāh et Son Messager, mais craignez Allāh. En vérité, Allāh entend tout et sait tout.", "german": " O die ihr glaubt, seid nicht dreist vor Allah und Seinem Gesandten, sondern fürchtet Allah. Wahrlich, Allah ist allhörend, allwissend.", "spanish": " ¡Oh vosotros, creyentes! No seáis audaces con respecto a Al-lah y a Su Mensajero, sino temed a Al-lah. En verdad, Al-lah es Quien Todo lo oye, el Omnisciente.", "urdu": " اے مومنو! اللہ اور اس کے رسول کے سامنے بڑھ بڑھ کر باتیں نہ کیا کرو‘ اور اللہ کا تقویٰ اختیار کرو‘ اللہ بہت سننے والا (اور) جاننے والا ہے۔"}, {"arabic": " یٰۤاَیُّہَا الَّذِیۡنَ اٰمَنُوۡا لَا تَرۡفَعُوۡۤا اَصۡوَاتَکُمۡ فَوۡقَ صَوۡتِ النَّبِیِّ وَ لَا تَجۡہَرُوۡا لَہٗ بِالۡقَوۡلِ کَجَہۡرِ بَعۡضِکُمۡ لِبَعۡضٍ اَنۡ تَحۡبَطَ اَعۡمَالُکُمۡ وَ اَنۡتُمۡ لَا تَشۡعُرُوۡنَ ﴿۳﴾", "english": " O ye who believe! raise not your voices above the voice of the Prophet, and speak not aloud to him, as you speak aloud to one another, lest your works become vain while you perceive not.", "french": " Ô vous qui croyez ! N’élevez pas votre voix au-dessus de la voix du Prophète, et ne lui parlez pas à haute voix, comme vous vous parlez entre vous-mêmes, afin que vos bonnes œuvres ne deviennent vaines, sans que vous ne vous en aperceviez.", "german": " O die ihr glaubt, erhebt nicht eure Stimmen über die Stimme des Propheten und sprecht nicht so laut zu ihm, wie ihr laut zueinander redet, auf dass eure Werke nicht eitel werden, ohne dass ihr es merkt.", "spanish": " ¡Oh vosotros, creyentes! No levantéis vuestras voces por encima de la voz del Profeta, ni os dirijáis a él en voz alta como os dirigís mutuamente, no sea que vuestras buenas obras se pierdan sin que os deis cuenta.", "urdu": " اے مومنو! نبی کی آواز سے اپنی آواز اونچی نہ کیا کرو۔ اور نہ بلند آواز سے اس کے سامنے اس طرح بولا کرو جس طرح تم آپس میں ایک دوسرے کے سامنے اونچا بولتے ہو۔ ایسا نہ ہو کہ تمہارے اعمال ضائع ہو جائیں۔ اور تم جانتے بھی نہ ہو۔"}, {"arabic": " اِنَّ الَّذِیۡنَ یَغُضُّوۡنَ اَصۡوَاتَہُمۡ عِنۡدَ رَسُوۡلِ اللّٰہِ اُولٰٓئِکَ الَّذِیۡنَ امۡتَحَنَ اللّٰہُ قُلُوۡبَہُمۡ لِلتَّقۡوٰی ؕ لَہُمۡ مَّغۡفِرَۃٌ وَّ اَجۡرٌ عَظِیۡمٌ ﴿۴﴾", "english": " Verily those who lower their voices in the presence of the Messenger of Allah are the ones whose hearts Allah has purified for righteousness. For them is forgiveness and a great reward.", "french": " En vérité, ceux qui baissent la voix en présence du Messager d’Allāh, sont ceux dont Allāh a éprouvé le cœur pour la droiture. Ils auront un pardon et une très grande récompense.", "german": " Diejenigen, die ihre Stimmen vor dem Gesandten Allahs senken, sie sind es, deren Herzen Allah zur Gerechtigkeit geläutert hat. Für sie ist Verzeihung und ein großer Lohn.", "spanish": " En verdad, quienes bajan su voz en presencia del Mensajero de Al-lah son aquellos cuyos corazones Al-lah ha hecho justos por medio de pruebas. Para ellos habrá el perdón y una gran recompensa.", "urdu": " وہ لوگ جو اپنی آوازوں کو رسول کے سامنے دبا کر رکھتے ہیں‘ وہی ہیں جن کے دلوں کا اللہ نے تقویٰ کے لئے پوری طرح جائزہ لے لیا ہے‘ اور ان کے لئے مغفرت اور بڑا اجر مقدر ہے۔"}, {"arabic": " اِنَّ الَّذِیۡنَ یُنَادُوۡنَکَ مِنۡ وَّرَآءِ الۡحُجُرٰتِ اَکۡثَرُہُمۡ لَا یَعۡقِلُوۡنَ ﴿۵﴾", "english": " Those who shout out to thee from without thy private apartments — most of them lack understanding.", "french": " Ceux qui t’appellent à haute voix pendant qu’ils sont encore loin de ta demeure – la plupart d’entre eux sont dénués d’intelligence.", "german": " Jene aber, die dich von außerhalb der Wohnräume rufen – die meisten von ihnen sind bar der Einsicht.", "spanish": " En verdad que quienes comienzan a llamarte en voz alta cuando aún están a distancia de tus hogares: la mayoría de ellos carecen de entendimiento.", "urdu": " وہ لوگ جو کمروں کی دیواروں کے پیچھے سے تجھے آوازیں دیتے ہیں‘ ان میں سے اکثر بیوقوف ہیں۔"}, {"arabic": " وَ لَوۡ اَنَّہُمۡ صَبَرُوۡا حَتّٰی تَخۡرُجَ اِلَیۡہِمۡ لَکَانَ خَیۡرًا لَّہُمۡ ؕ وَ اللّٰہُ غَفُوۡرٌ رَّحِیۡمٌ ﴿۶﴾", "english": " And if they had waited patiently until thou came out to them, it would be better for them. But Allah is Most Forgiving, Merciful.", "french": " Et s’ils avaient patienté jusqu’à ce que tu sortes à leur rencontre , cela aurait mieux valu pour eux. Mais Allāh est Très-Pardonnant, Miséricordieux.", "german": " Wenn sie sich geduldeten, bis du zu ihnen herauskämest, so wäre es besser für sie. Doch Allah ist allverzeihend, barmherzig.", "spanish": " Mas si hubiesen esperado con paciencia hasta que salieras hacia ellos, habría sido mejor para ellos. Pero Al-lah es el Sumo Indulgente, Misericordioso.", "urdu": " اگر وہ اس وقت تک انتظار کرتے کہ تو ان کی طرف نکل کر باہر آجاتا تو یہ ان کے لئے اچھا ہوتا۔ اور اللہ بہت بخشنے والا (اور) باربار رحم کرنے والا ہے۔"}, {"arabic": " یٰۤاَیُّہَا الَّذِیۡنَ اٰمَنُوۡۤا اِنۡ جَآءَکُمۡ فَاسِقٌۢ بِنَبَاٍ فَتَبَیَّنُوۡۤا اَنۡ تُصِیۡبُوۡا قَوۡمًۢا بِجَہَالَۃٍ فَتُصۡبِحُوۡا عَلٰی مَا فَعَلۡتُمۡ نٰدِمِیۡنَ ﴿۷﴾", "english": " O ye who believe! if an unrighteous person brings you any news, ascertain the correctness of the report fully, lest you harm a people in ignorance, and then become repentant for what you have done.", "french": " Ô vous qui croyez ! Si un injuste vous apporte quelque nouvelle, assurez-vous bien de son exactitude afin que vous ne fassiez tort à certaines gens par ignorance, et que par la suite vous n’ayez à regretter ce que vous avez fait.", "german": " O die ihr glaubt, wenn ein Ruchloser euch eine Kunde bringt, prüft (sie) nach, damit ihr nicht anderen Leuten in Unwissenheit ein Unrecht zufügt und hernach bereuen müsst, was ihr getan.", "spanish": " ¡Oh vosotros, los creyentes! Si una persona injusta os trae alguna noticia, verificad a fondo la exactitud del informe, no sea que perjudiquéis a alguien por ignorancia, y os arrepintáis después de lo que habéis hecho.", "urdu": " اے مومنو! اگر تمہارے پاس کوئی فاسق کوئی اہم خبر لائے‘ تو اس کی تحقیق کر لیا کرو۔ ایسا نہ ہو کہ تم ناواقفی سے کسی قوم پر حملہ کر دو‘ اور پھر اپنے کینے پر شرمندہ ہو جاٶ۔"}, {"arabic": " وَ اعۡلَمُوۡۤا اَنَّ فِیۡکُمۡ رَسُوۡلَ اللّٰہِ ؕ لَوۡ یُطِیۡعُکُمۡ فِیۡ کَثِیۡرٍ مِّنَ الۡاَمۡرِ لَعَنِتُّمۡ وَ لٰکِنَّ اللّٰہَ حَبَّبَ اِلَیۡکُمُ الۡاِیۡمَانَ وَ زَیَّنَہٗ فِیۡ قُلُوۡبِکُمۡ وَ کَرَّہَ اِلَیۡکُمُ الۡکُفۡرَ وَ الۡفُسُوۡقَ وَ الۡعِصۡیَانَ ؕ اُولٰٓئِکَ ہُمُ الرّٰشِدُوۡنَ ۙ﴿۸﴾", "english": " And know that among you is the Messenger of Allah; if he were to comply with your wishes in most of the matters, you would surely come to trouble; but Allah has endeared the faith to you and has made it look beautiful to your hearts, and He has made disbelief, wickedness and disobedience hateful to you. Such indeed are those who follow the right course,", "french": " Et sachez que parmi vous se trouve le Messager d’Allāh ; s’il devait se conformer à vos désirs dans la plupart des cas, vous auriez assurément des ennuis ; mais Allāh vous a rendu chère la foi, et l’a rendue agréable à votre cœur, et Il vous a fait détester la mécréance, l’iniquité, et la désobéissance. En vérité, ceux-là suivent la bonne voie,", "german": " Und wisset, dass der Gesandte Allahs unter euch ist. Würde er in so manchen Dingen sich nach euren Wünschen richten, ihr würdet sicherlich ins Unglück geraten; jedoch Allah hat euch den Glauben lieb gemacht und ihn schön geschmückt in euren Herzen, und Er hat euch Unglauben, Widerspenstigkeit und Widersetzlichkeit verabscheuenswert gemacht. Das sind jene, die der rechten Bahn folgen", "spanish": " Sabed que entre vosotros está el Mensajero de Al-lah; si tuviera que cumplir vuestros deseos en la mayoría de los asuntos, ciertamente os eríais en problemas; mas Al-lah os ha hecho atractiva la fe y ha hecho que aparezca bella para vuestros corazones, haciendo que la incredulidad, la maldad y la desobediencia os sean odiosas. Ésos son, en verdad, quienes siguen el camino recto,", "urdu": " اور جان لو کہ اس وقت اللہ کا رسول تم میں موجود ہے‘ اگر اکثر امور میں وہ تمہاری بات مان لیا کرے تو تم تکلیف میں پڑ جاٶ لیکن اللہ نے تمہاری نگاہ میں ایمان کو پیارا بنایا ہے اور تمہارے دلوں میں اس کو خوبصورت کرکے دکھایا ہے اور تمہاری نگاہ میں کفر اور اطاعت سے نکل جانے اور نافرمانی کرنے کو ناپسندیدہ کرکے دکھایا ہے (جو لوگ اس آیت کے مصداق ہیں) وہی لوگ سیدھے راستہ پر ہیں۔"}, {"arabic": " فَضۡلًا مِّنَ اللّٰہِ وَ نِعۡمَۃً ؕ وَ اللّٰہُ عَلِیۡمٌ حَکِیۡمٌ ﴿۹﴾", "english": " Through the grace and favour of Allah. And Allah is All-Knowing, Wise.", "french": " De la part d’Allāh, c’est une grâce et une faveur. Et Allāh est Omniscient, Sage.", "german": " durch die Gnade und die Huld Allahs. Und Allah ist allwissend, allweise.", "spanish": " A través de la gracia y el favor de Al-lah. Pues Al-lah es el Omnisciente, Sabio.", "urdu": " (یہ محض) اللہ کے فضل اور نعمت سے ہے اور اللہ خوب جاننے والا (اور) حکمت والا ہے۔"}, {"arabic": " وَ اِنۡ طَآئِفَتٰنِ مِنَ الۡمُؤۡمِنِیۡنَ اقۡتَتَلُوۡا فَاَصۡلِحُوۡا بَیۡنَہُمَا ۚ فَاِنۡۢ بَغَتۡ اِحۡدٰٮہُمَا عَلَی الۡاُخۡرٰی فَقَاتِلُوا الَّتِیۡ تَبۡغِیۡ حَتّٰی تَفِیۡٓءَ اِلٰۤی اَمۡرِ اللّٰہِ ۚ فَاِنۡ فَآءَتۡ فَاَصۡلِحُوۡا بَیۡنَہُمَا بِالۡعَدۡلِ وَ اَقۡسِطُوۡا ؕ اِنَّ اللّٰہَ یُحِبُّ الۡمُقۡسِطِیۡنَ ﴿۱۰﴾", "english": " And if two parties of believers fight against each other , make peace between them; then if after that one of them transgresses against the other, fight the party that transgresses until it returns to the command of Allah. Then if it returns, make peace between them with equity, and act justly. Verily, Allah loves the just.", "french": " Et si deux groupes de croyants se font la guerre, faites la paix entre eux ; puis, si par la suite l’un des deux transgresse contre l’autre, combattez le groupe transgresseur, jusqu’à ce qu’il retourne au commandement d’Allāh. S’il y retourne, alors faites la paix entre eux avec équité, et agissez avec justice. En vérité, Allāh aime les hommes équitables.", "german": " Wenn zwei Parteien der Gläubigen miteinander streiten, dann stiftet Frieden unter ihnen; wenn aber eine von ihnen sich gegen die andere vergeht, so bekämpft die Partei, die sich verging, bis sie zu Allahs Befehl zurückkehrt. Kehrt sie zurück, dann stiftet Frieden zwischen ihnen nach Gerechtigkeit, und handelt billig. Wahrlich, Allah liebt die billig Handelnden.", "spanish": " Mas si dos grupos de creyentes luchan mutuamente , estableced la paz entre ellos; si, después de eso, uno de ellos trasgrede contra el otro, combatid al grupo trasgresor hasta que vuelva al mandamiento de Al-lah. Luego, si retorna, estableced la paz entre ellos con equidad, y actuad con justicia. En verdad, Al-lah ama al justo.", "urdu": " اور اگر مومنوں کے دو گروہ آپس میں لڑ پڑیں تو ان دونوں میں صلح کرادو۔ پھر اگر صلح ہو جانے کے بعد ان میں سے کوئی ایک دوسرے پر چڑھائی کرے‘ تو سب مل کر اس چڑھائی کرنے والے کے خلاف جنگ کرو یہاں تک کہ وہ اللہ کے حکم کی طرف لوٹ آئے پھر اگر وہ اللہ کے حکم کی طرف لوٹ آئے تو عدل کے ساتھ ان (دونوں لڑنے والوں) میں صلح کرادو اور انصاف کو مدنظر رکھو اللہ انصاف کرنے والوں کو پسند کرتا ہے۔"}, {"arabic": " اِنَّمَا الۡمُؤۡمِنُوۡنَ اِخۡوَۃٌ فَاَصۡلِحُوۡا بَیۡنَ اَخَوَیۡکُمۡ وَ اتَّقُوا اللّٰہَ لَعَلَّکُمۡ تُرۡحَمُوۡنَ ﴿٪۱۱﴾", "english": " Surely all believers are brothers. So make peace between brothers, and fear Allah that mercy may be shown to you.", "french": " Assurément tous les croyants sont frères. Faites donc la paix entre vos frères, et craignez Allāh pour que la miséricorde vous soit accordée.", "german": " Die Gläubigen sind ja Brüder. Stiftet drum Frieden zwischen euren Brüdern und nehmet Allah zu eurem Beschützer, auf dass euch Barmherzigkeit erwiesen werde.", "spanish": " En verdad, todos los creyentes son hermanos. Estableced, pues, la paz entre hermanos, y temed a Al-lah para que se os muestre misericordia.", "urdu": " مومنوں کا رشتہ آپس میں صرف بھائی بھائی کا ہے پس تم اپنے بھائیوں کے درمیان جو آپس میں لڑتے ہوں صلح کرا دیا کرو اور اللہ کا تقویٰ اختیار کرو تا کہ تم پر رحم کیا جائے۔"}, {"arabic": " یٰۤاَیُّہَا الَّذِیۡنَ اٰمَنُوۡا لَا یَسۡخَرۡ قَوۡمٌ مِّنۡ قَوۡمٍ عَسٰۤی اَنۡ یَّکُوۡنُوۡا خَیۡرًا مِّنۡہُمۡ وَ لَا نِسَآءٌ مِّنۡ نِّسَآءٍ عَسٰۤی اَنۡ یَّکُنَّ خَیۡرًا مِّنۡہُنَّ ۚ وَ لَا تَلۡمِزُوۡۤا اَنۡفُسَکُمۡ وَ لَا تَنَابَزُوۡا بِالۡاَلۡقَابِ ؕ بِئۡسَ الِاسۡمُ الۡفُسُوۡقُ بَعۡدَ الۡاِیۡمَانِ ۚ وَ مَنۡ لَّمۡ یَتُبۡ فَاُولٰٓئِکَ ہُمُ الظّٰلِمُوۡنَ ﴿۱۲﴾", "english": " O ye who believe! let not one people deride another people, who may be better than they, nor let women deride other women, who may be better than they. And defame not your own people, nor call one another by nicknames. Bad indeed is evil reputation after the profession of belief; and those who repent not are the wrongdoers.", "french": " Ô vous qui croyez ! Qu’un peuple ne raille pas un autre peuple qui pourrait bien valoir mieux que lui, et que les femmes ne se moquent pas d’autres femmes, qui pourraient bien être meilleures qu’elles. Et ne vous diffamez pas les uns les autres, et ne vous donnez pas entre vous des sobriquets par sarcasme . C’est en effet très vilain de se faire une mauvaise réputation après avoir professé la croyance ; et ceux qui ne se repentent pas sont du nombre des injustes.", "german": " O die ihr glaubt! lasset nicht ein Volk über das andere spotten, vielleicht sind diese besser als jene; noch Frauen (eines Volkes) über Frauen (eines anderen Volkes), vielleicht sind diese besser als jene. Und verleumdet einander nicht und gebet einander nicht Schimpfnamen. Schlimm ist das Wort: Ungehorsam nach dem Glauben; und wer nicht ablässt, das sind die Frevler.", "spanish": " ¡Oh vosotros, los creyentes! No permitáis que un pueblo se burle de otro, que puede ser mejor que ellos, ni que las mujeres se burlen de otras mujeres, que pueden ser mejores que ellas. o calumniéis a vuestra propia gente, ni os burléis unos de otros mediante motes. Malo es, en verdad , ganar una mala reputación después de profesar la fe; y quienes no se arrepienten son los malvados.", "urdu": " اے مومنو! کوئی قوم کسی قوم سے اسے حقیر سمجھ کو ہنسی مذاق نہ کیا کرے۔ ممکن ہے کہ وہ ان سے اچھی ہو اور نہ (کسی قوم کی) عورتیں دوسری (قوم کی) عورتیں کو حقیر سمجھ کر ان سے ہنسی ٹھٹھا کیا کریں۔ ممکن ہے کہ وہ (دوسری قوم یا حالات والی) عورتیں ان سے بہتر ہوں اور نہ تم ایک دوسرے پر طعن کیا کرو اور نہ ایک دوسرے کو برے ناموں سے یاد کیا کرو‘ کیونکہ ایمان کے بعد اطاعت سے نکل جانا ایک بہت ہی برے نام کا مستحق بنا دیتا ہے (یعنی فاسق کا) اور جو بھی توبہ نہ کرے وہ ظالم ہوگا۔"}, {"arabic": " یٰۤاَیُّہَا الَّذِیۡنَ اٰمَنُوا اجۡتَنِبُوۡا کَثِیۡرًا مِّنَ الظَّنِّ ۫ اِنَّ بَعۡضَ الظَّنِّ اِثۡمٌ وَّ لَا تَجَسَّسُوۡا وَ لَا یَغۡتَبۡ بَّعۡضُکُمۡ بَعۡضًا ؕ اَیُحِبُّ اَحَدُکُمۡ اَنۡ یَّاۡکُلَ لَحۡمَ اَخِیۡہِ مَیۡتًا فَکَرِہۡتُمُوۡہُ ؕ وَ اتَّقُوا اللّٰہَ ؕ اِنَّ اللّٰہَ تَوَّابٌ رَّحِیۡمٌ ﴿۱۳﴾", "english": " O ye who believe! avoid most of suspicions; for suspicion in some cases is a sin. And spy not, nor back-bite one another. Would any of you like to eat the flesh of his brother who is dead? Certainly you would loathe it. And fear Allah, surely, Allah is Oft-Returning with compassion and is Merciful.", "french": " Ô vous qui croyez ! Evitez de vous adonner à trop de soupçons ; car dans certains cas le soupçon est réellement un péché. Et n’espionnez pas, et ne médisez pas non plus les uns des autres. L’un de vous aimerait-il manger la chair de son frère mort ? ! Certainement, vous en auriez horreur. Et craignez Allāh. Assurément, Allāh revient sans cesse avec compassion et est Miséricordieux.", "german": " O die ihr glaubt! vermeidet häufigen Argwohn, denn mancher Argwohn ist Sünde. Und belauert nicht und führt nicht üble Nachrede übereinander. Würde wohl einer von euch gerne das Fleisch seines toten Bruders essen? Sicherlich würdet ihr es verabscheuen. So fürchtet Allah. Wahrlich, Allah ist langmütig, barmherzig.", "spanish": " ¡Oh vosotros, los creyentes! Evitad al máximo caer en las sospechas; pues algunas sospechas son ciertamente un pecado. No espiéis ni murmuréis de los demás. ¿Le gustaría a alguno de vosotros comer la carne de su hermano difunto? Cierto que os repugnaría. Y temed a l-lah, pues en verdad Al-lah es el Remisorio con compasión, y es Misericordioso.", "urdu": " اے ایمان والو! بہت سے گمانوں سے بچتے رہا کرو‘ کیونکہ بعض گمان گناہ بن جاتے ہیں‘ اور تجسس سے کام نہ لیا کرو۔ اور تم میں سے بعض‘ بعض کی غیبت نہ کیا کریں۔ کیا تم میں سے کوئی اپنے مردہ بھائی کا گوشت کھانا پسند کرے گا (اگر تمہاری طرف یہ بات منسوب کی جائے تو) تم اس کو ناپسند کرو گے اوراللہ کا تقویٰ اختیار کرو‘ اللہ بہت ہی توبہ قبول کرنے والا (اور) باربار رحم کرنے والا ہے۔"}, {"arabic": " یٰۤاَیُّہَا النَّاسُ اِنَّا خَلَقۡنٰکُمۡ مِّنۡ ذَکَرٍ وَّ اُنۡثٰی وَ جَعَلۡنٰکُمۡ شُعُوۡبًا وَّ قَبَآئِلَ لِتَعَارَفُوۡا ؕ اِنَّ اَکۡرَمَکُمۡ عِنۡدَ اللّٰہِ اَتۡقٰکُمۡ ؕ اِنَّ اللّٰہَ عَلِیۡمٌ خَبِیۡرٌ ﴿۱۴﴾", "english": " O mankind, We have created you from a male and a female; and We have made you into tribes and sub-tribes that you may recognize one another. Verily, the most honourable among you, in the sight of Allah, is he who is the most righteous among you. Surely, Allah is All-knowing, All-Aware.", "french": " Ô hommes, Nous vous avons créés d’un mâle et d’une femelle ; et Nous avons fait de vous des clans et des tribus afin que vous puissiez vous reconnaître. En vérité, le plus honorable d’entre vous aux yeux d’Allāh est le plus pieux parmi vous. Assurément, Allāh est Omniscient, Très-Conscient.", "german": " O ihr Menschen, Wir haben euch von Mann und Weib erschaffen und euch zu Völkern und Stämmen gemacht, dass ihr einander kennen möchtet. Wahrlich, der Angesehenste von euch ist vor Allah der, der unter euch der Gerechteste ist. Siehe, Allah ist allwissend, allkundig.", "spanish": " ¡Oh, humanos! Os hemos creado de varón y hembra; y os hemos constituido en clanes y tribus para que os reconozcáis mutuamente. En verdad, el más honorable de entre vosotros, a la vista de Al-lah, es el más justo de vosotros. Ciertamente Al-lah es Omnisciente, Conocedor de todo.", "urdu": " اے لوگو! ہم نے تم کو مرد اور عورت سے پیدا کیا ہے اور تم کو کئی گروہوں اور قبائل میں تقسیم کر دیا ہے تا کہ تم ایک دوسرے کو پہچانو۔ اللہ کے نزدیک تم میں سے زیادہ معزز وہی ہے جو سب سے زیادہ متقی ہے۔ اللہ یقیناً بہت علم رکھنے والا (اور) بہت خبر رکھنے والا ہے۔"}, {"arabic": " قَالَتِ الۡاَعۡرَابُ اٰمَنَّا ؕ قُلۡ لَّمۡ تُؤۡمِنُوۡا وَ لٰکِنۡ قُوۡلُوۡۤا اَسۡلَمۡنَا وَ لَمَّا یَدۡخُلِ الۡاِیۡمَانُ فِیۡ قُلُوۡبِکُمۡ ؕ وَ اِنۡ تُطِیۡعُوا اللّٰہَ وَ رَسُوۡلَہٗ لَا یَلِتۡکُمۡ مِّنۡ اَعۡمَالِکُمۡ شَیۡئًا ؕ اِنَّ اللّٰہَ غَفُوۡرٌ رَّحِیۡمٌ ﴿۱۵﴾", "english": " The Arabs of the desert say, ‘We believe.’ Say, “You have not believed yet ; but rather say, ‘We have accepted Islam,’ for the true belief has not yet entered into your hearts.” But if you obey Allah and His Messenger, He will not detract anything from your deeds Surely, Allah is Most Forgiving, Merciful.", "french": " Les Arabes du désert disent : « Nous croyons. » Dis : « Vous n’avez pas encore cru ; mais dites plutôt, 'Nous avons embrassé l’Islam,' car la vraie foi n’est pas encore entrée dans votre cœur. » Mais si vous obéissez à Allāh et à Son Messager, Il ne vous diminuera rien de vos œuvres. Assurément, Allāh est Très-Pardonnant, Miséricordieux. »", "german": " Die Wüstenaraber sprechen: \"Wir glauben.\" Sprich: \"Ihr glaubet nicht; saget vielmehr: \"Wir haben den Islam angenommen\", denn der Glaube ist noch nicht eingezogen in eure Herzen.\" Wenn ihr aber Allah gehorcht und Seinem Gesandten, so wird Er euch nichts verringern von euren Werken. Allah ist allvergebend, barmherzig.", "spanish": " Los árabes del desierto dicen: “Creemos”. Diles: “ Aún no habéis creído; sino decid más bien: “Hemos aceptado el Islam; pues la fe auténtica no ha entrado aún en vuestros corazones”. Mas si obedecéis a Al-lah y a Su Mensajero, Él no restará mérito alguno a vuestras obras. En verdad, Al-lah es el Sumo Indulgente, Misericordioso.", "urdu": " اعراب کہتے ہیں کہ ہم ایمان لے آئے تو ان سے کہدے کہ تم حقیقتاً ایمان نہیں لائے لیکن تم یہ کہا کرو کہ ہم نے ظاہری طور پر فرمانبرداری قبول کر لی ہے۔ کیونکہ (اے اعراب) ابھی ایمان تمہارے دلوں میں حقیقتاً داخل نہیں ہوا۔ اور اے مومنو! اگر تم اللہ اور اس کے رسول کی سچی اطاعت کرو گے‘ تو وہ تمہارے اعمال میں سے کوئی عمل بھی ضائع نہیں ہونے دے گا اللہ بہت بخشنے والا (اور) باربار رحم کرنے والا ہے۔"}, {"arabic": " اِنَّمَا الۡمُؤۡمِنُوۡنَ الَّذِیۡنَ اٰمَنُوۡا بِاللّٰہِ وَ رَسُوۡلِہٖ ثُمَّ لَمۡ یَرۡتَابُوۡا وَ جٰہَدُوۡا بِاَمۡوَالِہِمۡ وَ اَنۡفُسِہِمۡ فِیۡ سَبِیۡلِ اللّٰہِ ؕ اُولٰٓئِکَ ہُمُ الصّٰدِقُوۡنَ ﴿۱۶﴾", "english": " The believers are only those who truly believe in Allah and His Messenger, and then doubt not, but strive with their possessions and their persons in the cause of Allah. It is they who are truthful.", "french": " Les croyants sont seulement ceux qui croient vraiment en Allāh et en Son Messager, et ensuite ne doutent pas, mais luttent avec leurs biens et leurs personnes pour la cause d’Allāh. Ceux-là sont les véridiques.", "german": " Die Gläubigen sind nur jene, die an Allah und Seinen Gesandten glauben und dann nicht zweifeln, sondern mit ihrem Besitz und ihrer Person für Allahs Sache streiten. Das sind die Wahrhaften.", "spanish": " Sólo son creyentes quienes creen sinceramente en Al-lah y en Su Mensajero y después no dudan, sino que se esfuerzan con todo lo que poseen y con sus personas por la causa de Al-lah. Ellos son los veraces.", "urdu": " مومن وہی ہوتے ہیں جو اللہ اور اس کے رسول پر ایمان لاتے ہیں۔ پھر شبہ میں مبتلا نہیں ہوتے اور اپنے مالوں اور اپنی جانوں کے ذریعہ سے اللہ کے راستہ میں جہاد کرتے ہیں۔ یہی لوگ سچے ہیں۔"}, {"arabic": " قُلۡ اَتُعَلِّمُوۡنَ اللّٰہَ بِدِیۡنِکُمۡ ؕ وَ اللّٰہُ یَعۡلَمُ مَا فِی السَّمٰوٰتِ وَ مَا فِی الۡاَرۡضِ ؕ وَ اللّٰہُ بِکُلِّ شَیۡءٍ عَلِیۡمٌ ﴿۱۷﴾", "english": " Say, ‘Will you acquaint Allah with your faith, while Allah knows whatever is in the heavens and whatever is in the earth, and Allah knows all things full well?’", "french": " Dis : « Essayez-vous d’aviser Allāh de votre foi, alors qu’Allāh connaît tout ce qui est dans les cieux et tout ce qui est sur la terre, et qu’Allāh connaît très bien toutes les choses ? »", "german": " Sprich: \"Wollt ihr Allah über eure Religion belehren, während Allah doch alles kennt, was in den Himmeln und was auf Erden ist, und Allah alle Dinge weiß?\"", "spanish": " Diles: “¿Pretendéis enseñar a Al-lah con vuestra fe, cuando Al-lah conoce cuanto hay en los cielos y cuanto hay en la tierra, y conoce perfectamente todas las cosas?”.", "urdu": " تو کہہ دے‘ کیا تم اللہ کو اپنے دین سے واقف کرتے ہو اور اللہ تو اس کو بھی جانتا ہے جو آسمانوں میں ہے اور جو زمین میں ہے اور اللہ (اس کے سوا بھی) ہر ایک چیز جانتا ہے۔"}, {"arabic": " یَمُنُّوۡنَ عَلَیۡکَ اَنۡ اَسۡلَمُوۡا ؕ قُلۡ لَّا تَمُنُّوۡا عَلَیَّ اِسۡلَامَکُمۡ ۚ بَلِ اللّٰہُ یَمُنُّ عَلَیۡکُمۡ اَنۡ ہَدٰٮکُمۡ لِلۡاِیۡمَانِ اِنۡ کُنۡتُمۡ صٰدِقِیۡنَ ﴿۱۸﴾", "english": " They think they have done thee a favour by their embracing Islam. Say, ‘Deem not your embracing Islam a favour unto me. On the contrary, Allah has bestowed a favour upon you in that He has guided you to the true Faith, if you are truthful.’", "french": " Ils étalent leur conversion à l’Islam comme une faveur faite à ton égard. Dis : « Ne faites pas étalage de votre acceptation de l’Islam comme une faveur faite à mon égard. Non , au contraire, c’est Allāh Qui vous a accordé une faveur en ce qu’Il vous a guidés vers la vraie foi, si vous êtes véridiques dans votre revendication d’être des croyants. »", "german": " Sie halten es dir als eine Gnade vor, dass sie den Islam angenommen haben. Sprich: \"Haltet mir eure Annahme des Islam nicht als eine Gnade gegen mich vor. Vielmehr hat Allah euch eine Gnade erwiesen, indem Er euch zu dem Glauben geleitet hat, wenn ihr wahrhaftig seid.\"", "spanish": " Piensan que te han hecho un favor abrazando el Islam. Diles: “No hagáis alarde de vuestra aceptación del Islam como si fuera un favor para mí. Bien al contrario, sois vosotros a quienes Al-lah ha avorecido guiándoos a la fe verdadera , si sois veraces en vuestra afirmación de ser creyentes ”.", "urdu": " یہ (اعراب) اپنے اسلام لانے کا تجھ پر احسان جتاتے ہیں تو کہہ اپنے اسلام لانے کا احسان مجھ پر نہ رکھو۔ حقیقت یہ ہے کہ اللہ تم کو ایمان کی طرف ہدایت دینے کا تم پر احسان رکھتا ہے اگر تم (اس دعویٰ میں) سچے ہو (کہ ایمان لائے ہو۔ تو اس حقیقت کو قبول کرو) ۔"}, {"arabic": " اِنَّ اللّٰہَ یَعۡلَمُ غَیۡبَ السَّمٰوٰتِ وَ الۡاَرۡضِ ؕ وَ اللّٰہُ بَصِیۡرٌۢ بِمَا تَعۡمَلُوۡنَ ﴿٪۱۹﴾", "english": " Verily, Allah knows the secrets of the heavens and the earth. And Allah sees all that you do.", "french": " En vérité, Allāh connaît les secrets des cieux et de la terre. Et Allāh voit bien tout ce que vous faites.", "german": " Allah kennt die Geheimnisse der Himmel und der Erde; und Allah sieht alles, was ihr tut.", "spanish": " En verdad, Al-lah conoce los secretos de los cielos y la tierra. Y Al-lah ve todo lo que hacéis.", "urdu": " اللہ آسمانوں کا غیب بھی جانتا ہے اور زمین کا بھی۔ اور اللہ تمہارے اعمال کو خوب اچھی طرح دیکھ رہا ہے۔"}], "Surah": 49}