{"Ayats": [{"arabic": " بِسۡمِ اللّٰہِ الرَّحۡمٰنِ الرَّحِیۡمِ﴿۱﴾", "english": " In the name of Allah, the Gracious, the Merciful.", "french": " Au nom d’Allāh, le Gracieux, le Miséricordieux.", "german": " Im Namen Allahs, des Gnädigen, des Barmherzigen.", "spanish": " En el nombre de Al‑lah, el Clemente, el Misericordioso.", "urdu": " (میں) اللہ کا نام لے کر جو بے حد کرم کرنے والا (اور) باربار رحم کرنے والا ہے (پڑھتا ہوں)"}, {"arabic": " اَرَءَیۡتَ الَّذِیۡ یُکَذِّبُ بِالدِّیۡنِ ؕ﴿۲﴾", "english": " Hast thou seen him who rejects religion?", "french": " As-tu vu celui qui traite la religion de mensonge ?", "german": " Hast du den nicht gesehen, der die Religion lügenhaft nennt?", "spanish": " ¿No has visto a quien rechaza la religión?", "urdu": " (اے مخاطب)! کیا تو نے اس شخص کو پہچانا جو دین کو جھٹلاتا ہے۔"}, {"arabic": " فَذٰلِکَ الَّذِیۡ یَدُعُّ الۡیَتِیۡمَ ۙ﴿۳﴾", "english": " That is the one who drives away the orphan,", "french": " C’est celui qui repousse l’orphelin,", "german": " Das ist der, der die Waise verstößt", "spanish": " Es quien rechaza al huér­fano,", "urdu": " وہی تو ہے جو یتیم کو دھتکارا کرتا تھا۔"}, {"arabic": " وَ لَا یَحُضُّ عَلٰی طَعَامِ الۡمِسۡکِیۡنِ ؕ﴿۴﴾", "english": " And urges not the feeding of the poor.", "french": " Et n’exhorte pas les autres à nourrir le pauvre.", "german": " und nicht zur Speisung des Armen antreibt.", "spanish": " Y no incita a dar de comer a los pobres.", "urdu": " اور وہ مسکین کو کھانا کھلانے کے لئے (لوگوں کو کبھی) ترغیب نہیں دیتا تھا۔"}, {"arabic": " فَوَیۡلٌ لِّلۡمُصَلِّیۡنَ ۙ﴿۵﴾", "english": " So woe to those who pray,", "french": " Aussi malheur à ceux qui prient,", "german": " So wehe denen, die Gebete sprechen,", "spanish": " Ay, pues, de aquellos que oran,", "urdu": " اور ان نمازیوں کے لئے بھی ہلاکت ہے۔"}, {"arabic": " الَّذِیۡنَ ہُمۡ عَنۡ صَلَاتِہِمۡ سَاہُوۡنَ ۙ﴿۶﴾", "english": " But are unmindful of their Prayer.", "french": " Mais sont oublieux de leur Prière.", "german": " doch ihres Gebetes uneingedenk sind,", "spanish": " Pero no se dan cuenta de lo que rezan.", "urdu": " جو اپنی نمازوں سے غافل رہتے ہیں۔"}, {"arabic": " الَّذِیۡنَ ہُمۡ یُرَآءُوۡنَ ۙ﴿۷﴾", "english": " They like to be seen of men ,", "french": " Ils veulent se faire admirer,", "german": " die nur gesehen sein wollen", "spanish": " Aquellos que se jactan,", "urdu": " (اور) جو لوگ صرف دکھاوے سے کام لیتے ہیں۔"}, {"arabic": " وَ یَمۡنَعُوۡنَ الۡمَاعُوۡنَ ٪﴿۸﴾", "english": " And withhold legal alms.", "french": " Et ils privent les gens même de petits secours quotidiens.", "german": " und die kleinsten Dienste nicht erweisen.", "spanish": " Y privan a la gente de los mas pequeños beneficios.", "urdu": " اور وہ اپنے گھر کے معمولی سامان تک دینے سے (اپنے نفسوں کو اور دوسروں کو) روکتے رہتے ہیں۔"}], "Surah": 107}