{"Ayats": [{"arabic": " بِسۡمِ اللّٰہِ الرَّحۡمٰنِ الرَّحِیۡمِ﴿۱﴾", "english": " In the name of Allah, the Gracious, the Merciful.", "french": " Au nom d’Allāh, le Gracieux, le Miséricordieux.", "german": " Im Namen Allahs, des Gnädigen, des Barmherzigen.", "spanish": " En el nombre de Al‑lah, el Clemente, el Misericordioso.", "urdu": " (میں) اللہ کا نام لے کر جو بے حد کرم کرنے والا (اور) باربار رحم کرنے والا ہے (پڑھتا ہوں)"}, {"arabic": " اِنَّاۤ اَعۡطَیۡنٰکَ الۡکَوۡثَرَ ؕ﴿۲﴾", "english": " Surely We have given thee abundance of good ;", "french": " Assurément, Nous t’avons donné l’abondance de bien ,", "german": " Wahrlich, Wir haben dir Fülle des Guten gegeben;", "spanish": " En verdad, te hemos conce­dido abundancia de bienes;", "urdu": " (اے نبی)! یقیناً ہم نے تجھے کوثر عطا کیا ہے۔"}, {"arabic": " فَصَلِّ لِرَبِّکَ وَ انۡحَرۡ ؕ﴿۳﴾", "english": " So pray to thy Lord, and offer sacrifice.", "french": " Aussi, prie ton Seigneur, et offre des sacrifices.", "german": " so bete zu deinem Herrn und opfere.", "spanish": " Ora, pues, a tu Señor y ofrece sacrificio.", "urdu": " سو تو (اس کے شکریہ میں) اپنے رب کی (کثرت سے) عبادت کر اور اسی کی خاطر قربانیاں کر ۔"}, {"arabic": " اِنَّ شَانِئَکَ ہُوَ الۡاَبۡتَرُ ٪﴿۴﴾", "english": " Surely, it is thy enemy who is without issue.", "french": " Assurément, c’est ton ennemi qui sera sans postérité.", "german": " Fürwahr, es ist dein Feind, der ohne Nachkommenschaft sein soll.", "spanish": " En verdad, es tu enemigo, quien carece de descendencia.", "urdu": " اور یقین رکھ کہ تیرا مخالف ہی نرینہ اولاد سے محروم ثابت ہوگا۔"}], "Surah": 108}