{"Ayats": [{"arabic": " بِسۡمِ اللّٰہِ الرَّحۡمٰنِ الرَّحِیۡمِ﴿۱﴾", "english": " In the name of Allah, the Gracious, the Merciful.", "french": " Au nom d’Allāh, le Gracieux, le Miséricordieux.", "german": " Im Namen Allahs, des Gnädigen, des Barmherzigen.", "spanish": " En el nombre de Al‑lah, el Clemente, el Misericordioso.", "urdu": " (میں) اللہ کا نام لے کر جو بے حد کرم کرنے والا (اور) باربار رحم کرنے والا ہے (پڑھتا ہوں)"}, {"arabic": " ہَلۡ اَتٰٮکَ حَدِیۡثُ الۡغَاشِیَۃِ ؕ﴿۲﴾", "english": " Has there come to thee the news of the overwhelming calamity ?", "french": " La nouvelle de la calamité accablante t’est-elle parvenue ?", "german": " Ist zu dir die Kunde von der überwältigenden (Heimsuchung) gedrungen?", "spanish": " ¿Acaso no te ha llegado la noticia de la desgracia abruma­dora?", "urdu": " کیا تجھے (دنیا پر) چھا جانے والی (مصیبت) کی بھی خبر پہنچی ہے؟"}, {"arabic": " وُجُوۡہٌ یَّوۡمَئِذٍ خَاشِعَۃٌ ۙ﴿۳﴾", "english": " Some faces on that day will be downcast;", "french": " Ce jour-là, des visages seront abattus ;", "german": " (Manche) Gesichter werden an jenem Tage niedergeschlagen sein;", "spanish": " En ese día, algunos rostros estarán abatidos;", "urdu": " اس دن (جب وہ مصیبت چھا جائے گی) کچھ چہرے اترے ہوئے ہونگے۔"}, {"arabic": " عَامِلَۃٌ نَّاصِبَۃٌ ۙ﴿۴﴾", "english": " Toiling, weary.", "french": " Peinants, fatigués,", "german": " sich abarbeitend, müde,", "spanish": " Penosos, agotados.", "urdu": " (وہ) محنت کر رہے ہوں گے (اور) تھک کر چور ہو رہے ہوں گے۔"}, {"arabic": " تَصۡلٰی نَارًا حَامِیَۃً ۙ﴿۵﴾", "english": " They shall enter a burning Fire;", "french": " Ils entreront dans un Feu brûlant ;", "german": " werden sie in ein schreckliches Feuer eingehen;", "spanish": " Entrarán en el Fuego ar­diente;", "urdu": " (لیکن اس محنت سے کوئی فائدہ نہ ہوگا اور) وہ جماعت (بہرحال) ایک بھڑکتی ہوئی آگ میں داخل ہوگی۔"}, {"arabic": " تُسۡقٰی مِنۡ عَیۡنٍ اٰنِیَۃٍ ؕ﴿۶﴾", "english": " And will be made to drink from a boiling spring;", "french": " On leur fera boire d’une source bouillante ;", "german": " getränkt sollen sie werden aus einem siedenden Quell;", "spanish": " Y se les dará de beber de un manantial hirviente;", "urdu": " اور اس (ساری جماعت) کو ابلتے ہوئے چشمہ سے (پانی) پلایا جائے گا۔"}, {"arabic": " لَیۡسَ لَہُمۡ طَعَامٌ اِلَّا مِنۡ ضَرِیۡعٍ ۙ﴿۷﴾", "english": " They will have no food save that of dry, bitter and thorny herbage,", "french": " Ils n’auront aucune nourriture autre que celle consistant d’une herbe sèche, amère et épineuse,", "german": " keine Speise sollen sie erhalten als das trockene, bittere, dornige Kraut,", "spanish": " No tendrán alimento, salvo hierba seca, amarga y espinosa,", "urdu": " اس کو سوکھے شبرق گھاس کے سوا اور کوئی کھانا نہیں ملے گا۔"}, {"arabic": " لَّا یُسۡمِنُ وَ لَا یُغۡنِیۡ مِنۡ جُوۡعٍ ؕ﴿۸﴾", "english": " Which will neither fatten, nor satisfy hunger.", "french": " Qui ni ne fera grossir, ni ne satisfera la faim.", "german": " das nicht nährt und nicht den Hunger stillt.", "spanish": " Que ni engordará ni satisfará el hambre.", "urdu": " جو نہ تو انہیں موٹا کرے گا اور نہ بھوک (کی تکلیف) سے بچائے گا۔"}, {"arabic": " وُجُوۡہٌ یَّوۡمَئِذٍ نَّاعِمَۃٌ ۙ﴿۹﴾", "english": " And some faces on that day will be joyful,", "french": " Ce jour-là, des visages seront joyeux,", "german": " (Und manche) Gesichter werden an jenem Tage fröhlich sein,", "spanish": " Mas en ese día, algunos rostros aparecerán risueños,", "urdu": " کچھ (اور) چہرے اس دن خوش بخوش ہوں گے۔"}, {"arabic": " لِّسَعۡیِہَا رَاضِیَۃٌ ۙ﴿۱۰﴾", "english": " Well pleased with their labour,", "french": " Satisfaits de leurs efforts,", "german": " wohlzufrieden mit ihrer Mühe,", "spanish": " Muy complacidos con sus afanes,", "urdu": " اپنی (سابقہ) کوششوں پر مطمئن ہوں گے۔"}, {"arabic": " فِیۡ جَنَّۃٍ عَالِیَۃٍ ﴿ۙ۱۱﴾", "english": " In a lofty Garden,", "french": " Dans un Jardin élevé,", "german": " in einem hohen Garten,", "spanish": " En un Jardín elevado,", "urdu": " بلند (وبالا) جنت میں (رہ رہے) ہوں گے۔"}, {"arabic": " لَّا تَسۡمَعُ فِیۡہَا لَاغِیَۃً ﴿ؕ۱۲﴾", "english": " Wherein thou wilt hear no idle talk;", "french": " Où tu n’entendras aucun vain propos ;", "german": " in dem du keine müßige Rede hören wirst;", "spanish": " En el que no oirás conversa­ciones vanas;", "urdu": " وہ اس میں کوئی لغو بات نہ سنیں گے۔"}, {"arabic": " فِیۡہَا عَیۡنٌ جَارِیَۃٌ ﴿ۘ۱۳﴾", "english": " Therein is a running spring,", "french": " Il s’y trouve une source ruisselante,", "german": " in dem eine strömende Quelle ist,", "spanish": " Allí hay un manantial flu yendo,", "urdu": " اس میں ایک بہتا ہوا چشمہ ہوگا۔"}, {"arabic": " فِیۡہَا سُرُرٌ مَّرۡفُوۡعَۃٌ ﴿ۙ۱۴﴾", "english": " Therein are raised couches,", "french": " Il s’y trouve des canapés élevés,", "german": " in dem erhöhte Ruhebetten sind,", "spanish": " Allí hay lechos elevados,", "urdu": " (اور) اس (جنت) میں اونچے تخت (بھی) رکھے ہوں گے۔"}, {"arabic": " وَّ اَکۡوَابٌ مَّوۡضُوۡعَۃٌ ﴿ۙ۱۵﴾", "english": " And goblets properly placed,", "french": " Et des gobelets posés avec art ,", "german": " und Becher hingestellt,", "spanish": " Copas adecuadamente situadas,", "urdu": " اور آب خورے دھرے ہوئے ہونگے۔"}, {"arabic": " وَّ نَمَارِقُ مَصۡفُوۡفَۃٌ ﴿ۙ۱۶﴾", "english": " And cushions beautifully ranged,", "french": " Et des coussins agréablement rangés,", "german": " und Kissen gereiht,", "spanish": " Cojines bellamente dispuestos,", "urdu": " اور سہارا لینے والے چھوٹے سائز کے تکیے قطاروں میں (ٹیک لگانے کے لئے) رکھے ہوں گے۔"}, {"arabic": " وَّ زَرَابِیُّ مَبۡثُوۡثَۃٌ ﴿ؕ۱۷﴾", "english": " And carpets tastefully spread.", "french": " Et des tapis étalés avec goût .", "german": " und feine Teppiche ausgebreitet.", "spanish": " Y alfombras extendidas con elegancia.", "urdu": " اور قالینیں بچھی ہوئی ہوں گی۔"}, {"arabic": " اَفَلَا یَنۡظُرُوۡنَ اِلَی الۡاِبِلِ کَیۡفَ خُلِقَتۡ ﴿ٝ۱۸﴾", "english": " Do they not then look at the camel, how it is created?", "french": " Ne regardent-ils donc pas les chameaux, comment ils sont créés ?", "german": " Wie! wollen sie nicht die Wolken betrachten, wie sie erschaffen sind,", "spanish": " ¿Acaso no reparan en el camello cómo ha sido creado?", "urdu": " کیا وہ بادلوں کو نہیں دیکھتے کہ وہ کس طرح پیدا کیے گئے ہیں۔"}, {"arabic": " وَ اِلَی السَّمَآءِ کَیۡفَ رُفِعَتۡ ﴿ٝ۱۹﴾", "english": " And at the heaven, how it is raised high?", "french": " Et le ciel, comme il est élevé haut ?", "german": " und den Himmel, wie er erhöht ist,", "spanish": " ¿Y en el cielo, cómo ha sido elevado?", "urdu": " اور آسمان کو (نہیں دیکھتے کہ) کس طرح اونچا کیا گیا ہے۔"}, {"arabic": " وَ اِلَی الۡجِبَالِ کَیۡفَ نُصِبَتۡ ﴿ٝ۲۰﴾", "english": " And at the mountains, how they are set up?", "french": " Et les montagnes, comme elles sont enforcées solidement dans la terre ?", "german": " und die Berge, wie sie aufgerichtet sind,", "spanish": " ¿Y en las montañas, cómo están firmemente arraigadas?", "urdu": " اور پہاڑوں کو (نہیں دیکھتے) کہ کس طرح گاڑے ہوئے ہیں۔"}, {"arabic": " وَ اِلَی الۡاَرۡضِ کَیۡفَ سُطِحَتۡ ﴿ٝ۲۱﴾", "english": " And at the earth, how it is spread out?", "french": " Et la terre, comme elle est étendue ?", "german": " und die Erde, wie sie hingebreitet ist?", "spanish": " ¿Y en la tierra, cómo está ex­ tendida?", "urdu": " اور زمین کو (نہیں دیکھتے) کہ کس طرح ہموار کی ہوئی ہے۔"}, {"arabic": " فَذَکِّرۡ ۟ؕ اِنَّمَاۤ اَنۡتَ مُذَکِّرٌ ﴿ؕ۲۲﴾", "english": " Admonish, therefore, for thou art but an admonisher;", "french": " Donc fais entendre le Rappel, car tu n’es qu’un Rappelleur ;", "german": " Ermahne drum; denn du bist nur ein Ermahner;", "spanish": " Amonesta, pues, ya que no eres más que un Amonestador;", "urdu": " پس نصیحت کر کہ تو تو صرف نصیحت کرنے والا ہے۔"}, {"arabic": " لَسۡتَ عَلَیۡہِمۡ بِمُصَۜیۡطِرٍ ﴿ۙ۲۳﴾", "english": " Thou hast no authority to compel them.", "french": " Tu n’a pas été chargé de les surveiller.", "german": " du bist nicht Wächter über sie.", "spanish": " Tu no eres vigilante sobre ellos.", "urdu": " تو ان (لوگوں) پر داروغہ (کے طور پر) مقرر نہیں ہے۔"}, {"arabic": " اِلَّا مَنۡ تَوَلّٰی وَ کَفَرَ ﴿ۙ۲۴﴾", "english": " But whoever turns away and disbelieves,", "french": " Mais quiconque se détourne et refuse de croire,", "german": " Jener aber, der sich abkehrt und im Unglauben verharrt,", "spanish": " Mas a quien se aparte y deje de creer,", "urdu": " مگر جس نے پیٹھ پھیر لی اور کفر کا مرتکب ہوا۔"}, {"arabic": " فَیُعَذِّبُہُ اللّٰہُ الۡعَذَابَ الۡاَکۡبَرَ ﴿ؕ۲۵﴾", "english": " Allah will punish him with the greatest punishment.", "french": " Allāh le châtiera du plus grand châtiment.", "german": " ihn wird Allah mit der schwersten Strafe strafen.", "spanish": " Al-lah lo castigará con el mayor de los castigos.", "urdu": " اس کے نتیجہ میں اللہ اسے سب سے بڑا عذاب دے گا۔"}, {"arabic": " اِنَّ اِلَیۡنَاۤ اِیَابَہُمۡ ﴿ۙ۲۶﴾", "english": " Unto Us surely is their return,", "french": " En vérité, auprès de Nous est leur retour,", "german": " Zu Uns ist ihre Heimkehr,", "spanish": " A Nosotros será ciertamente su retorno,", "urdu": " یقیناً انہیں ہماری ہی طرف لوٹنا ہے۔"}, {"arabic": " ثُمَّ اِنَّ عَلَیۡنَا حِسَابَہُمۡ ﴿٪۲۷﴾", "english": " Then, surely, it is for Us to call them to account.", "french": " Alors, assurément, c’est à Nous qu’il incombe de régler leurs comptes.", "german": " alsdann obliegt Uns ihre Rechenschaft.", "spanish": " Y entonces, en verdad, deberán rendir cuentas ante Nosotros.", "urdu": " پھر ان سے حساب لینا بھی یقیناً ہمارا ہی کام ہے۔"}], "Surah": 88}