{"Ayats": [{"arabic": " بِسۡمِ اللّٰہِ الرَّحۡمٰنِ الرَّحِیۡمِ﴿۱﴾", "english": " In the name of Allah, the Gracious, the Merciful.", "french": " Au nom d’Allāh, le Gracieux, le Miséricordieux.", "german": " Im Namen Allahs, des Gnädigen, des Barmherzigen.", "spanish": " En el nombre de Al-lah, el Clemente, el Misericordioso.", "urdu": " (میں) اللہ کا نام لے کر جو بے حد کرم کرنے والا (اور) باربار رحم کرنے والا ہے (پڑھتا ہوں)"}, {"arabic": " نٓ وَ الۡقَلَمِ وَ مَا یَسۡطُرُوۡنَ ۙ﴿۲﴾", "english": " By the inkstand and by the pen and by that which they write,", "french": " Nūn. Par la plume et par ce qu’ils écrivent,", "german": " Beim Tintenfass und bei der Schreibfeder und bei dem, was sie schreiben,", "spanish": " Por el tintero, la pluma y lo que escriben,", "urdu": " (ہم) قلم اور دوات کو اور اس کو جو ان (کے ذریعہ) سے لکھا جاتا ہے شہادت کے طور پر پیش کرتے ہوئے کہتے ہیں۔"}, {"arabic": " مَاۤ اَنۡتَ بِنِعۡمَۃِ رَبِّکَ بِمَجۡنُوۡنٍ ۚ﴿۳﴾", "english": " Thou art not, by the grace of thy Lord, a madman.", "french": " Par la grâce de ton Seigneur. tu n’es pas un insensé.", "german": " du bist, durch die Gnade deines Herrn, kein Wahnsinniger.", "spanish": " Por la gracia de tu Señor, no eres un loco.", "urdu": " کہ تو اپنے رب کے فضل سے مجنون نہیں۔"}, {"arabic": " وَ اِنَّ لَکَ لَاَجۡرًا غَیۡرَ مَمۡنُوۡنٍ ۚ﴿۴﴾", "english": " And for thee, most surely, there is an unending reward.", "french": " Et pour toi, assurément, il y a une récompense non interrompue.", "german": " Und für dich ist ganz sicherlich nicht endender Lohn bestimmt.", "spanish": " Y para ti hay en verdad una recompensa interminable.", "urdu": " اور تجھے خدا کی طرف سے ایک ایسا بدلہ ملے گا جو کبھی ختم نہ ہوگا۔"}, {"arabic": " وَ اِنَّکَ لَعَلٰی خُلُقٍ عَظِیۡمٍ ﴿۵﴾", "english": " And thou dost surely possess high moral excellences.", "french": " Et tu possèdes assurément de hautes qualités morales.", "german": " Und du besitzest ganz sicherlich hohe moralische Eigenschaften.", "spanish": " Pues posees ciertamente excelentes atributos morales.", "urdu": " (اس کے علاوہ ہم یہ بھی قسم کھاتے ہیں کہ) تو (اپنی تعلیم اور عمل میں) نہایت اعلیٰ درجہ کے اخلاق پر قائم ہے۔"}, {"arabic": " فَسَتُبۡصِرُ وَ یُبۡصِرُوۡنَ ۙ﴿۶﴾", "english": " And thou wilt soon see and they too will see", "french": " Et tu verras bientôt, et ils verront aussi", "german": " Also wirst du sehen und sie werden sehen,", "spanish": " Y muy pronto verás y ellos verán también.", "urdu": " پس جلد تو بھی دیکھ لے گا اور وہ بھی دیکھ لیں گے (کہ الٰہی مدد سے تو محروم رہتا ہے کہ وہ۔)"}, {"arabic": " بِاَٮیِّکُمُ الۡمَفۡتُوۡنُ ﴿۷﴾", "english": " Which of you is afflicted with madness .", "french": " Lequel d’entre vous est frappé de folie.", "german": " wer von euch der Besessene ist.", "spanish": " Cuál de vosotros sufre locura.", "urdu": " اور (ان کو پتہ لگ جائے گا کہ) تم (دونوں) میں سے کون گمراہ ہے۔"}, {"arabic": " اِنَّ رَبَّکَ ہُوَ اَعۡلَمُ بِمَنۡ ضَلَّ عَنۡ سَبِیۡلِہٖ ۪ وَ ہُوَ اَعۡلَمُ بِالۡمُہۡتَدِیۡنَ ﴿۸﴾", "english": " Surely, thy Lord knows best those who go astray from His way, and He knows best those who follow guidance.", "french": " Sûrement, ton Seigneur sait le mieux qui sont ceux qui s’égarent de Sa voie, et Il sait le mieux ceux qui sont bien guidés.", "german": " Fürwahr, dein Herr weiß am besten, wer von Seinem Wege abirrt, und Er kennt auch am besten die Rechtgeleiteten.", "spanish": " En verdad, tu Señor conoce muy bien a los que se extravían de Su camino, y conoce muy bien a los que siguen la guía.", "urdu": " تیرا رب اس کو بھی خوب جانتا ہے‘ جو اس کے رستہ سے بھٹک گیا ہے اور اس کو بھی خوب جانتا ہے جو ہدایت یافتہ لوگوں میں شامل ہے۔"}, {"arabic": " فَلَا تُطِعِ الۡمُکَذِّبِیۡنَ ﴿۹﴾", "english": " So comply not with the wishes of those who reject the truth .", "french": " N’obéis donc pas à ceux qui rejettent la vérité.", "german": " Drum richte dich nicht nach den Wünschen der Leugner.", "spanish": " No atiendas, pues, los deseos de quienes rechazan la verdad.", "urdu": " (اور جب تو خدا کی ہدایت پر قائم ہے اور تیرے منکر تباہ ہونے والے ہیں تو) تو ان منکروں کی بات نہ مان۔"}, {"arabic": " وَدُّوۡا لَوۡ تُدۡہِنُ فَیُدۡہِنُوۡنَ ﴿۱۰﴾", "english": " They wish that thou shouldst be pliant so that they may also be pliant.", "french": " Ils veulent que tu transiges afin qu’eux aussi , ils puissent transiger.", "german": " Sie möchten, dass du entgegenkommend wärest, dann würden (auch) sie entgegenkommend sein.", "spanish": " Les gustaría que fueses dócil para ser ellos también flexibles.", "urdu": " یہ (کفار) خواہش رکھتے ہیں کہ تو اپنے دین میں کچھ نرمی کرے تو وہ بھی (اپنے طریق میں کچھ) نرمی کریں۔"}, {"arabic": " وَ لَا تُطِعۡ کُلَّ حَلَّافٍ مَّہِیۡنٍ ﴿ۙ۱۱﴾", "english": " And yield not to any mean swearer,", "french": " Et ne cède à aucun fieffé jureur méprisable,", "german": " Und füge dich nicht irgendeinem verächtlichen Schwüremacher,", "spanish": " No cedas ante ningún perverso perjuro,", "urdu": " اور تو اس کی بات کبھی نہ مان جو قسمیں کھاتا ہے (لیکن خدا کی طرف سے مدد نہ ملنے کے باعث) وہ ذلیل (کا ذلیل ہی) رہتا ہے۔"}, {"arabic": " ہَمَّازٍ مَّشَّآءٍۭ بِنَمِیۡمٍ ﴿ۙ۱۲﴾", "english": " Backbiter, one who goes about slandering,", "french": " Médisant, grand colporteur de calomnies,", "german": " Verleumder, einem, der herumgeht, üble Nachrede zu verbreiten,", "spanish": " Detractor, que va por ahí calumniando,", "urdu": " جس کو (نیکوں پر) طعنہ کرنے اور (ان کی) چغلیاں کرنے کی عادت ہے۔"}, {"arabic": " مَّنَّاعٍ لِّلۡخَیۡرِ مُعۡتَدٍ اَثِیۡمٍ ﴿ۙ۱۳﴾", "english": " Forbidder of good, transgressor, sinful,", "french": " Empêcheur du bien, transgresseur, pécheur,", "german": " Hinderer des Guten, Übertreter, Sünder,", "spanish": " Impedidor del bien, transgresor, pecador,", "urdu": " جو لوگوں کو نیکیوں سے روکنے والا‘ حد سے تجاوز کرنے والا اور گناہ گار ہے۔"}, {"arabic": " عُتُلٍّۭ بَعۡدَ ذٰلِکَ زَنِیۡمٍ ﴿ۙ۱۴﴾", "english": " Ill-mannered and, in addition to that, of doubtful birth.", "french": " Mal élevé et, de plus, de paternité douteuse.", "german": " schlechten Benehmens, dazu treulos,", "spanish": " Grosero y, además, de nacimiento dudoso.", "urdu": " وہ بدلگام بھی ہے اور خدا کا بندہ ہو کر شیطان سے تعلق رکھنے والا بھی۔"}, {"arabic": " اَنۡ کَانَ ذَا مَالٍ وَّ بَنِیۡنَ ﴿ؕ۱۵﴾", "english": " This is because he possesses riches and children.", "french": " Tout cela parce qu’il possède des biens et de nombreux enfants.", "german": " nur weil er Reichtümer und Kinder besitzt.", "spanish": " Todo esto porque posee riquezas e hijos.", "urdu": " صرف اس وجہ سے کہ وہ بہت مالدار ہے اور اس کی اولاد اور ساتھی بہت ہیں۔"}, {"arabic": " اِذَا تُتۡلٰی عَلَیۡہِ اٰیٰتُنَا قَالَ اَسَاطِیۡرُ الۡاَوَّلِیۡنَ ﴿۱۶﴾", "english": " When Our Signs are recited unto him, he says, ‘Stories of the ancients!’", "french": " Lorsque Nos Signes lui sont récités, il dit : « Des fables des anciens ! »", "german": " Wenn ihm Unsere Zeichen vorgetragen werden, so spricht er: \"Fabeln der Alten!\"", "spanish": " Cuando se les recitan Nuestros Signos, dice: “¡Historias de los antiguos!”.", "urdu": " جب اس کے سامنے ہماری آیتیں پڑھ کر سنائی جاتی ہیں تو کہتا ہے کہ یہ تو پہلوں کی کہانیاں ہیں۔"}, {"arabic": " سَنَسِمُہٗ عَلَی الۡخُرۡطُوۡمِ ﴿۱۷﴾", "english": " We will brand him on the snout.", "french": " Nous le marquerons sur le museau.", "german": " Wir wollen ihn auf der Nase brandmarken.", "spanish": " Lo marcaremos en el hocico.", "urdu": " ہم جلدی اس کی ناک پر داغ لگائیں گے (اور اس کو اپنی مدد سے محروم کر دیں گے)"}, {"arabic": " اِنَّا بَلَوۡنٰہُمۡ کَمَا بَلَوۡنَاۤ اَصۡحٰبَ الۡجَنَّۃِ ۚ اِذۡ اَقۡسَمُوۡا لَیَصۡرِمُنَّہَا مُصۡبِحِیۡنَ ﴿ۙ۱۸﴾", "english": " We will surely try them as We tried the owners of the garden when they vowed that they would certainly pluck all its fruit in the morning,", "french": " En vérité, Nous les éprouverons comme Nous avons éprouvé les propriétaires du jardin lorsqu’ils jurèrent que certainement ils en feraient la récolte le lendemain matin,", "german": " Wir prüfen sie, wie Wir die Eigentümer eines Gartens prüften, als sie schworen, sie würden sicherlich seine (ganze) Frucht am Morgen pflücken.", "spanish": " En verdad los probaremos como probamos a los propietarios del ardín cuando juraron que ciertamente recogerían todos sus frutos por la mañana,", "urdu": " ہم نے ان دشمنوں کو ایسے ہی ابتلا میں ڈالا ہے۔ جس ابتلا میں ان باغوں والے لوگوں کو ڈالا تھا جنہوں نے آپس میں ایک دوسرے کو قسمیں کھا کر کہا تھا کہ ہم صبح جاکر اپنے باغ کے پھول توڑیں گے۔"}, {"arabic": " وَ لَا یَسۡتَثۡنُوۡنَ ﴿۱۹﴾", "english": " And they made no exception and did not say , ‘ If God please .’", "french": " Et ils ne firent aucune exception, ils ne dirent pas, « S'il plaît à Allāh. »", "german": " Und sie machten keinen Vorbehalt.", "spanish": " Y no hicieron excepción alguna, ni dijeron: “Si agrada a Dios”.", "urdu": " اور خدا کا نام نہ لیا تھا۔"}, {"arabic": " فَطَافَ عَلَیۡہَا طَآئِفٌ مِّنۡ رَّبِّکَ وَ ہُمۡ نَآئِمُوۡنَ ﴿۲۰﴾", "english": " Then a visitation from thy Lord visited it while they were asleep;", "french": " Alors une calamité de ton Seigneur tomba dessus pendant qu’ils dormaient ;", "german": " Dann kam eine Heimsuchung über ihn von deinem Herrn, während sie schliefen.", "spanish": " Al punto les sobrevino una visitación de tu Señor mientras estaban dormidos;", "urdu": " نتیجہ یہ ہوا کہ تیرے رب کی طرف سے (ان کے) اس (باغ) پر ایک آفت پھر گئی جبکہ وہ سو رہے تھے۔"}, {"arabic": " فَاَصۡبَحَتۡ کَالصَّرِیۡمِ ﴿ۙ۲۱﴾", "english": " And the morning found it like a garden cut down overnight .", "french": " Et le matin le trouva comme si tout avait été rasé.", "german": " Und der Morgen fand ihn wie einen verwüsteten (Garten).", "spanish": " Y el amanecer lo sorprendió como un jardín segado durante la noche.", "urdu": " اور صبح تک وہ باغ ایسا ہو گیا جیسے کٹا ہوا تھا۔"}, {"arabic": " فَتَنَادَوۡا مُصۡبِحِیۡنَ ﴿ۙ۲۲﴾", "english": " So they called to one another at the break of dawn,", "french": " Alors, au petit matin ils s’interpellèrent :-", "german": " Dann riefen sie am Morgen einander zu:", "spanish": " Así, se llamaron mutuamente al romper el alba,", "urdu": " چنانچہ صبح ہی صبح انہوں نے آپس میں ایک دوسرے کو بلایا اور کہا کہ"}, {"arabic": " اَنِ اغۡدُوۡا عَلٰی حَرۡثِکُمۡ اِنۡ کُنۡتُمۡ صٰرِمِیۡنَ ﴿۲۳﴾", "english": " Saying, ‘Go forth early in the morning to your field, if you would gather the fruit.’", "french": " « Partez tôt le matin à votre champ, si vous désirez en cueillir les fruits. »", "german": " Geht in der Frühe hinaus zu eurem Acker, wenn ihr ernten möchtet.", "spanish": " Diciéndose: “Salid de madrugada a vuestro campo, si queréis recoger la cosecha”.", "urdu": " اگر تمہاری نیت باغ کا پھل کاٹنے کی ہے تو اسی وقت اپنے باغ کی طرف چلو۔"}, {"arabic": " فَانۡطَلَقُوۡا وَ ہُمۡ یَتَخَافَتُوۡنَ ﴿ۙ۲۴﴾", "english": " And they set out, talking to one another in low tones,", "french": " Et ils se mirent en route, se parlant à voix basse,", "german": " Und sie machten sich auf und redeten dabei flüsternd miteinander:", "spanish": " Y partieron, cuchicheando mutuamente,", "urdu": " چنانچہ وہ چلے گئے اور وہ آہستہ آہستہ یہ کہتے جاتے تھے۔"}, {"arabic": " اَنۡ لَّا یَدۡخُلَنَّہَا الۡیَوۡمَ عَلَیۡکُمۡ مِّسۡکِیۡنٌ ﴿ۙ۲۵﴾", "english": " Saying, ‘Let no poor man today enter it against you.’", "french": " Ils dirent : « Qu’aucun pauvre ne soit permis d’y entrer aujourd’hui de peur que cela ne soit contre vos intérêts. »", "german": " Gegen euch darf ihn heute kein Armer betreten.", "spanish": " Diciéndose: “No permitáis que ningún pobre entre allí hoy, en con­tra de vuestros intereses”.", "urdu": " کہ آج تمہاری موجودگی میں کوئی مسکین باغ میں داخل نہ ہو۔"}, {"arabic": " وَّ غَدَوۡا عَلٰی حَرۡدٍ قٰدِرِیۡنَ ﴿۲۶﴾", "english": " And they went forth early in the morning, determined to achieve their purpose.", "french": " Ainsi s’en allèrent-ils tôt le matin, d’un pas décidé.", "german": " Und sie gingen in der Frühe mit dem festen Vorsatz, geizig zu sein.", "spanish": " Y salieron pronto, al amanecer, con plena fuerza.", "urdu": " اور صبح آنے سے پہلے وہ بخل کا فیصلہ کر چکے تھے۔"}, {"arabic": " فَلَمَّا رَاَوۡہَا قَالُوۡۤا اِنَّا لَضَآلُّوۡنَ ﴿ۙ۲۷﴾", "english": " But when they saw it, they said, ‘Surely, we have lost our way !", "french": " Mais lorsqu’ils le virent, ils dirent : « Nous nous sommes sûrement égarés !", "german": " Doch als sie ihn sahen, sprachen sie: \"Fürwahr, wir sind verloren!</span> </div> </div> <div class=\"row links\" style=\"margin-top:10px;\"> <div class=\"col-lg-12 center\"> <font size=\"-1\" style=\"font-family:Arial, Helvetica, sans-serif; color: #777\"> Read: <a target=\"_blank\" href=\"/quran/tafseer/?verse=68:27&region=E1&CR=E3,E2\" title=\"English Translation with Detailed Commentary with Meanings of Some Key Words\">Detailed English Commentary</a> | <a href=\"/quran/tafseer/?verse=68:27&region=TS&CR=UR,P1,H1,T1\" title=\"Urdu Tafseer-e-Saghir alongwith other Tafaseer\" target=\"_blank\">Urdu Tafaseer <font style=\"font-family: 'Jameel Noori Nastaleeq', -apple-system, BlinkMacSystemFont, 'Urdu Naskh Asiatype', 'Nafees Web Naskh';\">اردو تفاسیر</font></a> </font> </div></div> <hr size='1'> <div class=\"row\" id=\"Arabic28\" class='indopak' style=\"padding: 5px\"> <div class=\"col-lg-1\"> <a name=\"Arabic28\"></a> <font color=\"#939598\" style=\"font-size:1.1em\"> [<a href='/quran/68:28' style='text-decoration:underline'>68:28</a>]</font> </div> <div class=\"col-lg-1\"> <button onclick=\"aud_play_pause(28)\"><i class=\"fa fa-play\" style=\"color: #777\" aria-hidden=\"true\" id=\"control28\"></i></button> <audio id=\"player28\" class=\"audioplayer\" /> </div><div class=\"col-lg-10\" align=\"right\" dir=\"rtl\"></div> </div> <div class=\"row\"> <div class=\"col-lg-12\" align=\"right\" dir=\"rtl\"> <p class=\"arabicverse\">بَلۡ نَحۡنُ مَحۡرُوۡمُوۡنَ ﴿۲۸﴾ </p> </div> </div> <div class=\"row english\" align=\"left\" dir=\"ltr\" style=\"margin-top:10px\"> <div class=\"col-lg-12\"> <span class=\"translationheading\">English</span><br> <span class=\"translationtext\">‘Nay, we have been deprived of everything.’</span> </div> </div> <div class=\"row english2\" align=\"left\" dir=\"ltr\" style=\"display:none; margin-top:10px\"> <div class=\"col-lg-12\"> <span class=\"translationheading\">English Short Commentary</span><br> <span class=\"translationtext\"> ‘Nay, we have been deprived <i>of all our fruits</i>.’ </span> </div> </div> <div class=\"row urdu\" align=\"right\" dir=\"rtl\" style=\"margin-top:10px\"> <div class=\"col-lg-12\"> <span class=\"translationheading\">اُردو</span><br> <span class=\"urdutarjma\">بلکہ ہم تو محروم (ہوگئے) ہیں۔</span> </div> </div> <div class=\"row urdu2\" align=\"right\" dir=\"rtl\" style=\"display:none; margin-top:10px\"> <div class=\"col-lg-12\"> <span class=\"translationheading\">اُردو تفسیر صغیر</span><br> <span class=\"urdutarjma\">بلکہ حقیقت یہ ہے کہ ہم (اپنے پھل سے) بالکل محروم ہو گئے ہیں۔ </span> </div> </div> <div class=\"row french\" align=\"left\" dir=\"ltr\" style=\"display:none; margin-top:10px\"> <div class=\"col-lg-12\"> <span class=\"translationheading\">Français</span><br> <span class=\"translationtext\">Pire ; nous avons été privés <em>de tout</em> ! »</span> </div> </div> <div class=\"row spanish\" align=\"left\" dir=\"ltr\" style=\"display:none; margin-top:10px\"> <div class=\"col-lg-12\"> <span class=\"translationheading\">Español</span><br> <span class=\"translationtext\">“¡Ay!, hemos quedado privados de todo”.</span> </div> </div> <div class=\"row german\" align=\"left\" dir=\"ltr\" style=\"display:none; margin-top:10px\"> <div class=\"col-lg-12\"> <span class=\"translationheading\">Deutsch</span><br> <span class=\"translationtext\">Nein, wir sind beraubt.\"", "spanish": " Pero cuando lo vieron, dijeron: “¡En verdad, estamos perdidos!”.", "urdu": " پھر جب انہوں نے اس باغ کو دیکھا تو کہا‘ ہم تو راستہ بھول آئے ہیں۔"}, {"arabic": " قَالَ اَوۡسَطُہُمۡ اَلَمۡ اَقُلۡ لَّکُمۡ لَوۡ لَا تُسَبِّحُوۡنَ ﴿۲۹﴾", "english": " The best among them said, “Did I not say to you, ‘Why do you not glorify God ?’ ”", "french": " Le meilleur d’entre eux dit : « Ne vous avais-je pas dit : « Pourquoi ne rendez-vous pas gloire à Allāh ? »", "german": " Der Beste unter ihnen sprach: «Habe ich euch nicht gesagt: \"Warum preist ihr nicht (Gott)?\"»", "spanish": " El mejor de entre ellos dijo: “¿Acaso no os dije: “Por qué no glorificáis a Dios?”.", "urdu": " جو ان سے اچھا آدمی تھا‘ اس نے کہا کیا میں نے تم سے نہیں کہا تھا کہ تم خدا کی تسبیح کیوں نہیں کرتے؟"}, {"arabic": " قَالُوۡا سُبۡحٰنَ رَبِّنَاۤ اِنَّا کُنَّا ظٰلِمِیۡنَ ﴿۳۰﴾", "english": " Now they said, ‘Glory be to our Lord. Surely, we have been wrongdoers.’", "french": " Ils dirent alors : « Gloire à notre Seigneur ! Assurément nous avons été injustes. »", "german": " (Nun) sprachen sie: \"Preis sei unserem Herrn! Gewiss, wir sind Frevler gewesen.\"", "spanish": " Entonces dijeron: “Glorificado sea nuestro Señor. En verdad, hemos sido inicuos”.", "urdu": " انہوں نے کہا ہمارا رب ہر عیب سے پاک ہے ہم ہی ظلم کرنے والے تھے۔"}, {"arabic": " فَاَقۡبَلَ بَعۡضُہُمۡ عَلٰی بَعۡضٍ یَّتَلَاوَمُوۡنَ ﴿۳۱﴾", "english": " Then some of them turned to the others, reproaching one another.", "french": " Ensuite ils se tournèrent les uns vers les autres, se faisant mutuellement des reproches.", "german": " Dann wandten sich einige von ihnen an die anderen, indem sie sich wechselseitig Vorwürfe machten.", "spanish": " Al punto, algunos de ellos se dirigieron a los otros con mutuos reproches.", "urdu": " پھر وہ ایک دوسرے کی طرف ملامت کرتے ہوئے متوجہ ہوئے۔"}, {"arabic": " قَالُوۡا یٰوَیۡلَنَاۤ اِنَّا کُنَّا طٰغِیۡنَ ﴿۳۲﴾", "english": " They said, ‘Woe to us! We were indeed rebellious against God .", "french": " Ils dirent : « Malheur à nous ! Nous avons en effet été des rebelles.", "german": " Sie sprachen: \"Weh uns! wir waren fürwahr widerspenstig.</span> </div> </div> <div class=\"row links\" style=\"margin-top:10px;\"> <div class=\"col-lg-12 center\"> <font size=\"-1\" style=\"font-family:Arial, Helvetica, sans-serif; color: #777\"> Read: <a target=\"_blank\" href=\"/quran/tafseer/?verse=68:32&region=E1&CR=E3,E2\" title=\"English Translation with Detailed Commentary with Meanings of Some Key Words\">Detailed English Commentary</a> | <a href=\"/quran/tafseer/?verse=68:32&region=TS&CR=UR,P1,H1,T1\" title=\"Urdu Tafseer-e-Saghir alongwith other Tafaseer\" target=\"_blank\">Urdu Tafaseer <font style=\"font-family: 'Jameel Noori Nastaleeq', -apple-system, BlinkMacSystemFont, 'Urdu Naskh Asiatype', 'Nafees Web Naskh';\">اردو تفاسیر</font></a> </font> </div></div> <hr size='1'> <div class=\"row\" id=\"Arabic33\" class='indopak' style=\"padding: 5px\"> <div class=\"col-lg-1\"> <a name=\"Arabic33\"></a> <font color=\"#939598\" style=\"font-size:1.1em\"> [<a href='/quran/68:33' style='text-decoration:underline'>68:33</a>]</font> </div> <div class=\"col-lg-1\"> <button onclick=\"aud_play_pause(33)\"><i class=\"fa fa-play\" style=\"color: #777\" aria-hidden=\"true\" id=\"control33\"></i></button> <audio id=\"player33\" class=\"audioplayer\" /> </div><div class=\"col-lg-10\" align=\"right\" dir=\"rtl\"></div> </div> <div class=\"row\"> <div class=\"col-lg-12\" align=\"right\" dir=\"rtl\"> <p class=\"arabicverse\">عَسٰی رَبُّنَاۤ اَنۡ یُّبۡدِلَنَا خَیۡرًا مِّنۡہَاۤ اِنَّاۤ اِلٰی رَبِّنَا رٰغِبُوۡنَ ﴿۳۳﴾ </p> </div> </div> <div class=\"row english\" align=\"left\" dir=\"ltr\" style=\"margin-top:10px\"> <div class=\"col-lg-12\"> <span class=\"translationheading\">English</span><br> <span class=\"translationtext\">‘Maybe our Lord will give us instead <em>a </em>better <em>garden </em>than this; we do humbly entreat our Lord.’</span> </div> </div> <div class=\"row english2\" align=\"left\" dir=\"ltr\" style=\"display:none; margin-top:10px\"> <div class=\"col-lg-12\"> <span class=\"translationheading\">English Short Commentary</span><br> <span class=\"translationtext\"> ‘May be, <i>if we repent</i>, our Lord will give us instead <i>a </i>better <i>garden </i>than this; we do humbly entreat our Lord.’ </span> </div> </div> <div class=\"row urdu\" align=\"right\" dir=\"rtl\" style=\"margin-top:10px\"> <div class=\"col-lg-12\"> <span class=\"translationheading\">اُردو</span><br> <span class=\"urdutarjma\">بعید نہیں کہ ہمارا ربّ ہمیں اس سے بہتر بدلہ میں دے۔ یقیناً ہم اپنے ربّ کی طرف ہی رغبت کرنے والے ہیں۔</span> </div> </div> <div class=\"row urdu2\" align=\"right\" dir=\"rtl\" style=\"display:none; margin-top:10px\"> <div class=\"col-lg-12\"> <span class=\"translationheading\">اُردو تفسیر صغیر</span><br> <span class=\"urdutarjma\">قریب ہے کہ (اگر ہم توبہ کر لیں تو) ہمارا رب اس سے بہتر (باغ) ہم کو دے دے ہم ضرور اپنے رب کی طرف جھکیں گے۔ </span> </div> </div> <div class=\"row french\" align=\"left\" dir=\"ltr\" style=\"display:none; margin-top:10px\"> <div class=\"col-lg-12\"> <span class=\"translationheading\">Français</span><br> <span class=\"translationtext\">Peut-être que notre Seigneur nous donnera un meilleur <em>jardin</em> que celui-ci ; nous nous tournons vers notre Seigneur avec empressement. »</span> </div> </div> <div class=\"row spanish\" align=\"left\" dir=\"ltr\" style=\"display:none; margin-top:10px\"> <div class=\"col-lg-12\"> <span class=\"translationheading\">Español</span><br> <span class=\"translationtext\">“Tal vez nuestro Señor nos dé en su lugar <em>un jardín</em> mejor que éste; se lo rogamos humildemente en verdad a nuestro Señor”.</span> </div> </div> <div class=\"row german\" align=\"left\" dir=\"ltr\" style=\"display:none; margin-top:10px\"> <div class=\"col-lg-12\"> <span class=\"translationheading\">Deutsch</span><br> <span class=\"translationtext\">Vielleicht wird unser Herr uns einen besseren (Garten) zum Tausch für diesen geben; wir flehen demütig zu unserem Herrn.\"", "spanish": " Dijeron: “¡Ay de nosotros! Fuimos, en verdad, transgresores.", "urdu": " اور کہنے لگے‘ ہم پر افسوس! ہم سرکش بن گئے۔"}, {"arabic": " کَذٰلِکَ الۡعَذَابُ ؕ وَ لَعَذَابُ الۡاٰخِرَۃِ اَکۡبَرُ ۘ لَوۡ کَانُوۡا یَعۡلَمُوۡنَ ﴿٪۳۴﴾", "english": " Such is the punishment of this world . And surely the punishment of the Hereafter is greater. Did they but know!", "french": " Tel est le châtiment de ce monde . Et assurément le châtiment de l’au-delà est plus grand. Si seulement ils savaient !", "german": " So ist die Strafe. Und fürwahr, die Strafe des Jenseits ist schwerer. Wenn sie es nur wüssten!", "spanish": " Tal es el castigo de este mundo. Y en verdad el castigo Más Allá es mayor, ¡Ojalá lo supieran!", "urdu": " اسی طرح عذاب اترا کرتا ہے اور اگر وہ جانیں تو آخرت کا عذاب دنیا کے عذاب سے بہت بڑا ہے۔"}, {"arabic": " اِنَّ لِلۡمُتَّقِیۡنَ عِنۡدَ رَبِّہِمۡ جَنّٰتِ النَّعِیۡمِ ﴿۳۵﴾", "english": " For the righteous, indeed, there are Gardens of Bliss with their Lord.", "french": " En vérité, pour les vertueux il y a les Jardins de la Félicité auprès de leur Seigneur.", "german": " Für die Gerechten sind Gärten der Wonne bei ihrem Herrn.", "spanish": " Para los justos ciertamente hay Jardines de Bendiciones con su Señor.", "urdu": " متقیوں کے لئے اپنے رب کے پاس نعمت سے پر باغات ہوں گے۔"}, {"arabic": " اَفَنَجۡعَلُ الۡمُسۡلِمِیۡنَ کَالۡمُجۡرِمِیۡنَ ﴿ؕ۳۶﴾", "english": " Shall We then treat those who submit to Us as We treat the guilty?", "french": " Traiterons-Nous donc ceux qui se soumettent à Notre volonté , comme Nous traitons les coupables ?", "german": " Sollten Wir etwa die Muslime wie die Schuldigen behandeln?", "spanish": " ¿Acaso debemos tratar a los que se nos someten como tratamos a los culpables?", "urdu": " کیا ہم مسلمانوں کو مجرموں کے برابر سمجھ لیں گے؟"}, {"arabic": " مَا لَکُمۡ ٝ کَیۡفَ تَحۡکُمُوۡنَ ﴿ۚ۳۷﴾", "english": " What is the matter with you? How judge ye!", "french": " Qu’avez-vous ? Comment jugez-vous !", "german": " Was ist euch? Wie urteilt ihr!", "spanish": " ¿Qué os ocurre? ¡Qué mal juzgáis!", "urdu": " تمہیں کیا ہو گیا ہے‘ تم کیسا فیصلہ کرتے ہو۔"}, {"arabic": " اَمۡ لَکُمۡ کِتٰبٌ فِیۡہِ تَدۡرُسُوۡنَ ﴿ۙ۳۸﴾", "english": " Have you a Book wherein you read,", "french": " Auriez-vous un Livre dans lequel vous lisez,", "german": " Habt ihr ein Buch, worin ihr leset,", "spanish": " ¿Tenéis acaso un Libro en el que leéis,", "urdu": " کیا تمہارے پاس کوئی (ایسی الٰہی) کتاب ہے جس میں یہ بات پڑھتے ہو۔"}, {"arabic": " اِنَّ لَکُمۡ فِیۡہِ لَمَا تَخَیَّرُوۡنَ ﴿ۚ۳۹﴾", "english": " That you shall surely have in it whatever you choose?", "french": " Que vous y trouverez sûrement tout ce que vous choisirez ?", "german": " dass ihr danach alles erhalten sollt, was ihr wünscht?", "spanish": " Que ciertamente tendréis en él cuanto queráis?", "urdu": " کہ تم جو کچھ پسند کرو گے تم کو ملے گا۔"}, {"arabic": " اَمۡ لَکُمۡ اَیۡمَانٌ عَلَیۡنَا بَالِغَۃٌ اِلٰی یَوۡمِ الۡقِیٰمَۃِ ۙ اِنَّ لَکُمۡ لَمَا تَحۡکُمُوۡنَ ﴿ۚ۴۰﴾", "english": " Or have you any covenant binding on Us till the Day of Resurrection that you shall surely have all that you order?", "french": " Ou, auriez-vous un pacte qui Nous engagerait jusqu’au Jour de la Résurrection, que vous aurez sûrement tout ce que vous commanderez ?", "german": " Oder habt ihr Gelöbnisse von Uns, bindend bis zum Tage der Auferstehung, dass alles für euch ist, was ihr befehlt?", "spanish": " O ¿tenéis algún pacto que Nos obligue hasta el Día de la Resurrección a que tengáis ciertamente todo lo que pidáis?", "urdu": " یا کیا تم نے ہم سے کوئی قسمیہ وعدے لئے ہوئے ہیں جو قیامت تک جاری رہیں گے اور یہ کہ جو تم کہہ دو گے وہی تم کو مل جائے گا۔"}, {"arabic": " سَلۡہُمۡ اَیُّہُمۡ بِذٰلِکَ زَعِیۡمٌ ﴿ۚۛ۴۱﴾", "english": " Ask them which of them will vouch for that.", "french": " Demande-leur lequel d’entre eux s’en portera garant,", "german": " Frage sie, wer von ihnen dafür bürgen mag.", "spanish": " Preguntadles cuál de ellos está dispuesto a asegurar eso.", "urdu": " ان سے ذرا پوچھو تو کہ اس بات کا ان میں سے کون ذمہ دار ہے۔"}, {"arabic": " اَمۡ لَہُمۡ شُرَکَآءُ ۚۛ فَلۡیَاۡتُوۡا بِشُرَکَآئِہِمۡ اِنۡ کَانُوۡا صٰدِقِیۡنَ ﴿۴۲﴾", "english": " Or have they any ‘partners’ of God ? Let them, then, produce those ‘partners’ of theirs, if they speak the truth.", "french": " Ou auraient-ils quelques « associés » d'Allāh ? Qu’ils produisent donc ces « associés » des leurs, s’ils disent la vérité.", "german": " Oder haben sie Götter? So sollen sie ihre Götter herbeibringen, wenn sie die Wahrheit reden.", "spanish": " O ¿tienen “socios” de Dios? Dejad, pues, que produzcan esos “socios” suyos, si son veraces.", "urdu": " کیا ان لوگوں کے حق میں خدا کے کوئی مزعومہ شریک ہیں؟ سو اگر وہ سچے ہیں تو ان شریکوں کو پیش کریں۔"}, {"arabic": " یَوۡمَ یُکۡشَفُ عَنۡ سَاقٍ وَّ یُدۡعَوۡنَ اِلَی السُّجُوۡدِ فَلَا یَسۡتَطِیۡعُوۡنَ ﴿ۙ۴۳﴾", "english": " On the day when the truth shall be laid bare and they will be called upon to prostrate themselves, they will not be able to do so ;", "french": " Le jour où la calamité les surprendra, et où ils seront invités à se prosterner, ils ne pourront pas le faire ;", "german": " Am Tage, da eine Trübsal kommen wird und sie aufgefordert werden, sich anbetend niederzuwerfen, werden sie es nicht können;", "spanish": " En el día en que la verdad aparezca desnuda y sean exhortados a que se postren, no podrán hacerlo;", "urdu": " جس دن مصیبت کا وقت آجائے گا اور ان کو سجدہ کرنے کے لئے بلایا جائے گا تو وہ سجدہ کی طاقت نہیں رکھیں گے۔"}, {"arabic": " خَاشِعَۃً اَبۡصَارُہُمۡ تَرۡہَقُہُمۡ ذِلَّۃٌ ؕ وَ قَدۡ کَانُوۡا یُدۡعَوۡنَ اِلَی السُّجُوۡدِ وَ ہُمۡ سٰلِمُوۡنَ ﴿۴۴﴾", "english": " Their eyes will be cast down, and humiliation will cover them; and they were indeed called upon to prostrate themselves when they were safe and sound, but they obeyed not .", "french": " Leurs regards seront abaissés, et l’humiliation les couvrira, et ils avaient en effet été invités à se prosterner, lorsqu’ils étaient sains et saufs, mais ils n’avaient pas obéi .", "german": " ihre Blicke werden niedergeschlagen sein, (und) Schande wird sie bedecken; denn sie waren aufgefordert worden, sich anbetend niederzuwerfen, als sie gesund und wohlbehalten waren (doch sie gehorchten nicht).", "spanish": " Sus ojos mirarán hacia abajo y la humillación los cubrirá. En verdad fueron convocados a que se postraran cuando estaban seguros y sanos, pero no obedecieron.", "urdu": " ان کی نظریں (شرم سے) جھکی ہونگی‘ ذلت ان پر چھا جائے گی۔ اور ایک وہ وقت تھا کہ ان کو سجدوں کے لئے بلایا جاتا تھا اور ان کو کوئی بیماری نہیں تھی (مگر انہوں نے سجدہ سے انکار کیا۔ پھر اب جبکہ شرک کا زنگ دیر تک ان کے دل پر لگا رہا ہے یہ سجدہ کس طرح کر سکتے ہیں)"}, {"arabic": " فَذَرۡنِیۡ وَ مَنۡ یُّکَذِّبُ بِہٰذَا الۡحَدِیۡثِ ؕ سَنَسۡتَدۡرِجُہُمۡ مِّنۡ حَیۡثُ لَا یَعۡلَمُوۡنَ ﴿ۙ۴۵﴾", "english": " So leave Me alone with those who reject this word of Ours . We shall draw them near to destruction step by step from whence they know not.", "french": " Laisse-Moi donc M’occuper de ceux qui rejettent ce discours. Nous les ferons s’approcher pas à pas de l’anéantissement , par où ils ne savent pas.", "german": " Lass Mich allein mit denen, die dies (Unser) Wort verwerfen. Wir werden sie Schritt um Schritt einholen, von wo wissen sie nicht.", "spanish": " Dejadme, pues, sólo con quienes rechazan esta palabra Nuestra. Los llevaremos paso a paso muy cerca de la destrucción, desde donde menos sospechan.", "urdu": " پس تو مجھ کو اور ان کو جو اس کتاب کو جھٹلاتے ہیں‘ چھوڑ دے (خود سزا دینے کی فکر نہ کر) ہم ان کو درجہ بدرجہ تباہی کی طرف ان طرفوں سے کھینچ لائیں گے جن کو وہ جانتے بھی نہیں۔"}, {"arabic": " وَ اُمۡلِیۡ لَہُمۡ ؕ اِنَّ کَیۡدِیۡ مَتِیۡنٌ ﴿۴۶﴾", "english": " And I give them respite; for My plan is strong.", "french": " Et Je leur accorde du répit ; car Mon dessein est sûr.", "german": " Und Ich gebe ihnen Frist; denn Mein Plan ist fest.", "spanish": " Les doy un respiro; pues Mi plan es poderoso.", "urdu": " اور میں ان کو ڈھیل دونگا (یعنی تو ان کی تباہی کی دعا نہ کر) میری تدبیر بڑی مضبوط ہے (وہ آخر ان کو تباہ کرکے رکھ دے گی)"}, {"arabic": " اَمۡ تَسۡـَٔلُہُمۡ اَجۡرًا فَہُمۡ مِّنۡ مَّغۡرَمٍ مُّثۡقَلُوۡنَ ﴿ۚ۴۷﴾", "english": " Dost thou ask a reward of them that they are as if being weighed down with a heavy tax?", "french": " Leur réclames-tu une récompense, pour qu’ils paraissent comme écrasés sous son poids ?", "german": " Verlangst du einen Lohn von ihnen, so dass sie sich von der Schuldenlast bedrückt fühlen?", "spanish": " ¿Les pides acaso una recompensa que están como si les hubieran gravado con un fuerte impuesto?", "urdu": " کیا تو ان سے کوئی اجر مانگتا ہے اور وہ اس چٹی کی وجہ سے بوجھ میں دبے ہوئے ہیں۔"}, {"arabic": " اَمۡ عِنۡدَہُمُ الۡغَیۡبُ فَہُمۡ یَکۡتُبُوۡنَ ﴿۴۸﴾", "english": " Is the unseen with them so that they write it down?", "french": " L’invisible est-il avec eux, de sorte qu’ils puissent l ’écrire ?", "german": " Ist das Verborgene bei ihnen, so dass sie (es) niederschreiben können?", "spanish": " ¿Tienen con ellos lo invisible, de manera que pueden describir lo?", "urdu": " کیا ان کے پاس غیب کا علم ہے اور وہ اسے لکھتے جاتے ہیں۔"}, {"arabic": " فَاصۡبِرۡ لِحُکۡمِ رَبِّکَ وَ لَا تَکُنۡ کَصَاحِبِ الۡحُوۡتِ ۘ اِذۡ نَادٰی وَ ہُوَ مَکۡظُوۡمٌ ﴿ؕ۴۹﴾", "english": " So be thou steadfast in carrying out the command of thy Lord, and be not like the Man of the Fish when he called to his Lord and he was full of grief.", "french": " Aussi, sois constant dans l’ exécution du commandement de ton Seigneur et ne sois pas comme l’homme du Poisson, lorsqu’il supplia son Seigneur alors qu’il suffoquait de chagrin .", "german": " So warte geduldig auf den Befehl deines Herrn, und sei nicht gleich dem Genossen des Fisches (Jonas), da er (seinen Herrn) anrief, indes er von Kummer erfüllt war.", "spanish": " Tú sé perseverante en el cumplimiento del mandamiento de u Señor, y no seas como el Hombre del Pez cuando invocó a su Señor y estaba angustiado.", "urdu": " پس تو اپنے رب کے حکم پر قائم رہ اور مچھلی والے کی طرح نہ بن۔ جب اس نے اپنے رب کو پکارا اور وہ غم سے بھرا ہوا تھا۔"}, {"arabic": " لَوۡ لَاۤ اَنۡ تَدٰرَکَہٗ نِعۡمَۃٌ مِّنۡ رَّبِّہٖ لَنُبِذَ بِالۡعَرَآءِ وَ ہُوَ مَذۡمُوۡمٌ ﴿۵۰﴾", "english": " Had not a favour from his Lord reached him, he would have surely been cast upon a bare tract of land, while he would have been blamed by his people .", "french": " Si une faveur de son Seigneur ne lui était parvenue, il aurait assurément été jeté dans un endroit désolé, et il aurait été honni par son peuple .", "german": " Hätte ihn nicht Gnade von seinem Herrn erreicht, er wäre sicherlich an einen öden Strand geworfen worden, und er wäre geschmäht worden.", "spanish": " De no haberle llegado la gracia de tu Señor, ciertamente habría sido lanzado a un trozo de terreno árido, a la vez que hubiera sido censurado por su pueblo .", "urdu": " اگر اس کے رب کی نعمت اس کی تکلیف کا تدارک نہ کرتی تو اس کو ایک بے آب و گیاہ جنگل میں پھینک دیا جاتا اور وہ ہدف ملامت بن جاتا۔"}, {"arabic": " فَاجۡتَبٰہُ رَبُّہٗ فَجَعَلَہٗ مِنَ الصّٰلِحِیۡنَ ﴿۵۱﴾", "english": " But his Lord chose him and made him one of the righteous.", "french": " Mais son Seigneur le choisit et fit de lui un des justes.", "german": " Doch sein Herr erwählte ihn und machte ihn zu einem der Rechtschaffenen.", "spanish": " Pero su Señor lo eligió y lo convirtió en uno de los justos.", "urdu": " مگر اس کے رب نے اس کو چن لیا اور اس کو نیکو کار بندوں میں شامل کر لیا۔"}, {"arabic": " وَ اِنۡ یَّکَادُ الَّذِیۡنَ کَفَرُوۡا لَیُزۡلِقُوۡنَکَ بِاَبۡصَارِہِمۡ لَمَّا سَمِعُوا الذِّکۡرَ وَ یَقُوۡلُوۡنَ اِنَّہٗ لَمَجۡنُوۡنٌ ﴿ۘ۵۲﴾", "english": " And those who disbelieve would fain dislodge thee from thy Godgiven station with their angry looks when they hear the Reminder; and they say, ‘He is certainly mad.’", "french": " Et peu s’en faut que ceux qui ne croient pas ne te délogent de ton rang élevé avec leurs regards rageurs , lorsqu’ils entendent réciter le Rappel ; et ils disent : « Assurément, il est fou. »", "german": " Und jene, die ungläubig sind, möchten dich gerne zu Fall bringen mit ihren (zornigen) Blicken, wenn sie die Ermahnung hören; und sie sagen: \"Er ist gewiss verrückt!\"", "spanish": " Los incrédulos desearían apartarte del nivel que Dios te ha dado con sus miradas coléricas cuando oyen el Recordatorio; y dicen: “Está ciertamente loco”.", "urdu": " کافر لوگ‘ قریب تھا کہ جب انہوں نے قرآن تجھ سے سنا تھا تو اپنی غصہ سے بھری ہوئی آنکھوں سے دیکھ کر تجھے اپنے مقام سے پھسلا دیتے اور وہ کہتے جاتے ہیں کہ یہ شخص تو مجنون ہے۔"}, {"arabic": " وَ مَا ہُوَ اِلَّا ذِکۡرٌ لِّلۡعٰلَمِیۡنَ ﴿٪۵۳﴾", "english": " Nay, it is naught but a source of honour for all the worlds.", "french": " Non, ce n’est rien d’autre qu’un Rappel pour tous les mondes.", "german": " Nein, es ist nichts anderes als eine Ehre für alle Welten.", "spanish": " ¡No!, no es sino un Recordatorio para todos los mundos.", "urdu": " حالانکہ یہ (قرآن) تو ساری دنیا کے لئے شرف لے کر آیا ہے۔"}], "Surah": 68}