{"Ayats": [{"arabic": " بِسۡمِ اللّٰہِ الرَّحۡمٰنِ الرَّحِیۡمِ﴿۱﴾", "english": " In the name of Allah, the Gracious, the Merciful.", "french": " Au nom d’Allāh, le Gracieux, le Miséricordieux.", "german": " Im Namen Allahs, des Gnädigen, des Barmherzigen.", "spanish": " En el nombre de Al‑lah, el Clemente, el Misericordioso.", "urdu": " (میں) اللہ کا نام لے کر جو بے حد کرم کرنے والا (اور) باربار رحم کرنے والا ہے (پڑھتا ہوں)"}, {"arabic": " قُلۡ اَعُوۡذُ بِرَبِّ النَّاسِ ۙ﴿۲﴾", "english": " Say, ‘I seek refuge in the Lord of mankind,", "french": " Dis : « Je cherche refuge auprès du Seigneur de l’humanité,", "german": " Sprich: \"Ich nehme meine Zuflucht beim Herrn der Menschen,</span> </div> </div> <div class=\"row links\" style=\"margin-top:10px;\"> <div class=\"col-lg-12 center\"> <font size=\"-1\" style=\"font-family:Arial, Helvetica, sans-serif; color: #777\"> Read: <a target=\"_blank\" href=\"/quran/tafseer/?verse=114:2&region=E1&CR=E3,E2\" title=\"English Translation with Detailed Commentary with Meanings of Some Key Words\">Detailed English Commentary</a> | <a href=\"/quran/tafseer/?verse=114:2&region=TS&CR=UR,P1,H1,T1\" title=\"Urdu Tafseer-e-Saghir alongwith other Tafaseer\" target=\"_blank\">Urdu Tafaseer <font style=\"font-family: 'Jameel Noori Nastaleeq', -apple-system, BlinkMacSystemFont, 'Urdu Naskh Asiatype', 'Nafees Web Naskh';\">اردو تفاسیر</font></a> </font> </div></div> <hr size='1'> <div class=\"row\" id=\"Arabic3\" class='indopak' style=\"padding: 5px\"> <div class=\"col-lg-1\"> <a name=\"Arabic3\"></a> <font color=\"#939598\" style=\"font-size:1.1em\"> [<a href='/quran/114:3' style='text-decoration:underline'>114:3</a>]</font> </div> <div class=\"col-lg-1\"> <button onclick=\"aud_play_pause(3)\"><i class=\"fa fa-play\" style=\"color: #777\" aria-hidden=\"true\" id=\"control3\"></i></button> <audio id=\"player3\" class=\"audioplayer\" /> </div><div class=\"col-lg-10\" align=\"right\" dir=\"rtl\"></div> </div> <div class=\"row\"> <div class=\"col-lg-12\" align=\"right\" dir=\"rtl\"> <p class=\"arabicverse\">مَلِکِ النَّاسِ ۙ﴿۳﴾ </p> </div> </div> <div class=\"row english\" align=\"left\" dir=\"ltr\" style=\"margin-top:10px\"> <div class=\"col-lg-12\"> <span class=\"translationheading\">English</span><br> <span class=\"translationtext\">‘The King of mankind,</span> </div> </div> <div class=\"row english2\" align=\"left\" dir=\"ltr\" style=\"display:none; margin-top:10px\"> <div class=\"col-lg-12\"> <span class=\"translationheading\">English Short Commentary</span><br> <span class=\"translationtext\"> <sup class='ref'>[<a class='ref' data-id='ref_114_3_b' href='#'>b</a>]</sup>‘The King of mankind, <div class=\"footnote\"> <span class='collapsible plus' data-id='ref_114_3_b'>b</span></div> <div><div class='reference' data-id='ref_114_3_b' style='display:none'> <p><b>b.</b> <a href='/quran/59:24' target=_blank>59:24</a>; <a href='/quran/62:2' target=_blank>62:2</a>. (<a href='javascript:void(0)' data-id='ref_114_3_b' class='ref'>close</a>)</p> </div> </div> </span> </div> </div> <div class=\"row urdu\" align=\"right\" dir=\"rtl\" style=\"margin-top:10px\"> <div class=\"col-lg-12\"> <span class=\"translationheading\">اُردو</span><br> <span class=\"urdutarjma\">انسانوں کے بادشاہ کی۔</span> </div> </div> <div class=\"row urdu2\" align=\"right\" dir=\"rtl\" style=\"display:none; margin-top:10px\"> <div class=\"col-lg-12\"> <span class=\"translationheading\">اُردو تفسیر صغیر</span><br> <span class=\"urdutarjma\">(وہ رب) جو تمام انسانوں کا بادشاہ (بھی) ہے۔ </span> </div> </div> <div class=\"row french\" align=\"left\" dir=\"ltr\" style=\"display:none; margin-top:10px\"> <div class=\"col-lg-12\"> <span class=\"translationheading\">Français</span><br> <span class=\"translationtext\">Le Roi de l’humanité,</span> </div> </div> <div class=\"row spanish\" align=\"left\" dir=\"ltr\" style=\"display:none; margin-top:10px\"> <div class=\"col-lg-12\"> <span class=\"translationheading\">Español</span><br> <span class=\"translationtext\">“El Soberano de los humanos,</span> </div> </div> <div class=\"row german\" align=\"left\" dir=\"ltr\" style=\"display:none; margin-top:10px\"> <div class=\"col-lg-12\"> <span class=\"translationheading\">Deutsch</span><br> <span class=\"translationtext\">dem König der Menschen,</span> </div> </div> <div class=\"row links\" style=\"margin-top:10px;\"> <div class=\"col-lg-12 center\"> <font size=\"-1\" style=\"font-family:Arial, Helvetica, sans-serif; color: #777\"> Read: <a target=\"_blank\" href=\"/quran/tafseer/?verse=114:3&region=E1&CR=E3,E2\" title=\"English Translation with Detailed Commentary with Meanings of Some Key Words\">Detailed English Commentary</a> | <a href=\"/quran/tafseer/?verse=114:3&region=TS&CR=UR,P1,H1,T1\" title=\"Urdu Tafseer-e-Saghir alongwith other Tafaseer\" target=\"_blank\">Urdu Tafaseer <font style=\"font-family: 'Jameel Noori Nastaleeq', -apple-system, BlinkMacSystemFont, 'Urdu Naskh Asiatype', 'Nafees Web Naskh';\">اردو تفاسیر</font></a> </font> </div></div> <hr size='1'> <div class=\"row\" id=\"Arabic4\" class='indopak' style=\"padding: 5px\"> <div class=\"col-lg-1\"> <a name=\"Arabic4\"></a> <font color=\"#939598\" style=\"font-size:1.1em\"> [<a href='/quran/114:4' style='text-decoration:underline'>114:4</a>]</font> </div> <div class=\"col-lg-1\"> <button onclick=\"aud_play_pause(4)\"><i class=\"fa fa-play\" style=\"color: #777\" aria-hidden=\"true\" id=\"control4\"></i></button> <audio id=\"player4\" class=\"audioplayer\" /> </div><div class=\"col-lg-10\" align=\"right\" dir=\"rtl\"></div> </div> <div class=\"row\"> <div class=\"col-lg-12\" align=\"right\" dir=\"rtl\"> <p class=\"arabicverse\">اِلٰہِ النَّاسِ ۙ﴿۴﴾ </p> </div> </div> <div class=\"row english\" align=\"left\" dir=\"ltr\" style=\"margin-top:10px\"> <div class=\"col-lg-12\"> <span class=\"translationheading\">English</span><br> <span class=\"translationtext\">‘The God of mankind,</span> </div> </div> <div class=\"row english2\" align=\"left\" dir=\"ltr\" style=\"display:none; margin-top:10px\"> <div class=\"col-lg-12\"> <span class=\"translationheading\">English Short Commentary</span><br> <span class=\"translationtext\"> ‘The God of mankind,<sup class='ref'>[<a class='ref' data-id='ref_114_4_3473' href='#'>3473</a>]</sup> <div class=\"footnote\"> <span class='collapsible plus' data-id='ref_114_4_3473'>3473</span></div> <div><a name='3473'></a><div class='reference' data-id='ref_114_4_3473' style='display:none'> <p><b>3473.</b> In the present <i>Surah </i>three Divine attributes—<i>Rabb </i>(Lord of mankind), <i>Malik </i>(King of mankind), and <i>Ilah </i>(God of mankind), have been invoked as against one attribute, viz. <i>Rabbul-Falaq </i>(Lord of the dawn) in the preceding <i>Surah</i>, because this one attribute comprises all the three above- mentioned attributes. Whereas one Divine attribute—Lord of the dawn—has been invoked against four kinds of mischief in the previous <i>Surah</i>, in the present <i>Surah </i>three Divine attributes have been invoked against one mischief, i.e. whispering of the Evil One. This is because the promptings or insinuations of Satan cover all conceivable evils.</p><p>The three Divine attributes have a subtle connection with the physical, moral and spiritual conditions of man. Man’s physical and moral developments take place under the attribute <i>Rabb</i>, and his thoughts, words and actions are punished or rewarded by <i>Malik</i>; and the attribute <i>Ilah </i>signifies that God is the object of his love and adoration and is his aim and object. Mention of three Divine attributes in this <i>Surah </i>implies that all sins proceed from three causes, viz. when a person looks upon another person as his Lord or King or God, that is to say, when he regards him as the main prop or support of his life, or slavishly surrenders to his undue authority or makes him the object of his love and adoration. A believer is enjoined here to look up to God alone as the real support of his life, to render Him alone true and unconditional obedience and to make Him alone the real object of his love and adoration. Or, he may have been enjoined in these verses constantly to seek protection against the ravages of exploiting capitalists, tyrannical rulers and the crafty priestly class who, taking undue advantage of the unwary and simple-minded folk, exploit them mercilessly. (<a href='javascript:void(0)' data-id='ref_114_4_3473' class='ref'>close</a>)</p> </div> </div> </span> </div> </div> <div class=\"row urdu\" align=\"right\" dir=\"rtl\" style=\"margin-top:10px\"> <div class=\"col-lg-12\"> <span class=\"translationheading\">اُردو</span><br> <span class=\"urdutarjma\">انسانوں کے معبود کی۔</span> </div> </div> <div class=\"row urdu2\" align=\"right\" dir=\"rtl\" style=\"display:none; margin-top:10px\"> <div class=\"col-lg-12\"> <span class=\"translationheading\">اُردو تفسیر صغیر</span><br> <span class=\"urdutarjma\">اور تمام انسانوں کا معبود (بھی) ہے۔ </span> </div> </div> <div class=\"row french\" align=\"left\" dir=\"ltr\" style=\"display:none; margin-top:10px\"> <div class=\"col-lg-12\"> <span class=\"translationheading\">Français</span><br> <span class=\"translationtext\">Le Dieu de l’humanité,</span> </div> </div> <div class=\"row spanish\" align=\"left\" dir=\"ltr\" style=\"display:none; margin-top:10px\"> <div class=\"col-lg-12\"> <span class=\"translationheading\">Español</span><br> <span class=\"translationtext\">“El Dios de los humanos,</span> </div> </div> <div class=\"row german\" align=\"left\" dir=\"ltr\" style=\"display:none; margin-top:10px\"> <div class=\"col-lg-12\"> <span class=\"translationheading\">Deutsch</span><br> <span class=\"translationtext\">dem Gott der Menschen,</span> </div> </div> <div class=\"row links\" style=\"margin-top:10px;\"> <div class=\"col-lg-12 center\"> <font size=\"-1\" style=\"font-family:Arial, Helvetica, sans-serif; color: #777\"> Read: <a target=\"_blank\" href=\"/quran/tafseer/?verse=114:4&region=E1&CR=E3,E2\" title=\"English Translation with Detailed Commentary with Meanings of Some Key Words\">Detailed English Commentary</a> | <a href=\"/quran/tafseer/?verse=114:4&region=TS&CR=UR,P1,H1,T1\" title=\"Urdu Tafseer-e-Saghir alongwith other Tafaseer\" target=\"_blank\">Urdu Tafaseer <font style=\"font-family: 'Jameel Noori Nastaleeq', -apple-system, BlinkMacSystemFont, 'Urdu Naskh Asiatype', 'Nafees Web Naskh';\">اردو تفاسیر</font></a> </font> </div></div> <hr size='1'> <div class=\"row\" id=\"Arabic5\" class='indopak' style=\"padding: 5px\"> <div class=\"col-lg-1\"> <a name=\"Arabic5\"></a> <font color=\"#939598\" style=\"font-size:1.1em\"> [<a href='/quran/114:5' style='text-decoration:underline'>114:5</a>]</font> </div> <div class=\"col-lg-1\"> <button onclick=\"aud_play_pause(5)\"><i class=\"fa fa-play\" style=\"color: #777\" aria-hidden=\"true\" id=\"control5\"></i></button> <audio id=\"player5\" class=\"audioplayer\" /> </div><div class=\"col-lg-10\" align=\"right\" dir=\"rtl\"></div> </div> <div class=\"row\"> <div class=\"col-lg-12\" align=\"right\" dir=\"rtl\"> <p class=\"arabicverse\">مِنۡ شَرِّ الۡوَسۡوَاسِ ۬ۙ الۡخَنَّاسِ ۪ۙ﴿۵﴾ </p> </div> </div> <div class=\"row english\" align=\"left\" dir=\"ltr\" style=\"margin-top:10px\"> <div class=\"col-lg-12\"> <span class=\"translationheading\">English</span><br> <span class=\"translationtext\">‘From the evil of the sneaking whisperer,</span> </div> </div> <div class=\"row english2\" align=\"left\" dir=\"ltr\" style=\"display:none; margin-top:10px\"> <div class=\"col-lg-12\"> <span class=\"translationheading\">English Short Commentary</span><br> <span class=\"translationtext\"> ‘From the evil <i>whisperings </i>of the sneaking whisperer; </span> </div> </div> <div class=\"row urdu\" align=\"right\" dir=\"rtl\" style=\"margin-top:10px\"> <div class=\"col-lg-12\"> <span class=\"translationheading\">اُردو</span><br> <span class=\"urdutarjma\">بکثرت وسوسے پیدا کرنے والے کے شرّ سے، جو وسوسہ ڈال کر پیچھے ہٹ جاتا ہے۔</span> </div> </div> <div class=\"row urdu2\" align=\"right\" dir=\"rtl\" style=\"display:none; margin-top:10px\"> <div class=\"col-lg-12\"> <span class=\"translationheading\">اُردو تفسیر صغیر</span><br> <span class=\"urdutarjma\">(میں اس کی پناہ طلب کرتا ہوں) ہر وسوسہ ڈالنے والے کی شرارت سے۔ جو (ہر قسم کے وسوسے ڈال کر) پیچھے ہٹ جاتا ہے۔ </span> </div> </div> <div class=\"row french\" align=\"left\" dir=\"ltr\" style=\"display:none; margin-top:10px\"> <div class=\"col-lg-12\"> <span class=\"translationheading\">Français</span><br> <span class=\"translationtext\">Contre le mal du chuchoteur sournois,</span> </div> </div> <div class=\"row spanish\" align=\"left\" dir=\"ltr\" style=\"display:none; margin-top:10px\"> <div class=\"col-lg-12\"> <span class=\"translationheading\">Español</span><br> <span class=\"translationtext\">“De la maldad del murmurador tentador,</span> </div> </div> <div class=\"row german\" align=\"left\" dir=\"ltr\" style=\"display:none; margin-top:10px\"> <div class=\"col-lg-12\"> <span class=\"translationheading\">Deutsch</span><br> <span class=\"translationtext\">vor dem Übel des schleichenden Einflüsterers –</span> </div> </div> <div class=\"row links\" style=\"margin-top:10px;\"> <div class=\"col-lg-12 center\"> <font size=\"-1\" style=\"font-family:Arial, Helvetica, sans-serif; color: #777\"> Read: <a target=\"_blank\" href=\"/quran/tafseer/?verse=114:5&region=E1&CR=E3,E2\" title=\"English Translation with Detailed Commentary with Meanings of Some Key Words\">Detailed English Commentary</a> | <a href=\"/quran/tafseer/?verse=114:5&region=TS&CR=UR,P1,H1,T1\" title=\"Urdu Tafseer-e-Saghir alongwith other Tafaseer\" target=\"_blank\">Urdu Tafaseer <font style=\"font-family: 'Jameel Noori Nastaleeq', -apple-system, BlinkMacSystemFont, 'Urdu Naskh Asiatype', 'Nafees Web Naskh';\">اردو تفاسیر</font></a> </font> </div></div> <hr size='1'> <div class=\"row\" id=\"Arabic6\" class='indopak' style=\"padding: 5px\"> <div class=\"col-lg-1\"> <a name=\"Arabic6\"></a> <font color=\"#939598\" style=\"font-size:1.1em\"> [<a href='/quran/114:6' style='text-decoration:underline'>114:6</a>]</font> </div> <div class=\"col-lg-1\"> <button onclick=\"aud_play_pause(6)\"><i class=\"fa fa-play\" style=\"color: #777\" aria-hidden=\"true\" id=\"control6\"></i></button> <audio id=\"player6\" class=\"audioplayer\" /> </div><div class=\"col-lg-10\" align=\"right\" dir=\"rtl\"></div> </div> <div class=\"row\"> <div class=\"col-lg-12\" align=\"right\" dir=\"rtl\"> <p class=\"arabicverse\">الَّذِیۡ یُوَسۡوِسُ فِیۡ صُدُوۡرِ النَّاسِ ۙ﴿۶﴾ </p> </div> </div> <div class=\"row english\" align=\"left\" dir=\"ltr\" style=\"margin-top:10px\"> <div class=\"col-lg-12\"> <span class=\"translationheading\">English</span><br> <span class=\"translationtext\">‘Who whispers into the hearts of men,</span> </div> </div> <div class=\"row english2\" align=\"left\" dir=\"ltr\" style=\"display:none; margin-top:10px\"> <div class=\"col-lg-12\"> <span class=\"translationheading\">English Short Commentary</span><br> <span class=\"translationtext\"> Who whispers into the hearts of men, </span> </div> </div> <div class=\"row urdu\" align=\"right\" dir=\"rtl\" style=\"margin-top:10px\"> <div class=\"col-lg-12\"> <span class=\"translationheading\">اُردو</span><br> <span class=\"urdutarjma\">وہ جو انسانوں کے دلوں میں وسوسے ڈالتا ہے۔</span> </div> </div> <div class=\"row urdu2\" align=\"right\" dir=\"rtl\" style=\"display:none; margin-top:10px\"> <div class=\"col-lg-12\"> <span class=\"translationheading\">اُردو تفسیر صغیر</span><br> <span class=\"urdutarjma\">(اور) جو انسانوں کے دلوں میں شبہات پیدا کر دیتا ہے۔ </span> </div> </div> <div class=\"row french\" align=\"left\" dir=\"ltr\" style=\"display:none; margin-top:10px\"> <div class=\"col-lg-12\"> <span class=\"translationheading\">Français</span><br> <span class=\"translationtext\">Qui chuchote dans le cœur des hommes,</span> </div> </div> <div class=\"row spanish\" align=\"left\" dir=\"ltr\" style=\"display:none; margin-top:10px\"> <div class=\"col-lg-12\"> <span class=\"translationheading\">Español</span><br> <span class=\"translationtext\">“Que susurra en los corazones de los hombres,</span> </div> </div> <div class=\"row german\" align=\"left\" dir=\"ltr\" style=\"display:none; margin-top:10px\"> <div class=\"col-lg-12\"> <span class=\"translationheading\">Deutsch</span><br> <span class=\"translationtext\">der da einflüstert in die Herzen der Menschen –</span> </div> </div> <div class=\"row links\" style=\"margin-top:10px;\"> <div class=\"col-lg-12 center\"> <font size=\"-1\" style=\"font-family:Arial, Helvetica, sans-serif; color: #777\"> Read: <a target=\"_blank\" href=\"/quran/tafseer/?verse=114:6&region=E1&CR=E3,E2\" title=\"English Translation with Detailed Commentary with Meanings of Some Key Words\">Detailed English Commentary</a> | <a href=\"/quran/tafseer/?verse=114:6&region=TS&CR=UR,P1,H1,T1\" title=\"Urdu Tafseer-e-Saghir alongwith other Tafaseer\" target=\"_blank\">Urdu Tafaseer <font style=\"font-family: 'Jameel Noori Nastaleeq', -apple-system, BlinkMacSystemFont, 'Urdu Naskh Asiatype', 'Nafees Web Naskh';\">اردو تفاسیر</font></a> </font> </div></div> <hr size='1'> <div class=\"row\" id=\"Arabic7\" class='indopak' style=\"padding: 5px\"> <div class=\"col-lg-1\"> <a name=\"Arabic7\"></a> <font color=\"#939598\" style=\"font-size:1.1em\"> [<a href='/quran/114:7' style='text-decoration:underline'>114:7</a>]</font> </div> <div class=\"col-lg-1\"> <button onclick=\"aud_play_pause(7)\"><i class=\"fa fa-play\" style=\"color: #777\" aria-hidden=\"true\" id=\"control7\"></i></button> <audio id=\"player7\" class=\"audioplayer\" /> </div><div class=\"col-lg-10\" align=\"right\" dir=\"rtl\"></div> </div> <div class=\"row\"> <div class=\"col-lg-12\" align=\"right\" dir=\"rtl\"> <p class=\"arabicverse\">مِنَ الۡجِنَّۃِ وَ النَّاسِ ٪﴿۷﴾ </p> </div> </div> <div class=\"row english\" align=\"left\" dir=\"ltr\" style=\"margin-top:10px\"> <div class=\"col-lg-12\"> <span class=\"translationheading\">English</span><br> <span class=\"translationtext\">‘From among the Jinn and mankind.’</span> </div> </div> <div class=\"row english2\" align=\"left\" dir=\"ltr\" style=\"display:none; margin-top:10px\"> <div class=\"col-lg-12\"> <span class=\"translationheading\">English Short Commentary</span><br> <span class=\"translationtext\"> ‘From among jinn and men.’<sup class='ref'>[<a class='ref' data-id='ref_114_7_3474' href='#'>3474</a>]</sup> <div class=\"footnote\"> <span class='collapsible plus' data-id='ref_114_7_3474'>3474</span></div> <div><a name='3474'></a><div class='reference' data-id='ref_114_7_3474' style='display:none'> <p><b>3474.</b> The Evil One whispers evil thoughts into the hearts of <i>jinn </i>(big men) and <i>Nas </i>(common men), sparing no one. Or, the verse may mean that whisperers of evil thoughts are to be found both among jinn and common men. (<a href='javascript:void(0)' data-id='ref_114_7_3474' class='ref'>close</a>)</p> </div> </div> </span> </div> </div> <div class=\"row urdu\" align=\"right\" dir=\"rtl\" style=\"margin-top:10px\"> <div class=\"col-lg-12\"> <span class=\"translationheading\">اُردو</span><br> <span class=\"urdutarjma\">(خواہ) وہ جنوں میں سے ہو (یعنی بڑے لوگوں میں سے) یا عوام النا س میں سے۔</span> </div> </div> <div class=\"row urdu2\" align=\"right\" dir=\"rtl\" style=\"display:none; margin-top:10px\"> <div class=\"col-lg-12\"> <span class=\"translationheading\">اُردو تفسیر صغیر</span><br> <span class=\"urdutarjma\">خواہ وہ (فتنہ پرداز) مخفی رہنے والی ہستیوں میں سے ہو‘ خواہ عام انسانوں میں سے ہو۔ </span> </div> </div> <div class=\"row french\" align=\"left\" dir=\"ltr\" style=\"display:none; margin-top:10px\"> <div class=\"col-lg-12\"> <span class=\"translationheading\">Français</span><br> <span class=\"translationtext\">De parmi les djinns et les hommes. »</span> </div> </div> <div class=\"row spanish\" align=\"left\" dir=\"ltr\" style=\"display:none; margin-top:10px\"> <div class=\"col-lg-12\"> <span class=\"translationheading\">Español</span><br> <span class=\"translationtext\">“De entre los Yinn y los hu­manos”.</span> </div> </div> <div class=\"row german\" align=\"left\" dir=\"ltr\" style=\"display:none; margin-top:10px\"> <div class=\"col-lg-12\"> <span class=\"translationheading\">Deutsch</span><br> <span class=\"translationtext\">unter den Jinn und den Menschen.\"", "spanish": " Di: “Busco refugio en el Señor de los humanos,", "urdu": " (ہم ہر زمانہ کے مسلمان سے کہتے ہیں کہ) تو (دوسرے لوگوں سے) کہتا چلا جا‘ کہ میں تمام انسانوں کے رب سے (اس کی) پناہ طلب کرتا ہوں۔"}, {"arabic": " مَلِکِ النَّاسِ ۙ﴿۳﴾", "english": " ‘The King of mankind,", "french": " Le Roi de l’humanité,", "german": " dem König der Menschen,", "spanish": " “El Soberano de los humanos,", "urdu": " (وہ رب) جو تمام انسانوں کا بادشاہ (بھی) ہے۔"}, {"arabic": " اِلٰہِ النَّاسِ ۙ﴿۴﴾", "english": " ‘The God of mankind,", "french": " Le Dieu de l’humanité,", "german": " dem Gott der Menschen,", "spanish": " “El Dios de los humanos,", "urdu": " اور تمام انسانوں کا معبود (بھی) ہے۔"}, {"arabic": " مِنۡ شَرِّ الۡوَسۡوَاسِ ۬ۙ الۡخَنَّاسِ ۪ۙ﴿۵﴾", "english": " ‘From the evil of the sneaking whisperer,", "french": " Contre le mal du chuchoteur sournois,", "german": " vor dem Übel des schleichenden Einflüsterers –", "spanish": " “De la maldad del murmurador tentador,", "urdu": " (میں اس کی پناہ طلب کرتا ہوں) ہر وسوسہ ڈالنے والے کی شرارت سے۔ جو (ہر قسم کے وسوسے ڈال کر) پیچھے ہٹ جاتا ہے۔"}, {"arabic": " الَّذِیۡ یُوَسۡوِسُ فِیۡ صُدُوۡرِ النَّاسِ ۙ﴿۶﴾", "english": " ‘Who whispers into the hearts of men,", "french": " Qui chuchote dans le cœur des hommes,", "german": " der da einflüstert in die Herzen der Menschen –", "spanish": " “Que susurra en los corazones de los hombres,", "urdu": " (اور) جو انسانوں کے دلوں میں شبہات پیدا کر دیتا ہے۔"}, {"arabic": " مِنَ الۡجِنَّۃِ وَ النَّاسِ ٪﴿۷﴾", "english": " ‘From among the Jinn and mankind.’", "french": " De parmi les djinns et les hommes. »", "german": "", "spanish": " “De entre los Yinn y los hu­manos”.", "urdu": " خواہ وہ (فتنہ پرداز) مخفی رہنے والی ہستیوں میں سے ہو‘ خواہ عام انسانوں میں سے ہو۔"}], "Surah": 114}