{"Ayats": [{"arabic": " بِسۡمِ اللّٰہِ الرَّحۡمٰنِ الرَّحِیۡمِ﴿۱﴾", "english": " In the name of Allah, the Gracious, the Merciful.", "french": " Au nom d’Allāh, le Gracieux, le Miséricordieux.", "german": " Im Namen Allahs, des Gnädigen, des Barmherzigen.", "spanish": " En el nombre de Al-lah, el Clemente, el Misericordioso.", "urdu": " (میں) اللہ کا نام لے کر جو بے حد کرم کرنے والا (اور) باربار رحم کرنے والا ہے (پڑھتا ہوں)"}, {"arabic": " قُلۡ یٰۤاَیُّہَا الۡکٰفِرُوۡنَ ۙ﴿۲﴾", "english": " Say, ‘O ye disbelievers!", "french": " Dis : « Ô vous mécréants !", "german": " Sprich: \"O ihr Ungläubigen!</span> </div> </div> <div class=\"row links\" style=\"margin-top:10px;\"> <div class=\"col-lg-12 center\"> <font size=\"-1\" style=\"font-family:Arial, Helvetica, sans-serif; color: #777\"> Read: <a target=\"_blank\" href=\"/quran/tafseer/?verse=109:2&region=E1&CR=E3,E2\" title=\"English Translation with Detailed Commentary with Meanings of Some Key Words\">Detailed English Commentary</a> | <a href=\"/quran/tafseer/?verse=109:2&region=TS&CR=UR,P1,H1,T1\" title=\"Urdu Tafseer-e-Saghir alongwith other Tafaseer\" target=\"_blank\">Urdu Tafaseer <font style=\"font-family: 'Jameel Noori Nastaleeq', -apple-system, BlinkMacSystemFont, 'Urdu Naskh Asiatype', 'Nafees Web Naskh';\">اردو تفاسیر</font></a> </font> </div></div> <hr size='1'> <div class=\"row\" id=\"Arabic3\" class='indopak' style=\"padding: 5px\"> <div class=\"col-lg-1\"> <a name=\"Arabic3\"></a> <font color=\"#939598\" style=\"font-size:1.1em\"> [<a href='/quran/109:3' style='text-decoration:underline'>109:3</a>]</font> </div> <div class=\"col-lg-1\"> <button onclick=\"aud_play_pause(3)\"><i class=\"fa fa-play\" style=\"color: #777\" aria-hidden=\"true\" id=\"control3\"></i></button> <audio id=\"player3\" class=\"audioplayer\" /> </div><div class=\"col-lg-10\" align=\"right\" dir=\"rtl\"></div> </div> <div class=\"row\"> <div class=\"col-lg-12\" align=\"right\" dir=\"rtl\"> <p class=\"arabicverse\">لَاۤ اَعۡبُدُ مَا تَعۡبُدُوۡنَ ۙ﴿۳﴾ </p> </div> </div> <div class=\"row english\" align=\"left\" dir=\"ltr\" style=\"margin-top:10px\"> <div class=\"col-lg-12\"> <span class=\"translationheading\">English</span><br> <span class=\"translationtext\">‘I worship not that which you worship;</span> </div> </div> <div class=\"row english2\" align=\"left\" dir=\"ltr\" style=\"display:none; margin-top:10px\"> <div class=\"col-lg-12\"> <span class=\"translationheading\">English Short Commentary</span><br> <span class=\"translationtext\"> ‘I worship not as you worship, </span> </div> </div> <div class=\"row urdu\" align=\"right\" dir=\"rtl\" style=\"margin-top:10px\"> <div class=\"col-lg-12\"> <span class=\"translationheading\">اُردو</span><br> <span class=\"urdutarjma\">میں اُس کی عبادت نہیں کروں گا جس کی تم عبادت کرتے ہو۔</span> </div> </div> <div class=\"row urdu2\" align=\"right\" dir=\"rtl\" style=\"display:none; margin-top:10px\"> <div class=\"col-lg-12\"> <span class=\"translationheading\">اُردو تفسیر صغیر</span><br> <span class=\"urdutarjma\">میں تمہارے طریق کے مطابق عبادت نہیں کرتا۔ </span> </div> </div> <div class=\"row french\" align=\"left\" dir=\"ltr\" style=\"display:none; margin-top:10px\"> <div class=\"col-lg-12\"> <span class=\"translationheading\">Français</span><br> <span class=\"translationtext\">Je n’adorerai pas ce que vous adorez ;</span> </div> </div> <div class=\"row spanish\" align=\"left\" dir=\"ltr\" style=\"display:none; margin-top:10px\"> <div class=\"col-lg-12\"> <span class=\"translationheading\">Español</span><br> <span class=\"translationtext\">“No adoro lo que adoráis;</span> </div> </div> <div class=\"row german\" align=\"left\" dir=\"ltr\" style=\"display:none; margin-top:10px\"> <div class=\"col-lg-12\"> <span class=\"translationheading\">Deutsch</span><br> <span class=\"translationtext\">Ich verehre nicht das, was ihr verehret,</span> </div> </div> <div class=\"row links\" style=\"margin-top:10px;\"> <div class=\"col-lg-12 center\"> <font size=\"-1\" style=\"font-family:Arial, Helvetica, sans-serif; color: #777\"> Read: <a target=\"_blank\" href=\"/quran/tafseer/?verse=109:3&region=E1&CR=E3,E2\" title=\"English Translation with Detailed Commentary with Meanings of Some Key Words\">Detailed English Commentary</a> | <a href=\"/quran/tafseer/?verse=109:3&region=TS&CR=UR,P1,H1,T1\" title=\"Urdu Tafseer-e-Saghir alongwith other Tafaseer\" target=\"_blank\">Urdu Tafaseer <font style=\"font-family: 'Jameel Noori Nastaleeq', -apple-system, BlinkMacSystemFont, 'Urdu Naskh Asiatype', 'Nafees Web Naskh';\">اردو تفاسیر</font></a> </font> </div></div> <hr size='1'> <div class=\"row\" id=\"Arabic4\" class='indopak' style=\"padding: 5px\"> <div class=\"col-lg-1\"> <a name=\"Arabic4\"></a> <font color=\"#939598\" style=\"font-size:1.1em\"> [<a href='/quran/109:4' style='text-decoration:underline'>109:4</a>]</font> </div> <div class=\"col-lg-1\"> <button onclick=\"aud_play_pause(4)\"><i class=\"fa fa-play\" style=\"color: #777\" aria-hidden=\"true\" id=\"control4\"></i></button> <audio id=\"player4\" class=\"audioplayer\" /> </div><div class=\"col-lg-10\" align=\"right\" dir=\"rtl\"></div> </div> <div class=\"row\"> <div class=\"col-lg-12\" align=\"right\" dir=\"rtl\"> <p class=\"arabicverse\">وَ لَاۤ اَنۡتُمۡ عٰبِدُوۡنَ مَاۤ اَعۡبُدُ ۚ﴿۴﴾ </p> </div> </div> <div class=\"row english\" align=\"left\" dir=\"ltr\" style=\"margin-top:10px\"> <div class=\"col-lg-12\"> <span class=\"translationheading\">English</span><br> <span class=\"translationtext\">‘Nor worship you what I worship.</span> </div> </div> <div class=\"row english2\" align=\"left\" dir=\"ltr\" style=\"display:none; margin-top:10px\"> <div class=\"col-lg-12\"> <span class=\"translationheading\">English Short Commentary</span><br> <span class=\"translationtext\"> ‘Nor do you worship as I worship. </span> </div> </div> <div class=\"row urdu\" align=\"right\" dir=\"rtl\" style=\"margin-top:10px\"> <div class=\"col-lg-12\"> <span class=\"translationheading\">اُردو</span><br> <span class=\"urdutarjma\">اور نہ تم اُس کی عبادت کرنے والے ہو جس کی میں عبادت کرتا ہوں۔</span> </div> </div> <div class=\"row urdu2\" align=\"right\" dir=\"rtl\" style=\"display:none; margin-top:10px\"> <div class=\"col-lg-12\"> <span class=\"translationheading\">اُردو تفسیر صغیر</span><br> <span class=\"urdutarjma\">اور نہ تم میرے طریق کے مطابق عبادت کرتے ہو۔ </span> </div> </div> <div class=\"row french\" align=\"left\" dir=\"ltr\" style=\"display:none; margin-top:10px\"> <div class=\"col-lg-12\"> <span class=\"translationheading\">Français</span><br> <span class=\"translationtext\">Et ni vous êtes adorateurs de Ce Que j’adore.</span> </div> </div> <div class=\"row spanish\" align=\"left\" dir=\"ltr\" style=\"display:none; margin-top:10px\"> <div class=\"col-lg-12\"> <span class=\"translationheading\">Español</span><br> <span class=\"translationtext\">“Ni vosotros adoráis lo que yo adoro.</span> </div> </div> <div class=\"row german\" align=\"left\" dir=\"ltr\" style=\"display:none; margin-top:10px\"> <div class=\"col-lg-12\"> <span class=\"translationheading\">Deutsch</span><br> <span class=\"translationtext\">noch verehrt ihr das, was ich verehre.</span> </div> </div> <div class=\"row links\" style=\"margin-top:10px;\"> <div class=\"col-lg-12 center\"> <font size=\"-1\" style=\"font-family:Arial, Helvetica, sans-serif; color: #777\"> Read: <a target=\"_blank\" href=\"/quran/tafseer/?verse=109:4&region=E1&CR=E3,E2\" title=\"English Translation with Detailed Commentary with Meanings of Some Key Words\">Detailed English Commentary</a> | <a href=\"/quran/tafseer/?verse=109:4&region=TS&CR=UR,P1,H1,T1\" title=\"Urdu Tafseer-e-Saghir alongwith other Tafaseer\" target=\"_blank\">Urdu Tafaseer <font style=\"font-family: 'Jameel Noori Nastaleeq', -apple-system, BlinkMacSystemFont, 'Urdu Naskh Asiatype', 'Nafees Web Naskh';\">اردو تفاسیر</font></a> </font> </div></div> <hr size='1'> <div class=\"row\" id=\"Arabic5\" class='indopak' style=\"padding: 5px\"> <div class=\"col-lg-1\"> <a name=\"Arabic5\"></a> <font color=\"#939598\" style=\"font-size:1.1em\"> [<a href='/quran/109:5' style='text-decoration:underline'>109:5</a>]</font> </div> <div class=\"col-lg-1\"> <button onclick=\"aud_play_pause(5)\"><i class=\"fa fa-play\" style=\"color: #777\" aria-hidden=\"true\" id=\"control5\"></i></button> <audio id=\"player5\" class=\"audioplayer\" /> </div><div class=\"col-lg-10\" align=\"right\" dir=\"rtl\"></div> </div> <div class=\"row\"> <div class=\"col-lg-12\" align=\"right\" dir=\"rtl\"> <p class=\"arabicverse\">وَ لَاۤ اَنَا عَابِدٌ مَّا عَبَدۡتُّمۡ ۙ﴿۵﴾ </p> </div> </div> <div class=\"row english\" align=\"left\" dir=\"ltr\" style=\"margin-top:10px\"> <div class=\"col-lg-12\"> <span class=\"translationheading\">English</span><br> <span class=\"translationtext\">‘And I am not <em>going </em>to worship that which you worship;</span> </div> </div> <div class=\"row english2\" align=\"left\" dir=\"ltr\" style=\"display:none; margin-top:10px\"> <div class=\"col-lg-12\"> <span class=\"translationheading\">English Short Commentary</span><br> <span class=\"translationtext\"> ‘Nor do I worship <i>those </i>that you worship, </span> </div> </div> <div class=\"row urdu\" align=\"right\" dir=\"rtl\" style=\"margin-top:10px\"> <div class=\"col-lg-12\"> <span class=\"translationheading\">اُردو</span><br> <span class=\"urdutarjma\">اور میں کبھی اُس کی عبادت کرنے والا نہیں بنوں گا جس کی تم نے عبادت کی ہے۔</span> </div> </div> <div class=\"row urdu2\" align=\"right\" dir=\"rtl\" style=\"display:none; margin-top:10px\"> <div class=\"col-lg-12\"> <span class=\"translationheading\">اُردو تفسیر صغیر</span><br> <span class=\"urdutarjma\">اور نہ میں (ان کی) عبادت کرتا ہوں جن کی تم عبادت کرتے چلے آئے ہو۔ </span> </div> </div> <div class=\"row french\" align=\"left\" dir=\"ltr\" style=\"display:none; margin-top:10px\"> <div class=\"col-lg-12\"> <span class=\"translationheading\">Français</span><br> <span class=\"translationtext\">Et jamais je ne deviendrai adorateur de ce que vous avez adoré.</span> </div> </div> <div class=\"row spanish\" align=\"left\" dir=\"ltr\" style=\"display:none; margin-top:10px\"> <div class=\"col-lg-12\"> <span class=\"translationheading\">Español</span><br> <span class=\"translationtext\">“Y tampoco voy a adorar lo que adoráis;</span> </div> </div> <div class=\"row german\" align=\"left\" dir=\"ltr\" style=\"display:none; margin-top:10px\"> <div class=\"col-lg-12\"> <span class=\"translationheading\">Deutsch</span><br> <span class=\"translationtext\">Und ich will das nicht verehren, was ihr verehret;</span> </div> </div> <div class=\"row links\" style=\"margin-top:10px;\"> <div class=\"col-lg-12 center\"> <font size=\"-1\" style=\"font-family:Arial, Helvetica, sans-serif; color: #777\"> Read: <a target=\"_blank\" href=\"/quran/tafseer/?verse=109:5&region=E1&CR=E3,E2\" title=\"English Translation with Detailed Commentary with Meanings of Some Key Words\">Detailed English Commentary</a> | <a href=\"/quran/tafseer/?verse=109:5&region=TS&CR=UR,P1,H1,T1\" title=\"Urdu Tafseer-e-Saghir alongwith other Tafaseer\" target=\"_blank\">Urdu Tafaseer <font style=\"font-family: 'Jameel Noori Nastaleeq', -apple-system, BlinkMacSystemFont, 'Urdu Naskh Asiatype', 'Nafees Web Naskh';\">اردو تفاسیر</font></a> </font> </div></div> <hr size='1'> <div class=\"row\" id=\"Arabic6\" class='indopak' style=\"padding: 5px\"> <div class=\"col-lg-1\"> <a name=\"Arabic6\"></a> <font color=\"#939598\" style=\"font-size:1.1em\"> [<a href='/quran/109:6' style='text-decoration:underline'>109:6</a>]</font> </div> <div class=\"col-lg-1\"> <button onclick=\"aud_play_pause(6)\"><i class=\"fa fa-play\" style=\"color: #777\" aria-hidden=\"true\" id=\"control6\"></i></button> <audio id=\"player6\" class=\"audioplayer\" /> </div><div class=\"col-lg-10\" align=\"right\" dir=\"rtl\"></div> </div> <div class=\"row\"> <div class=\"col-lg-12\" align=\"right\" dir=\"rtl\"> <p class=\"arabicverse\">وَ لَاۤ اَنۡتُمۡ عٰبِدُوۡنَ مَاۤ اَعۡبُدُ ؕ﴿۶﴾ </p> </div> </div> <div class=\"row english\" align=\"left\" dir=\"ltr\" style=\"margin-top:10px\"> <div class=\"col-lg-12\"> <span class=\"translationheading\">English</span><br> <span class=\"translationtext\">‘Nor will you worship what I worship.</span> </div> </div> <div class=\"row english2\" align=\"left\" dir=\"ltr\" style=\"display:none; margin-top:10px\"> <div class=\"col-lg-12\"> <span class=\"translationheading\">English Short Commentary</span><br> <span class=\"translationtext\"> ‘Nor do you worship Him<sup class='ref'>[<a class='ref' data-id='ref_109_6_3453' href='#'>3453</a>]</sup> Whom I worship. <div class=\"footnote\"> <span class='collapsible plus' data-id='ref_109_6_3453'>3453</span></div> <div><a name='3453'></a><div class='reference' data-id='ref_109_6_3453' style='display:none'> <p><b>3453.</b> Various explanations have been given of the present and the preceding three verses by the Commentators. Some say that as the pagan Meccans had put their question in two forms, therefore, two forms have been adopted in answer to their question. Others say that the repetition is for the sake of emphasis. Yet some others like Zajjaj are of the opinion that the first two sentences signify denial of worship in the present time and the last two sentences denial of it in the future. As against this Zamakhshari says that the first two sentences stand for denial of worship in future while the last two for that in the past. Be that as it may, when the particle <i>la </i>(no; not) governs an aorist, it signifies the future tense. According to this use of the particle the expression <i>la A‘budu </i>would mean: 'I will never worship.'</p><p>The particle <i>ma </i>is used in two forms. As <i>Masdariyyah </i>it transforms into infinitive the verb which it governs and as <i>Mausulah </i>it means <i>Alladhi </i>(that which). Sometimes it is also used for rational beings and means \"he who.\" <i>Ma </i>may be taken as <i>Masdariyyah </i>in the former two verses and as <i>Mausulah </i>in the latter two, and the four verses would be interpreted something like this: 'I will never adopt your mode or manner of worship, nor will you adopt the manner in which I worship. And I shall not worship those things (idols) or rational or irrational beings whom you worship, nor will you worship Him (Allah) Whom I worship.' (<a href='javascript:void(0)' data-id='ref_109_6_3453' class='ref'>close</a>)</p> </div> </div> </span> </div> </div> <div class=\"row urdu\" align=\"right\" dir=\"rtl\" style=\"margin-top:10px\"> <div class=\"col-lg-12\"> <span class=\"translationheading\">اُردو</span><br> <span class=\"urdutarjma\">اور نہ تم اُس کی عبادت کرنے والے بنوگے جس کی میں عبادت کرتا ہوں۔</span> </div> </div> <div class=\"row urdu2\" align=\"right\" dir=\"rtl\" style=\"display:none; margin-top:10px\"> <div class=\"col-lg-12\"> <span class=\"translationheading\">اُردو تفسیر صغیر</span><br> <span class=\"urdutarjma\">اور نہ تم (اس کی) عبادت کرتے ہو جس کی میں عبادت کر رہا ہوں۔ </span> </div> </div> <div class=\"row french\" align=\"left\" dir=\"ltr\" style=\"display:none; margin-top:10px\"> <div class=\"col-lg-12\"> <span class=\"translationheading\">Français</span><br> <span class=\"translationtext\">Et vous ne deviendrez pas non plus adorateurs de Ce Que j’adore.</span> </div> </div> <div class=\"row spanish\" align=\"left\" dir=\"ltr\" style=\"display:none; margin-top:10px\"> <div class=\"col-lg-12\"> <span class=\"translationheading\">Español</span><br> <span class=\"translationtext\">“Ni vosotros adoraréis lo que yo adoro?</span> </div> </div> <div class=\"row german\" align=\"left\" dir=\"ltr\" style=\"display:none; margin-top:10px\"> <div class=\"col-lg-12\"> <span class=\"translationheading\">Deutsch</span><br> <span class=\"translationtext\">noch wollt ihr das verehren, was ich verehre.</span> </div> </div> <div class=\"row links\" style=\"margin-top:10px;\"> <div class=\"col-lg-12 center\"> <font size=\"-1\" style=\"font-family:Arial, Helvetica, sans-serif; color: #777\"> Read: <a target=\"_blank\" href=\"/quran/tafseer/?verse=109:6&region=E1&CR=E3,E2\" title=\"English Translation with Detailed Commentary with Meanings of Some Key Words\">Detailed English Commentary</a> | <a href=\"/quran/tafseer/?verse=109:6&region=TS&CR=UR,P1,H1,T1\" title=\"Urdu Tafseer-e-Saghir alongwith other Tafaseer\" target=\"_blank\">Urdu Tafaseer <font style=\"font-family: 'Jameel Noori Nastaleeq', -apple-system, BlinkMacSystemFont, 'Urdu Naskh Asiatype', 'Nafees Web Naskh';\">اردو تفاسیر</font></a> </font> </div></div> <hr size='1'> <div class=\"row\" id=\"Arabic7\" class='indopak' style=\"padding: 5px\"> <div class=\"col-lg-1\"> <a name=\"Arabic7\"></a> <font color=\"#939598\" style=\"font-size:1.1em\"> [<a href='/quran/109:7' style='text-decoration:underline'>109:7</a>]</font> </div> <div class=\"col-lg-1\"> <button onclick=\"aud_play_pause(7)\"><i class=\"fa fa-play\" style=\"color: #777\" aria-hidden=\"true\" id=\"control7\"></i></button> <audio id=\"player7\" class=\"audioplayer\" /> </div><div class=\"col-lg-10\" align=\"right\" dir=\"rtl\"></div> </div> <div class=\"row\"> <div class=\"col-lg-12\" align=\"right\" dir=\"rtl\"> <p class=\"arabicverse\">لَکُمۡ دِیۡنُکُمۡ وَلِیَ دِیۡنِ ٪﴿۷﴾ </p> </div> </div> <div class=\"row english\" align=\"left\" dir=\"ltr\" style=\"margin-top:10px\"> <div class=\"col-lg-12\"> <span class=\"translationheading\">English</span><br> <span class=\"translationtext\">‘For you your religion, and for me my religion.’</span> </div> </div> <div class=\"row english2\" align=\"left\" dir=\"ltr\" style=\"display:none; margin-top:10px\"> <div class=\"col-lg-12\"> <span class=\"translationheading\">English Short Commentary</span><br> <span class=\"translationtext\"> ‘For you your religion, and for me my religion.’<sup class='ref'>[<a class='ref' data-id='ref_109_7_3454' href='#'>3454</a>]</sup> <div class=\"footnote\"> <span class='collapsible plus' data-id='ref_109_7_3454'>3454</span></div> <div><a name='3454'></a><div class='reference' data-id='ref_109_7_3454' style='display:none'> <p><b>3454.</b> The verse signifies that as there is absolutely no meeting ground between the believers’ way of life and that of the disbelievers and as they are in complete disagreement not only with regard to the basic concepts of Religion but also with regard to its details and other aspects, therefore, there can possibly be no compromise between the two. (<a href='javascript:void(0)' data-id='ref_109_7_3454' class='ref'>close</a>)</p> </div> </div> </span> </div> </div> <div class=\"row urdu\" align=\"right\" dir=\"rtl\" style=\"margin-top:10px\"> <div class=\"col-lg-12\"> <span class=\"translationheading\">اُردو</span><br> <span class=\"urdutarjma\">تمہارے لئے تمہارا دین ہے اور میرے لئے میرا دین۔</span> </div> </div> <div class=\"row urdu2\" align=\"right\" dir=\"rtl\" style=\"display:none; margin-top:10px\"> <div class=\"col-lg-12\"> <span class=\"translationheading\">اُردو تفسیر صغیر</span><br> <span class=\"urdutarjma\">(اوپر کا اعلان نتیجہ ہے اس کا کہ) تمہارا دین تمہارے لئے (ایک طریق کار مقرر کرتا) ہے اور میرا دین میرے لئے (دوسرا طریق کار مقرر کرتا) ہے۔ </span> </div> </div> <div class=\"row french\" align=\"left\" dir=\"ltr\" style=\"display:none; margin-top:10px\"> <div class=\"col-lg-12\"> <span class=\"translationheading\">Français</span><br> <span class=\"translationtext\">A vous votre religion, et à moi ma religion. »</span> </div> </div> <div class=\"row spanish\" align=\"left\" dir=\"ltr\" style=\"display:none; margin-top:10px\"> <div class=\"col-lg-12\"> <span class=\"translationheading\">Español</span><br> <span class=\"translationtext\">“Para vosotros vuestra religión, y para mí mi religión”.</span> </div> </div> <div class=\"row german\" align=\"left\" dir=\"ltr\" style=\"display:none; margin-top:10px\"> <div class=\"col-lg-12\"> <span class=\"translationheading\">Deutsch</span><br> <span class=\"translationtext\">Euch euer Glaube, und mir mein Glaube.\"", "spanish": " Di: ¡Oh vosotros, los incrédulos!", "urdu": " (ہم ہر زمانہ کے مسلمان سے کہتے ہیں کہ) تو (اپنے زمانہ کے کفار سے) کہتا چلا جا (کہ) سنو! اے کافرو"}, {"arabic": " لَاۤ اَعۡبُدُ مَا تَعۡبُدُوۡنَ ۙ﴿۳﴾", "english": " ‘I worship not that which you worship;", "french": " Je n’adorerai pas ce que vous adorez ;", "german": " Ich verehre nicht das, was ihr verehret,", "spanish": " “No adoro lo que adoráis;", "urdu": " میں تمہارے طریق کے مطابق عبادت نہیں کرتا۔"}, {"arabic": " وَ لَاۤ اَنۡتُمۡ عٰبِدُوۡنَ مَاۤ اَعۡبُدُ ۚ﴿۴﴾", "english": " ‘Nor worship you what I worship.", "french": " Et ni vous êtes adorateurs de Ce Que j’adore.", "german": " noch verehrt ihr das, was ich verehre.", "spanish": " “Ni vosotros adoráis lo que yo adoro.", "urdu": " اور نہ تم میرے طریق کے مطابق عبادت کرتے ہو۔"}, {"arabic": " وَ لَاۤ اَنَا عَابِدٌ مَّا عَبَدۡتُّمۡ ۙ﴿۵﴾", "english": " ‘And I am not going to worship that which you worship;", "french": " Et jamais je ne deviendrai adorateur de ce que vous avez adoré.", "german": " Und ich will das nicht verehren, was ihr verehret;", "spanish": " “Y tampoco voy a adorar lo que adoráis;", "urdu": " اور نہ میں (ان کی) عبادت کرتا ہوں جن کی تم عبادت کرتے چلے آئے ہو۔"}, {"arabic": " وَ لَاۤ اَنۡتُمۡ عٰبِدُوۡنَ مَاۤ اَعۡبُدُ ؕ﴿۶﴾", "english": " ‘Nor will you worship what I worship.", "french": " Et vous ne deviendrez pas non plus adorateurs de Ce Que j’adore.", "german": " noch wollt ihr das verehren, was ich verehre.", "spanish": " “Ni vosotros adoraréis lo que yo adoro?", "urdu": " اور نہ تم (اس کی) عبادت کرتے ہو جس کی میں عبادت کر رہا ہوں۔"}, {"arabic": " لَکُمۡ دِیۡنُکُمۡ وَلِیَ دِیۡنِ ٪﴿۷﴾", "english": " ‘For you your religion, and for me my religion.’", "french": " A vous votre religion, et à moi ma religion. »", "german": "", "spanish": " “Para vosotros vuestra religión, y para mí mi religión”.", "urdu": " (اوپر کا اعلان نتیجہ ہے اس کا کہ) تمہارا دین تمہارے لئے (ایک طریق کار مقرر کرتا) ہے اور میرا دین میرے لئے (دوسرا طریق کار مقرر کرتا) ہے۔"}], "Surah": 109}