{"Ayats": [{"arabic": " بِسۡمِ اللّٰہِ الرَّحۡمٰنِ الرَّحِیۡمِ﴿۱﴾", "english": " In the name of Allah, the Gracious, the Merciful.", "french": " Au nom d’Allāh, le Gracieux, le Miséricordieux.", "german": " Im Namen Allahs, des Gnädigen, des Barmherzigen.", "spanish": " En el nombre de Al‑lah, el Clemente, el Misericordioso.", "urdu": " (میں) اللہ کا نام لے کر جو بے حد کرم کرنے والا (اور) باربار رحم کرنے والا ہے (پڑھتا ہوں) ۔"}, {"arabic": " اَلۡحَمۡدُ لِلّٰہِ فَاطِرِ السَّمٰوٰتِ وَ الۡاَرۡضِ جَاعِلِ الۡمَلٰٓئِکَۃِ رُسُلًا اُولِیۡۤ اَجۡنِحَۃٍ مَّثۡنٰی وَ ثُلٰثَ وَ رُبٰعَ ؕ یَزِیۡدُ فِی الۡخَلۡقِ مَا یَشَآءُ ؕ اِنَّ اللّٰہَ عَلٰی کُلِّ شَیۡءٍ قَدِیۡرٌ ﴿۲﴾", "english": " All praise belongs to Allah, the Maker of the heavens and the earth, Who employs the angels as messengers, having wings, two, three, and four. He adds to His creation whatever He pleases; for Allah has power over all things.", "french": " Toutes les louanges appartiennent à Allāh, le Créateur des cieux et de la terre, Qui désigne les anges comme messagers, dotés d’ailes, deux, trois ou quatre. Il ajoute à Sa création ce qu’Il veut ; car Allāh a le pouvoir de faire tout ce qu’Il veut.", "german": " Aller Preis gehört Allah, dem Schöpfer der Himmel und der Erde, Der die Engel zu Boten macht, versehen mit Flügeln, zweien, dreien und vieren. Er fügt der Schöpfung hinzu, was Ihm gefällt; Allah hat Macht über alle Dinge.", "spanish": " Toda alabanza corresponde a Al‑lah, el Hacedor de los cielos y de la tierra, Quien emplea a los ángeles como Mensajeros, que tienen alas, dos, tres y cuatro. Él añade a Su creación lo que Le agrada; pues Al‑lah tiene poder sobre todas las cosas.", "urdu": " اللہ ہی کی سب تعریف ہے جو آسمانوں اور زمین کو (ایک نئے نظام کے مطابق) پیدا کرنے والا ہے (اور) فرشتوں کو ایسی حالت میں رسول بنا کر بھیجنے والا ہے جبکہ کبھی تو ان کے دو دو پر ہوتے ہیں‘ کبھی تین تین اور کبھی چار چار۔ (اور ان فرشتوں کے پروں کی) پیدائش میں وہ (اللہ) جتنی چاہتا ہے زیادتی بخشتا ہے اللہ ہر ایک چیز پر بہت قادر ہے۔"}, {"arabic": " مَا یَفۡتَحِ اللّٰہُ لِلنَّاسِ مِنۡ رَّحۡمَۃٍ فَلَا مُمۡسِکَ لَہَا ۚ وَ مَا یُمۡسِکۡ ۙ فَلَا مُرۡسِلَ لَہٗ مِنۡۢ بَعۡدِہٖ ؕ وَ ہُوَ الۡعَزِیۡزُ الۡحَکِیۡمُ ﴿۳﴾", "english": " Whatever of mercy Allah grants to men — there is none to withhold it; and whatever He withholds, there is none who can release it after that; and He is the Mighty, the Wise.", "french": " Quelque miséricorde qu’Allāh accorde aux hommes – il n’est personne qui puisse la retenir ; et ce qu'Il retient des hommes , il n’est personne qui puisse le leur renvoyer par la suite ; et Il est le Puissant, le Sage.", "german": " Was Allah den Menschen an Barmherzigkeit gewährt, das kann keiner zurückhalten; und was Er zurückhält, das kann nach Ihm keiner entsenden; und Er ist der Allmächtige, der Allweise.", "spanish": " Sea cual fuere lo que Al‑lah concede a los hombres de Su misericordia, nadie puede impedirlo; y sea cual fuere lo que Él escatima, nadie puede prodigarlo después; pues Él es Poderoso, el Sabio.", "urdu": " جو رحمت کا سامان اللہ لوگوں کے لئے کھولے اسے کوئی بند کرنے والا نہیں‘ اور جس رحمت کے سامان کو وہ بند کرے اس کو خدا کے فعل کے بعد کوئی جاری کرنے والا نہیں۔ اور وہ بڑا غالب (اور) بڑی حکمت والا ہے۔"}, {"arabic": " یٰۤاَیُّہَا النَّاسُ اذۡکُرُوۡا نِعۡمَتَ اللّٰہِ عَلَیۡکُمۡ ؕ ہَلۡ مِنۡ خَالِقٍ غَیۡرُ اللّٰہِ یَرۡزُقُکُمۡ مِّنَ السَّمَآءِ وَ الۡاَرۡضِ ؕ لَاۤ اِلٰہَ اِلَّا ہُوَ ۫ۖ فَاَنّٰی تُؤۡفَکُوۡنَ ﴿۴﴾", "english": " O ye men, remember the favour of Allah towards you. Is there any Creator other than Allah Who provides for you from the heaven and earth? There is none worthy of worship but He. Whither then are you turned away?", "french": " Ô hommes, souvenez-vous de la faveur d’Allāh envers vous. Y a-t-il quelque créateur autre qu’Allāh qui vous approvisionne des cieux et de la terre ? Aucun n’est digne d’adoration sauf Lui. Comment donc pouvez-vous vous laisser détourner de la vérité ?", "german": " O ihr Menschen, gedenket der Gnade Allahs gegen euch. Gibt es einen Schöpfer außer Allah, der euch vom Himmel und von der Erde her versorgt? Es gibt keinen Gott außer Ihm. Wie könnt ihr euch da abwendig machen lassen?", "spanish": " Oh, humanos, recordad el favor de Al‑lah para con vosotros. ¿Hay algún Creador fuera de Al‑lah que os provea del cielo y de la tierra? Nadie hay merecedor de adoración fuera de Él. ¿Os apartáis a pesar de todo?", "urdu": " اے لوگو! اللہ کی جو نعمت تم پر نازل ہوئی ہے‘ اس کو یاد کرو۔ کیا اللہ کے سوا کوئی خالق ہے جو آسمان اور زمین سے تم کو رزق دیتا ہو؟ اس کے سوا کوئی معبود نہیں۔ پھر تم کدھر بہکا کر لے جائے جا رہے ہو۔"}, {"arabic": " وَ اِنۡ یُّکَذِّبُوۡکَ فَقَدۡ کُذِّبَتۡ رُسُلٌ مِّنۡ قَبۡلِکَ ؕ وَ اِلَی اللّٰہِ تُرۡجَعُ الۡاُمُوۡرُ ﴿۵﴾", "english": " And if they reject thee, verily, God’s Messengers have been rejected before thee; and unto Allah all things are brought back for decision .", "french": " Et s’ils te rejettent, en vérité, des Messagers ont été rejetés avant toi ; et c’est à Allāh que seront ramenées toutes les affaires pour Sa décision.", "german": " Und wenn sie dich der Lüge zeihen: schon die Gesandten (Gottes) vor dir sind der Lüge geziehen worden; und zu Allah werden (alle) Dinge zurückgebracht.", "spanish": " Mas si te rechazan, sabe que en verdad los Mensajeros de Dios han sido rechazados antes de ti; mas a Al‑lah serán devueltas todas las cosas para la decisión.", "urdu": " اگر یہ لوگ تجھے جھٹلاتے ہیں تو (کیا حرج ہے) تجھ سے پہلے جتنے رسول گذرے ہیں ان کو بھی جھٹلایا گیا تھا اور تمام معاملات (فیصلہ کے لئے) اللہ کے حضور ہی پیش کیے جائیں گے۔"}, {"arabic": " یٰۤاَیُّہَا النَّاسُ اِنَّ وَعۡدَ اللّٰہِ حَقٌّ فَلَا تَغُرَّنَّکُمُ الۡحَیٰوۃُ الدُّنۡیَا ٝ وَ لَا یَغُرَّنَّکُمۡ بِاللّٰہِ الۡغَرُوۡرُ ﴿۶﴾", "english": " O ye men, assuredly the promise of Allah is true, so let not the present life deceive you, nor let the Deceiver deceive you with respect to Allah.", "french": " Ô hommes, assurément la promesse d’Allāh est vraie. Que la vie de ce monde ne vous trompe donc pas, et que le Trompeur ne vous trompe pas au sujet d’Allāh.", "german": " O ihr Menschen, wahrlich, die Verheißung Allahs ist wahr, darum lasst das Leben hienieden euch nicht betrügen, und lasst euch nicht vom Betrüger über Allah betören.", "spanish": " Oh, humanos, ciertamente la promesa de Al‑lah es verdadera, no dejéis, pues, que la vida actual os engañe, ni que el Engañador os en­gañe respecto a Al‑lah.", "urdu": " اے لوگو! اللہ کا وعدہ یقیناً سچا ہے۔ پس تم کو ورلی زندگی دھوکہ میں نہ ڈالے اور کوئی دھوکہ دینے والا تم کو اللہ کے بارہ میں دھوکہ نہ دے۔"}, {"arabic": " اِنَّ الشَّیۡطٰنَ لَکُمۡ عَدُوٌّ فَاتَّخِذُوۡہُ عَدُوًّا ؕ اِنَّمَا یَدۡعُوۡا حِزۡبَہٗ لِیَکُوۡنُوۡا مِنۡ اَصۡحٰبِ السَّعِیۡرِ ؕ﴿۷﴾", "english": " Surely Satan is an enemy to you; so take him as an enemy. He calls his followers only that they may become inmates of the burning Fire.", "french": " Assurément, Satan est un ennemi pour vous ; traitez-le donc en ennemi. Il n’appelle ses partisans que pour qu’ils deviennent des habitants de la Fournaise de l’Enfer .", "german": " Wahrlich, Satan ist euch ein Feind; so haltet ihn für einen Feind. Er ruft seine Anhänger nur herbei, damit sie Bewohner des flammenden Feuers werden.", "spanish": " En verdad, Satanás es ene­migo vuestro; tomadlo pues como enemigo; él llama únicamente a sus seguidores para que se conviertan en moradores del Fuego Ardiente.", "urdu": " شیطان تمہارا یقیناً دشمن ہے پس اس کو دشمن ہی سمجھو۔ وہ اپنے ساتھیوں کو صرف اس لئے بلاتا ہے کہ وہ دوزخی بن جائیں۔"}, {"arabic": " اَلَّذِیۡنَ کَفَرُوۡا لَہُمۡ عَذَابٌ شَدِیۡدٌ ۬ؕ وَ الَّذِیۡنَ اٰمَنُوۡا وَ عَمِلُوا الصّٰلِحٰتِ لَہُمۡ مَّغۡفِرَۃٌ وَّ اَجۡرٌ کَبِیۡرٌ ﴿٪۸﴾", "english": " For those who disbelieve there is a severe punishment. And for those who believe and do good works there is forgiveness and a great reward.", "french": " Pour ceux qui refusent de croire, il y a un châtiment rigoureux. Et pour ceux qui croient, et font de bonnes œuvres, il y a le pardon et une grande récompense.", "german": " Denen, die ungläubig sind, wird strenge Strafe. Die aber glauben und gute Werke tun, ihnen wird Verzeihung und großer Lohn.", "spanish": " Para los incrédulos existe un severo castigo. Mas para los que creen y practican las buenas obras está el perdón y una gran recom­pensa.", "urdu": " وہ لوگ جنہوں نے کفر کیا ہے ان کے لئے سخت عذاب مقدر ہے اور وہ لوگ جو ایمان لائے اور ایمان کے مطابق انہوں نے کام بھی کیے‘ ان کے حصے میں بخشش اور بہت بڑا انعام ہے۔"}, {"arabic": " اَفَمَنۡ زُیِّنَ لَہٗ سُوۡٓءُ عَمَلِہٖ فَرَاٰہُ حَسَنًا ؕ فَاِنَّ اللّٰہَ یُضِلُّ مَنۡ یَّشَآءُ وَ یَہۡدِیۡ مَنۡ یَّشَآءُ ۫ۖ فَلَا تَذۡہَبۡ نَفۡسُکَ عَلَیۡہِمۡ حَسَرٰتٍ ؕ اِنَّ اللّٰہَ عَلِیۡمٌۢ بِمَا یَصۡنَعُوۡنَ ﴿۹﴾", "english": " Is he , then, to whom the evil of his deed is made to appear pleasing, so that he looks upon it as good, like him who believes and does good deeds ? Surely, Allah adjudges astray whom He will and guides whom He will. So let not thy soul waste away in sighing for them. Surely Allah knows what they do.", "french": " Celui-là donc à qui l’iniquité de son action est apparue attrayante de sorte qu’il la considère comme le bien, est-il pareil à celui qui croit et fait de bonnes œuvres ? Assurément, Allāh juge comme égaré qui Il veut, et Il guide qui Il veut. Que ton âme ne s’épuise pas en regrets pour eux. Allāh assurément sait très bien ce qu’ils font.", "german": " Ist etwa der, dem das Böse seines Tuns schön gemacht wird, so dass er es für gut ansieht (rechtgeleitet)? Gewiss, Allah erklärt zum Irrenden, wen Er will, und leitet, wen Er will. Lass drum deine Seele nicht hinschwinden in Seufzern für diese. Allah weiß, was sie tun.", "spanish": " ¿Acaso es aquel cuyas obras se le hacen aparecer atractivas, de orma que las considera buenas, como el que cree y verdaderamente practica el bien? En verdad, Al‑lah juzga como extraviado a quien quiere y guía a quien Le place. No dejes pues que tu alma se mortifique llorando por ellos. En verdad Al‑lah sabe lo que hacen.", "urdu": " کیا جس شخص کے لئے اس کی بداعمالی خوبصورت کرکے دکھائی گئی ہو اور وہ اس کو اچھا سمجھتا ہو (وہ ہدایت پا سکتا ہے؟) پھر یاد رکھو کہ اللہ جس کو چاہتا ہے (یعنی اس کے قابل پاتا ہے) اسے ہلاک کر دیتا ہے اور جس کو چاہتا ہے (یعنی قابل پاتا ہے) اس کو کامیابی کا راستہ دکھا دیتا ہے۔ پس تیری جان ان کی وجہ سے حسرت و غم کے باعث ہلاک نہ ہو جائے اللہ ان کے اعمال کو خوب جانتا ہے (پس خدا کی سزا عمل کے عین مطابق ہوتی ہے بلاوجہ نہیں ہوتی) ۔"}, {"arabic": " وَ اللّٰہُ الَّذِیۡۤ اَرۡسَلَ الرِّیٰحَ فَتُثِیۡرُ سَحَابًا فَسُقۡنٰہُ اِلٰی بَلَدٍ مَّیِّتٍ فَاَحۡیَیۡنَا بِہِ الۡاَرۡضَ بَعۡدَ مَوۡتِہَا ؕ کَذٰلِکَ النُّشُوۡرُ ﴿۱۰﴾", "english": " And Allah it is Who sends the winds which raise the clouds; then do We drive them to a lifeless tract of land, and quicken thereby the earth after its death. Likewise shall the Resurrection be .", "french": " Et c’est Allāh Qui envoie les vents qui soulèvent les nuages ; puis Nous les poussons jusqu’à une terre morte, et en ranimons la terre après sa mort. C’est ainsi que sera la Résurrection.", "german": " Und Allah ist es, Der die Winde sendet, die das Gewölk hochtreiben. Dann treiben Wir es über ein totes Gelände und beleben damit die Erde nach ihrem Tode. Ebenso wird die Auferstehung sein.", "spanish": " Pues Al‑lah es Quien envía los vientos que levantan las nubes; des­pués las conducimos sobre un trozo yermo de tierra y resucitamos on ella la tierra después de su muerte. De la misma manera será la Re­surrección.", "urdu": " اور اللہ وہ ہے جو ہوائیں بھیجتا ہے جو بادل کو اٹھاتی ہیں۔ پھر ہم اس کو ایک مردہ ملک کی طرف ہانک کر لے جاتے ہیں اور اس کے ذریعہ سے زمین کو اس کی ویرانی کے بعد آباد کر دیتے ہیں اسی طرح موت کے بعد اٹھنے کا قانون مقرر ہے۔"}, {"arabic": " مَنۡ کَانَ یُرِیۡدُ الۡعِزَّۃَ فَلِلّٰہِ الۡعِزَّۃُ جَمِیۡعًا ؕ اِلَیۡہِ یَصۡعَدُ الۡکَلِمُ الطَّیِّبُ وَ الۡعَمَلُ الصَّالِحُ یَرۡفَعُہٗ ؕ وَ الَّذِیۡنَ یَمۡکُرُوۡنَ السَّیِّاٰتِ لَہُمۡ عَذَابٌ شَدِیۡدٌ ؕ وَ مَکۡرُ اُولٰٓئِکَ ہُوَ یَبُوۡرُ ﴿۱۱﴾", "english": " Whoso desires honour, then let him know that all honour belongs to Allah. Unto Him ascend good words, and righteous work does He exalt. And those who plot evils — for them is a severe punishment; and the plotting of such will perish.", "french": " Quiconque désire l’honneur, qu’il sache que tous les honneurs appartiennent à Allāh. Vers Lui monte toute parole pieuse, et elle est exaltée par la bonne action. Et ceux qui complotent des iniquités, il y a pour eux un châtiment rigoureux ; et leur complot n'aura aucun effet.", "german": " Wer da Ruhm begehrt (der sollte wissen), dass aller Ruhm bei Allah ist. Zu Ihm steigen gute Worte empor, und rechtschaffenes Werk wird sie emporsteigen lassen. Und diejenigen, die Böses planen – für sie ist eine strenge Strafe; und ihr Planen wird hinfällig sein.", "spanish": " Quien desee honor, hazle saber, pues, que todo honor pertenece a Al‑lah. A Él ascienden las palabras piadosas y las buenas acciones les ayudan a elevarse. Mas quienes traman el mal: para ellos hay un severo castigo; y su maquinación perecerá.", "urdu": " جو کوئی عزت چاہتا ہے اسے یاد رہے کہ عزت سب اللہ کے ہاتھ میں ہے‘ پاک باتیں اسی کی طرف چڑھ کر جاتی ہیں اور ایمان کے مطابق عمل ان کو اٹھاتا ہے اور جو لوگ (تمہارے خلاف) بری تدبیریں کرتے ہیں ان کے لئے سخت عذاب (مقدر) ہے اور ان لوگوں کی تدبیر ہی تباہ ہونے والے شے ہے (نہ کہ تم) ۔"}, {"arabic": " وَ اللّٰہُ خَلَقَکُمۡ مِّنۡ تُرَابٍ ثُمَّ مِنۡ نُّطۡفَۃٍ ثُمَّ جَعَلَکُمۡ اَزۡوَاجًا ؕ وَ مَا تَحۡمِلُ مِنۡ اُنۡثٰی وَ لَا تَضَعُ اِلَّا بِعِلۡمِہٖ ؕ وَ مَا یُعَمَّرُ مِنۡ مُّعَمَّرٍ وَّ لَا یُنۡقَصُ مِنۡ عُمُرِہٖۤ اِلَّا فِیۡ کِتٰبٍ ؕ اِنَّ ذٰلِکَ عَلَی اللّٰہِ یَسِیۡرٌ ﴿۱۲﴾", "english": " And Allah created you from dust, then from a sperm-drop, then He made you pairs. And no female conceives, nor does she bring forth a child without His knowledge. And no one whose life is prolonged has his life prolonged, nor is anything diminished of his life, but it is recorded in a Book. That surely is easy for Allah.", "french": " Et Allāh vous a créés de poussière, ensuite d’une goutte de sperme, ensuite Il a fait de vous des couples. Et aucune femelle ne conçoit, ni ne met au monde un enfant sans qu’Il ne le sache. Et personne, dont la vie est prolongée, n’a la vie prolongée, et rien n’est diminué de sa vie non plus, sans que ce ne soit inscrit dans un Livre. En vérité, cela est facile pour Allāh.", "german": " Allah hat euch aus Erde erschaffen, dann aus einem Samentropfen, dann machte Er euch zu Paaren. Und kein Weib wird schwanger oder gebiert ohne Sein Wissen. Und keiner, dem das Leben verlängert wird, (sieht) sein Leben verlängert, noch wird sein Leben irgend verringert, ohne dass es in einem Buch stünde. Das ist ein leichtes für Allah.", "spanish": " Al-lah os creó del polvo, después de una gota de esperma y a ontinuación os dispuso en parejas. Ninguna mujer concibe ni da a luz un niño sin Su conocimiento. Y nadie cuya vida sea prolongada tiene pro­longada su vida, ni nada se le retira de su vida sin que esté registrado en un Libro. Esto, en verdad, es fácil para Al‑lah.", "urdu": " اور اللہ نے تم کو مٹی سے پیدا کیا ہے اس کے بعد نطفہ سے۔ پھر جوڑوں کی شکل میں بنایا ہے۔ اور کسی عورت کو حمل نہیں ہوتا اور نہ وہ بچہ جنتی ہے مگر وہ خدا کے علم کے مطابق ہوتا ہے اور نہ کوئی بڑی عمر والا بڑی عمر پاتا ہے اور نہ کسی کی عمر میں کوئی کمی کی جاتی ہے مگر وہ ایک قانون کے مطابق ہے۔ یہ بات اللہ کے لئے بالکل آسان ہے۔"}, {"arabic": " وَ مَا یَسۡتَوِی الۡبَحۡرٰنِ ٭ۖ ہٰذَا عَذۡبٌ فُرَاتٌ سَآئِغٌ شَرَابُہٗ وَ ہٰذَا مِلۡحٌ اُجَاجٌ ؕ وَ مِنۡ کُلٍّ تَاۡکُلُوۡنَ لَحۡمًا طَرِیًّا وَّ تَسۡتَخۡرِجُوۡنَ حِلۡیَۃً تَلۡبَسُوۡنَہَا ۚ وَ تَرَی الۡفُلۡکَ فِیۡہِ مَوَاخِرَ لِتَبۡتَغُوۡا مِنۡ فَضۡلِہٖ وَ لَعَلَّکُمۡ تَشۡکُرُوۡنَ ﴿۱۳﴾", "english": " And the two seas are not alike: this one palatable, sweet and pleasant to drink, and the other, salt and bitter. And from each you eat fresh meat, and take forth ornaments which you wear. And thou seest the ships therein ploughing the waves that you may seek of His bounty, and that you may be grateful.", "french": " Et les deux mers ne sont pas semblables : celle-ci, potable, douce et agréable à boire, et celle-là salée et amère. Et pourtant de chacune d’elles vous mangez de la chair fraîche, et tirez des ornements que vous portez. Et tu y vois les navires qui fendent les flots afin que vous soyez en quête de quelque munificence de Sa part, et que vous soyez reconnaissants.", "german": " Und die beiden Gewässer sind nicht gleich: dieses wohlschmeckend, süß und angenehm zu trinken, und das andere salzig, bitter. Und aus beiden esset ihr frisches Fleisch und holt Schmuck hervor, den ihr tragt. Und du siehst die Schiffe darauf (die Wellen) durchpflügen, dass ihr nach Seiner Huld trachten mögt und dass ihr vielleicht doch dankbar seiet.", "spanish": " Los dos mares no son simi­lares: hay uno potable, dulce y agra­dable para beber, y otro salado y amargo. Pero de cada uno de ellos coméis carne fresca y extraéis orna­mentos que os ponéis. Y en ellos ves los barcos surcando las olas para que busques de Su Magnanimidad y seas agradecido.", "urdu": " اور ایسے دو سمندر (یا دریا) ہرگز برابر نہیں ہو سکتے کہ (ان میں سے) ایک تو میٹھا اور پسندیدہ ہو اور اس کا پانی آسانی سے گلے سے اتر جاتا ہو اور ایک (دوسرا) نمکین گلا جلا دینے والا ہو اور تم (اس کے باوجود) ان دونوں سمندروں (یا دریاٶں) سے تازہ بتازہ گوشت کھاتے ہو اور ان میں سے زیور کے طور پر استعمال ہونے والی چیزیں نکالتے ہو۔ (یعنی موتی وغیرہ) جن کو تم پہنتے ہو اور تم کشتیوں کو دیکھتے ہو کہ ان میں لہروں کو چیرتی ہوئی چلی جاتی ہیں تا کہ تم اس (خدا) کے فضل کی تلاش کرو اور تاکہ تم شکر گذار بنو۔"}, {"arabic": " یُوۡلِجُ الَّیۡلَ فِی النَّہَارِ وَ یُوۡلِجُ النَّہَارَ فِی الَّیۡلِ ۙ وَ سَخَّرَ الشَّمۡسَ وَ الۡقَمَرَ ۫ۖ کُلٌّ یَّجۡرِیۡ لِاَجَلٍ مُّسَمًّی ؕ ذٰلِکُمُ اللّٰہُ رَبُّکُمۡ لَہُ الۡمُلۡکُ ؕ وَ الَّذِیۡنَ تَدۡعُوۡنَ مِنۡ دُوۡنِہٖ مَا یَمۡلِکُوۡنَ مِنۡ قِطۡمِیۡرٍ ﴿ؕ۱۴﴾", "english": " He merges the night into the day, and He merges the day into the night. And He has pressed into service the sun and the moon; each one runs its course to an appointed term. Such is Allah, your Lord; His is the kingdom, and those whom you call upon beside Allah own not even a whit.", "french": " Il fait pénétrer la nuit dans le jour, et Il fait pénétrer le jour dans la nuit. Et Il a mis en service le soleil et la lune, chacun des deux suit sa course pour un terme fixe. Tel est Allāh, votre Seigneur ; à Lui appartient le royaume, et ceux que vous invoquez en dehors de Lui ne possèdent même pas un brin.", "german": " Er lässt die Nacht übergehen in den Tag und den Tag übergehen in die Nacht. Und Er hat die Sonne und den Mond dienstbar gemacht; ein jedes läuft seine Bahn auf eine bestimmte Zeit. Dies ist Allah, euer Herr; Sein ist das Reich, und jene, die ihr statt Ihn anruft, haben nicht Macht über das Häutchen eines Dattelkernes.", "spanish": " Él funde la noche en el día, y funde el día en la noche. Ha puesto en servicio el sol y la luna; cada uno recorre su trayectoria hasta el plazo fijado. Así es Al‑lah, vuestro Señor; Suyo es el Reino, y aquellos a los que invocáis fuera de Al‑lah no poseen ni siquiera una brizna.", "urdu": " وہ رات کو دن میں داخل کرتا ہے اور دن کو رات میں داخل کرتا ہے اور سورج اور چاند کو اس نے (تمام مخلوق کی) خدمت میں لگایا ہوا ہے ان میں سے ہر ایک مقررہ مدت کے لئے چلتا چلا جا رہا ہے۔ یہ ہے تمہارا رب۔ بادشاہت اسی کی ہے اور جن کو تم اس کے سوا پکارتے ہو وہ کھجور کی گٹھلی کے درمیانی چھلکے کے برابر بھی کسی چیز کے مالک نہیں۔"}, {"arabic": " اِنۡ تَدۡعُوۡہُمۡ لَا یَسۡمَعُوۡا دُعَآءَکُمۡ ۚ وَ لَوۡ سَمِعُوۡا مَا اسۡتَجَابُوۡا لَکُمۡ ؕ وَ یَوۡمَ الۡقِیٰمَۃِ یَکۡفُرُوۡنَ بِشِرۡکِکُمۡ ؕ وَ لَا یُنَبِّئُکَ مِثۡلُ خَبِیۡرٍ ﴿٪۱۵﴾", "english": " If you call on them, they will not hear your call; and even if they heard it, they could not answer you. And on the Day of Resurrection they will deny your having associated them with God . And none can inform thee like the One Who is All-Aware.", "french": " Si vous les invoquez, ils n’entendront pas votre appel ; et même s’ils l’ entendaient, ils ne pourraient vous répondre. Et au Jour de la Résurrection, ils rejetteront le fait que vous les ayez associés à Allāh . Et personne ne peut te renseigner comme Un Qui est Bien-au-courant.", "german": " Wenn ihr sie anruft, sie werden euren Ruf nicht hören; und hörten sie ihn sogar, sie könnten euch nicht antworten. Und am Tage der Auferstehung werden sie leugnen, dass ihr (sie) zu Göttern nahmt. Niemand kann dich unterweisen wie der Allwissende.", "spanish": " Si los invocáis, no oirán vues­tra invocación, y aunque la oyeran, no podrían responderos. Y en el Día de la Resurrección negarán que los habéis asociado a Dios . Mas nadie puede informarte como Aquel que lo conoce todo.", "urdu": " اگر تم ان کو بلاٶ تو وہ کبھی بھی تمہاری دعا نہیں سنیں گے اور اگر سن بھی لیں تو تمہارے فائدے کے لئے اسے قبول نہیں کر سکیں گے اور پھر قیامت کے دن تمہارے شرک کا انکار کر دیں گے اور تجھ کو واقف کار سے زیادہ اچھی خبر کوئی نہیں دے سکتا۔"}, {"arabic": " یٰۤاَیُّہَا النَّاسُ اَنۡتُمُ الۡفُقَرَآءُ اِلَی اللّٰہِ ۚ وَ اللّٰہُ ہُوَ الۡغَنِیُّ الۡحَمِیۡدُ ﴿۱۶﴾", "english": " O ye men, it is you that stand in need of Allah, but Allah is He Who is Self-Sufficent, the Praiseworthy.", "french": " Ô hommes, vous êtes des mendiants devant Allāh, mais Allāh est Celui Qui n’a besoin de rien, le Digne de louange.", "german": " O ihr Menschen, ihr seid Allahs bedürftig, Allah aber ist der Sich Selbst Genügende, der Preiswürdige.", "spanish": " Oh, humanos, sois meros mendigos ante Al-lah, mientras que Al-lah es Quien no necesita ayuda de nadie, el Merecedor de alabanza.", "urdu": " اے لوگو! تم اللہ کے محتاج ہو اور اللہ کسی کا محتاج نہیں‘ بلکہ سب تعریفوں کا مالک ہے (یعنی دوسروں کی حاجتیں پوری کرتا ہے) ۔"}, {"arabic": " اِنۡ یَّشَاۡ یُذۡہِبۡکُمۡ وَ یَاۡتِ بِخَلۡقٍ جَدِیۡدٍ ﴿ۚ۱۷﴾", "english": " If He please, He could destroy you, and bring a new creation instead .", "french": " S’Il le voulait, Il pourrait vous faire disparaître, et amener une nouvelle création à votre place.", "german": " Wenn Er will, kann Er euch hinwegnehmen und eine neue Schöpfung hervorbringen.", "spanish": " Si así Le place, puede haceros desaparecer y traer una nueva crea­ción en vuestro lugar.", "urdu": " اگر وہ چاہے تو تم سب کو تباہ کر دے اور ایک نئی مخلوق پیدا کر دے۔"}, {"arabic": " وَ مَا ذٰلِکَ عَلَی اللّٰہِ بِعَزِیۡزٍ ﴿۱۸﴾", "english": " And that is not difficult for Allah.", "french": " Et cela n’est nullement difficile pour Allāh.", "german": " Und das ist für Allah gar nicht schwer.", "spanish": " Pues eso no es difícil para Al-lah.", "urdu": " اور اللہ پر یہ بات ہرگز دشوار نہیں۔"}, {"arabic": " وَ لَا تَزِرُ وَازِرَۃٌ وِّزۡرَ اُخۡرٰی ؕ وَ اِنۡ تَدۡعُ مُثۡقَلَۃٌ اِلٰی حِمۡلِہَا لَا یُحۡمَلۡ مِنۡہُ شَیۡءٌ وَّ لَوۡ کَانَ ذَا قُرۡبٰی ؕ اِنَّمَا تُنۡذِرُ الَّذِیۡنَ یَخۡشَوۡنَ رَبَّہُمۡ بِالۡغَیۡبِ وَ اَقَامُوا الصَّلٰوۃَ ؕ وَ مَنۡ تَزَکّٰی فَاِنَّمَا یَتَزَکّٰی لِنَفۡسِہٖ ؕ وَ اِلَی اللّٰہِ الۡمَصِیۡرُ ﴿۱۹﴾", "english": " And no burdened soul can bear the burden of another; and if a heavily laden soul call another to bear its load, naught of it shall be carried by the other , even though he be a kinsman. Thou canst warn only those who fear their Lord in secret and observe Prayer. And whoso purifies himself, purifies himself only to his own advantage; and to Allah shall be the return.", "french": " Et aucune âme porteuse de fardeau ne peut porter le fardeau d’une autre ; et si une âme lourdement chargée appelle une autre pour porter sa charge, aucune partie n’en sera portée par l’autre , même si c’est un parent proche. Tu ne peux avertir que ceux qui craignent en secret leur Seigneur, et observent la Prière. Et quiconque se purifie, ne se purifie qu'à son propre avantage ; et c’est auprès d’Allāh que sera la destination finale .", "german": " Und keine Lasttragende kann die Last einer anderen tragen; und wenn eine Schwerbeladene um (Erleichterung) ihrer Last ruft, nichts davon soll getragen werden, und wäre es auch ein Verwandter. Du kannst die allein warnen, die ihren Herrn im Geheimen fürchten und das Gebet verrichten. Und wer sich reinigt, der reinigt sich nur zu seinem eigenen Vorteil; und zu Allah soll die Heimkehr sein.", "spanish": " Ningún alma cargada puede llevar el fardo de otra; y si un alma pesadamente cargada pide a otra que lleve su carga, la otra no podrá llevar nada de ella, aunque fuese pariente suyo. Sólo puedes amones­tar a quienes temen a su Señor en secreto y cumplen la Oración. Pues quien alcanza la pureza, alcanza la pureza para su propio bien; y a Al‑lah será el retorno.", "urdu": " اور کوئی بوجھ اٹھانے والی جان دوسرے کا بوجھ نہیں اٹھا سکتی اور اگر کوئی بوجھ سے دبا ہوا اپنے بوجھ کے اٹھانے کے لئے کسی کو پکارے تو اس کا ذرا سا بھی بوجھ نہیں اٹھایا جائے گا خواہ وہ کتنا ہی قریبی کیوں نہ ہو تو تو صرف ان لوگوں کو ہوشیار کرتا ہے جو اپنے رب سے علیحدگی میں بھی ڈرتے ہیں اور نمازیں (باشرائط) ادا کرتے ہیں اور جو شخص پاک ہوتا ہے وہ صرف اپنی جان کے فائدہ کے لئے پاک ہوتا ہے اور آخرکارسب کو اللہ ہی کی طرف لوٹ کر جانا ہے۔"}, {"arabic": " وَ مَا یَسۡتَوِی الۡاَعۡمٰی وَ الۡبَصِیۡرُ ﴿ۙ۲۰﴾", "english": " And the blind and the seeing are not alike,", "french": " Et l’aveugle et celui qui voit ne sont pas semblables,", "german": " Der Blinde ist dem Sehenden nicht gleich,", "spanish": " Los ciegos y los que ven no son iguales,", "urdu": " اور اندھا اور آنکھوں والا برابر نہیں ہو سکتے۔"}, {"arabic": " وَ لَا الظُّلُمٰتُ وَ لَا النُّوۡرُ ﴿ۙ۲۱﴾", "english": " Nor the darkness and light,", "french": " Et ni les ténèbres et la lumière,", "german": " noch ist es die Finsternis dem Lichte,", "spanish": " Como no lo son las tinieblas y la luz,", "urdu": " اور نہ اندھیرے اور نور (برابر ہو سکتے ہیں) ۔"}, {"arabic": " وَ لَا الظِّلُّ وَ لَا الۡحَرُوۡرُ ﴿ۚ۲۲﴾", "english": " Nor the shade and heat.", "french": " Ni l’ombre et l’ardeur du soleil.", "german": " noch ist es der Schatten der Sonnenglut,", "spanish": " Ni la sombra y el calor,", "urdu": " اور نہ سایہ اور دھوپ (برابر ہو سکتے ہیں) ۔"}, {"arabic": " وَ مَا یَسۡتَوِی الۡاَحۡیَآءُ وَ لَا الۡاَمۡوَاتُ ؕ اِنَّ اللّٰہَ یُسۡمِعُ مَنۡ یَّشَآءُ ۚ وَ مَاۤ اَنۡتَ بِمُسۡمِعٍ مَّنۡ فِی الۡقُبُوۡرِ ﴿۲۳﴾", "english": " Nor alike are the living and the dead. Surely, Allah causes him to hear whom He pleases; and thou canst not make those to hear who are in the graves.", "french": " Et les vivants ne sont pas semblables aux morts. Assurément, Allāh fait entendre qui Il veut, et tu ne peux pas faire entendre ceux qui sont dans les tombes.", "german": " noch sind die Lebenden den Toten gleich. Wahrlich, Allah macht hörend, wen Er will; und du kannst die nicht hörend machen, die in den Gräbern sind.", "spanish": " No son iguales los vivos y los muertos. En verdad, Al‑lah hace que oiga quien Él quiere; y no puedes hacer que oigan los que están en las tumbas.", "urdu": " اور نہ زندے اور مردے (برابر ہو سکتے ہیں) اللہ یقیناً جس کو چاہتا ہے سنا سکتا ہے مگر تو ان کو نہیں سنا سکتا‘ جو قبروں میں دبے ہوئے ہیں۔"}, {"arabic": " اِنۡ اَنۡتَ اِلَّا نَذِیۡرٌ ﴿۲۴﴾", "english": " Thou art only a Warner.", "french": " Tu n’es qu’un Avertisseur.", "german": " Du bist ein Warner bloß.", "spanish": " No eres más que un Amo­nestador.", "urdu": " تو تو صرف ایک ہوشیار کرنے والا ہے۔"}, {"arabic": " اِنَّاۤ اَرۡسَلۡنٰکَ بِالۡحَقِّ بَشِیۡرًا وَّ نَذِیۡرًا ؕ وَ اِنۡ مِّنۡ اُمَّۃٍ اِلَّا خَلَا فِیۡہَا نَذِیۡرٌ ﴿۲۵﴾", "english": " Verily, We have sent thee with the truth, as a bearer of glad tidings and as a Warner; and there is no people to whom a Warner has not been sent.", "french": " En vérité, Nous t’avons envoyé, avec la Vérité, en tant que Porteur de la bonne nouvelle et Avertisseur, et il n’est de peuple à qui un Avertisseur n’ait été envoyé.", "german": " Wahrlich, Wir haben dich mit der Wahrheit entsandt, als Bringer froher Botschaft und als Warner; und es gibt kein Volk, bei dem nicht früher schon ein Warner erschienen wäre.", "spanish": " En verdad, Te hemos enviado con la verdad, como portador de la buena nueva y como Amonestador; y no existe ningún pueblo al que no se haya enviado un Amonestador.", "urdu": " ہم نے تجھے ایک قائم رہنے والی صداقت کے ساتھ ایک خوش خبری دینے والا اور ہوشیار کرنے والا بنا کر بھیجا ہے اور کوئی قوم ایسی نہیں جس میں (خدا کی طرف سے) کوئی ہوشیار کرنے والا نہ آیا ہو۔"}, {"arabic": " وَ اِنۡ یُّکَذِّبُوۡکَ فَقَدۡ کَذَّبَ الَّذِیۡنَ مِنۡ قَبۡلِہِمۡ ۚ جَآءَتۡہُمۡ رُسُلُہُمۡ بِالۡبَیِّنٰتِ وَ بِالزُّبُرِ وَ بِالۡکِتٰبِ الۡمُنِیۡرِ ﴿۲۶﴾", "english": " And if they treat thee as a liar, those who were before them also treated their Prophets as liars. Their Messengers came to them with clear Signs, and with the Scriptures, and with the illuminating Book.", "french": " Et s’ils te traitent de menteur, ceux qui les ont devancés ont aussi traité leurs Messagers de menteurs. Leurs Messagers vinrent à eux avec des Signes clairs, et avec les Ecritures, et avec le Livre illuminant.", "german": " Und wenn sie dich der Lüge zeihen, so haben auch jene schon, die vor ihnen waren, (die Propheten) der Lüge geziehen. Ihre Gesandten kamen zu ihnen mit klaren Beweisen, und mit Lehren und mit dem erleuchtenden Buch.", "spanish": " Mas si te tratan como mentiroso, aquellos que les precedieron, también trataron de mentirosos a sus profetas. Sus Mensajeros lle­garon a ellos con Signos claros, y con las Escrituras y el Libro radiante.", "urdu": " اور اگر یہ لوگ تجھے جھٹلاتے ہیں تو ان لوگوں نے بھی جو ان سے پہلے گذرے تھے (اپنے وقت کے رسولوں کو) جھٹلایا تھا۔ ان کے پاس بھی ان کے زمانہ کے رسول دلائل کے ساتھ اور بعض تعلیمات کے ساتھ آئے تھے اور (ان میں سے بعض) روشن کرنے والی کتاب کے ساتھ (بھی آئے تھے) ۔"}, {"arabic": " ثُمَّ اَخَذۡتُ الَّذِیۡنَ کَفَرُوۡا فَکَیۡفَ کَانَ نَکِیۡرِ ﴿٪۲۷﴾", "english": " Then I seized those who disbelieved and how terrible was the change I brought about !", "french": " Puis J’ai saisi ceux qui ne croyaient pas, et qu’elle fut terrible Ma réprobation !", "german": " Dann erfasste Ich jene, die ungläubig waren, und wie war (die Folge) Meiner Verleugnung!", "spanish": " Entonces caí sobre los incré­dulos, y ¡qué terrible fue el cambio que produje!", "urdu": " پھر میں نے کافروں کو ان کے جھٹلانے کے سبب (عذاب سے) پکڑ لیا۔ سو (اب دیکھ لیں کہ ان حالات میں) میرے انکار کا نتیجہ (یعنی عذاب) کیسا ہوتا ہے۔"}, {"arabic": " اَلَمۡ تَرَ اَنَّ اللّٰہَ اَنۡزَلَ مِنَ السَّمَآءِ مَآءً ۚ فَاَخۡرَجۡنَا بِہٖ ثَمَرٰتٍ مُّخۡتَلِفًا اَلۡوَانُہَا ؕ وَ مِنَ الۡجِبَالِ جُدَدٌۢ بِیۡضٌ وَّ حُمۡرٌ مُّخۡتَلِفٌ اَلۡوَانُہَا وَ غَرَابِیۡبُ سُوۡدٌ ﴿۲۸﴾", "english": " Dost thou not see that Allah sends down water from the sky and We bring forth therewith fruits of different colours; and among the mountains are streaks white and red, of diverse hues and others raven black;", "french": " Ne vois-tu pas qu’Allāh fait descendre l’eau du ciel et que Nous produisons avec, des fruits de diverses couleurs ; et dans les montagnes se trouvent des stries blanches et rouges, de diverses nuances, et d’autres noires comme des corbeaux ;", "german": " Hast du nicht gesehen, dass Allah Wasser von den Wolken heruntersendet; dann bringen Wir damit Früchte von mannigfachen Farben hervor; und in den Bergen sind weiße und rote Adern, buntfarbige und rabenschwarze;", "spanish": " ¿No ves que Al‑lah envía el agua desde el cielo, y que hacemos brotar con ella frutas de diferentes colores; y entre las mon­tañas hay franjas blancas y rojas, de diversos matices y otras de color negro oscuro?", "urdu": " کیا تو نے دیکھا نہیں کہ اللہ نے بادل سے پانی اتارا ہے پھر ہم نے اس سے مختلف رنگ کے پھل پیدا کیے ہیں اور پہاڑوں میں سے مختلف رنگوں کے پہاڑ ہوتے ہیں (جو ایک دوسرے سے ممتاز ہوتے ہیں) بعض سفید بعض سرخ مختلف رنگوں کے اور کالے سیاہ بھی۔"}, {"arabic": " وَ مِنَ النَّاسِ وَ الدَّوَآبِّ وَ الۡاَنۡعَامِ مُخۡتَلِفٌ اَلۡوَانُہٗ کَذٰلِکَ ؕ اِنَّمَا یَخۡشَی اللّٰہَ مِنۡ عِبَادِہِ الۡعُلَمٰٓؤُا ؕ اِنَّ اللّٰہَ عَزِیۡزٌ غَفُوۡرٌ ﴿۲۹﴾", "english": " And of men and beasts and cattle, in like manner, there are various colours? Only those of His servants who possess knowledge fear Allah. Verily, Allah is Mighty, Most Forgiving.", "french": " Et de même il existe des hommes et des bêtes et du bétail de diverses couleurs. Parmi Ses serviteurs, seuls ceux qui possèdent de la connaissance craignent Allāh. En vérité, Allāh est Puissant, Très-Pardonnant.", "german": " und auch bei Mensch und Tier und Vieh verschiedene Farben? So ist´s. Nur die Wissenden unter Seinen Dienern fürchten Allah. Wahrlich, Allah ist allmächtig, allverzeihend.", "spanish": " ¿Y que entre los hombres, animales y ganado, de la misma manera, hay diversos colores? Sólo aquellos de Sus siervos que poseen conoci­miento temen a Al‑lah. En verdad, Al‑lah es Poderoso, Sumo Indulgente.", "urdu": " اور لوگوں اور چارپایوں اور جانوروں میں سے بھی بعض ایسے ہوتے ہیں کہ ان میں سے ہر ایک کا رنگ دوسرے سے جدا ہوتا ہے۔ حقیقت اسی طرح ہے (اور) اللہ کے بندوں میں سے صرف علماء اس سے ڈرتے ہیں۔ اللہ بڑا غالب (اور) بہت بخشنے والا ہے۔"}, {"arabic": " اِنَّ الَّذِیۡنَ یَتۡلُوۡنَ کِتٰبَ اللّٰہِ وَ اَقَامُوا الصَّلٰوۃَ وَ اَنۡفَقُوۡا مِمَّا رَزَقۡنٰہُمۡ سِرًّا وَّ عَلَانِیَۃً یَّرۡجُوۡنَ تِجَارَۃً لَّنۡ تَبُوۡرَ ﴿ۙ۳۰﴾", "english": " Surely, only those who follow the Book of Allah and observe Prayer and spend out of what We have provided for them, secretly and openly, hope for a bargain which will never fail;", "french": " Assurément, seuls ceux qui suivent le Livre d’Allāh, et observent la Prière, et dépensent secrètement et ouvertement de ces dons et richesses que Nous leur avons accordés, espèrent un marché qui ne faillira jamais ;", "german": " Diejenigen, die Allahs Buch vortragen und das Gebet verrichten und von dem, was Wir ihnen gegeben haben, insgeheim und öffentlich spenden, hoffen auf einen Handel, der nie fehlschlagen wird;", "spanish": " En verdad, sólo los que siguen el Libro de Al‑lah, cumplen la Ora­ción y emplean de lo que les hemos proporcionado -en secreto y a la vista de todos-, mantienen la esperanza de una recompensa que nunca fa­llará;", "urdu": " وہ لوگ جو اللہ کی کتاب کو پڑھتے ہیں اور نماز (باجماعت) ادا کرتے ہیں اور جو کچھ ہم نے ان کو دیا ہے اس میں سے خفیہ بھی اور ظاہر بھی خرچ کرتے ہیں وہی درحقیقت ایسی تجارت کی جستجو میں لگے ہوئے ہیں جو کبھی تباہ نہیں ہوگی۔"}, {"arabic": " لِیُوَفِّیَہُمۡ اُجُوۡرَہُمۡ وَ یَزِیۡدَہُمۡ مِّنۡ فَضۡلِہٖ ؕ اِنَّہٗ غَفُوۡرٌ شَکُوۡرٌ ﴿۳۱﴾", "english": " In order that He may give them their full rewards, and even increase them out of His bounty. He is surely Most Forgiving, Most Appreciating.", "french": " Afin qu’Il puisse leur accorder leurs pleines récompenses, et leur ajouter de Sa munificence. Il est assurément Très-Pardonnant, Très-Appréciateur.", "german": " darum wird Er ihnen ihren vollen Lohn geben und ihnen Mehrung hinzugeben aus Seiner Huld; Er ist fürwahr allverzeihend, erkenntlich.", "spanish": " Para que Él les conceda Su plena recompensa e incluso la aumente por Su magnanimidad. Él es en verdad el Sumo Indulgente, el Sumo Apreciador .", "urdu": " کیونکہ اس کا نتیجہ یہ ہوگا کہ اللہ ان کو ان کے اعمال کے پورے پورے اجر دے گا اور ان کو (ان کے اعمال کے اجر کے علاوہ) اپنے فضل سے اور بھی زیادہ دے گا (جس کی وجہ سے ان کی حالت اس دنیا سے ہزاروں گنے بہتر ہوگی) اس لئے کہ وہ (خدا) بہت بخشنے والا (اور) بہت قدر کرنے والا ہے۔"}, {"arabic": " وَ الَّذِیۡۤ اَوۡحَیۡنَاۤ اِلَیۡکَ مِنَ الۡکِتٰبِ ہُوَ الۡحَقُّ مُصَدِّقًا لِّمَا بَیۡنَ یَدَیۡہِ ؕ اِنَّ اللّٰہَ بِعِبَادِہٖ لَخَبِیۡرٌۢ بَصِیۡرٌ ﴿۳۲﴾", "english": " And the Book which We have revealed to thee is the truth itself , fulfilling that which is before it. Surely, Allah is All-Aware, All-Seeing with respect to His servants.", "french": " Et le Livre que Nous t’avons révélé est la vérité même , confirmant ce qui est avant lui. Assurément, Allāh est Très-Conscient de Ses serviteurs, et les voit bien.", "german": " Das, was Wir dir in dem Buch offenbart haben, ist die Wahrheit selbst, das erfüllend, was ihm vorausging. Gewiss, Allah kennt (und) sieht Seine Diener recht wohl.", "spanish": " El Libro que te hemos reve­lado es la misma verdad, que cumple lo que le precedió. En verdad, Al‑lah es Quien todo lo sabe, Quien todo lo ve, en relación con Sus siervos.", "urdu": " اور وہ بات جو ہم نے اس قرآن میں سے تجھ پر وحی کے ذریعہ سے بھیجی ہے بالکل سچی ہے اور پوری ہو کر رہنے والی ہے اور اس سے پہلے جو وحی آچکی ہے اس کو پورا کرنے والی ہے اللہ اپنے بندوں سے یقیناً باخبر ہے (اور) ان کی حالت کو دیکھتا ہے۔"}, {"arabic": " ثُمَّ اَوۡرَثۡنَا الۡکِتٰبَ الَّذِیۡنَ اصۡطَفَیۡنَا مِنۡ عِبَادِنَا ۚ فَمِنۡہُمۡ ظَالِمٌ لِّنَفۡسِہٖ ۚ وَ مِنۡہُمۡ مُّقۡتَصِدٌ ۚ وَ مِنۡہُمۡ سَابِقٌۢ بِالۡخَیۡرٰتِ بِاِذۡنِ اللّٰہِ ؕ ذٰلِکَ ہُوَ الۡفَضۡلُ الۡکَبِیۡرُ ﴿ؕ۳۳﴾", "english": " Then We gave the Book for an inheritance to those of Our servants whom We chose. And of them are some who are breaking down their own selves by suppressing their desires , and of them are some who keep to the right course, and of them are some who excel others in acts of goodness by Allah’s leave. And that indeed is the great distinction.", "french": " Alors Nous avons accordé le Livre en héritage à ceux de Nos serviteurs que Nous avons choisis. Et parmi eux il y a ceux qui sont cruels envers eux-mêmes en vue de promouvoir davantage de bonnes œuvres , et il y a ceux qui restent sur le droit chemin, et parmi eux il y a ceux qui surpassent les autres en œuvres de bonté par la volonté d’Allāh. Cela, en vérité , est la grande faveur d’Allāh.", "german": " Dann gaben Wir das Buch jenen unter Unseren Dienern, die Wir erwählten, zum Erbe. Und unter ihnen sind einige, die ihr eigenes Selbst niederbrechen, und unter ihnen sind einige, die immer den rechten Pfad einhalten, und unter ihnen sind einige, die (andere) übertreffen an Güte und Tugend mit Allahs Erlaubnis. Das ist die große Gnade.", "spanish": " Entonces entregamos el Libro como herencia a aquellos de Nues­tros siervos que elegimos. Y entre ellos hay algunos que luchan eno­dadamente contra ellos mismos para hacer el bien, otros que siguen el camino recto y otros que obresalen en las buenas obras con el agrado de Al‑lah. Aquí está en verdad la gran distinción.", "urdu": " پھر (حقیقت یہ ہے کہ نزول وحی کے بعد) ہم نے اپنی کتاب کا (ہمیشہ) انہی لوگوں کو وارث بنایا ہے جن کو ہم نے اپنے بندوں میں سے چن لیا‘ پس ان میں سے کوئی کوئی آدمی تو ایسا ثابت ہوا جو اپنی جان پر انتہائی ظلم کرنے والا تھا اور کوئی ان میں سے ایسا نکلا جو درمیانی چال چلنے والا تھا اور کوئی کوئی ایسا نکلا جو نیکیوں میں اللہ کے حکم سے دوسروں سے آگے بڑھنے والا تھا۔ یہ (اللہ کا) بڑا فضل ہے۔"}, {"arabic": " جَنّٰتُ عَدۡنٍ یَّدۡخُلُوۡنَہَا یُحَلَّوۡنَ فِیۡہَا مِنۡ اَسَاوِرَ مِنۡ ذَہَبٍ وَّ لُؤۡلُؤًا ۚ وَ لِبَاسُہُمۡ فِیۡہَا حَرِیۡرٌ ﴿۳۴﴾", "english": " Gardens of Eternity! They will enter them. They will be adorned therein with bracelets of gold, and pearls; and their garments therein will be of silk.", "french": " Les Jardins d’Eternité ! lls y entreront. Ils y seront ornés de bracelets d’or, et de perles ; et leurs vêtements y seront de soie.", "german": " Gärten der Ewigkeit! Sie werden sie betreten. Geschmückt werden sie darin sein mit Armspangen von Gold und (mit) Perlen; und ihr Gewand darin wird Seide sein.", "spanish": " ¡Jardines de Eternidad! en­trarán en ellos. Allí serán adornados con brazaletes de oro y perlas; y allí sus vestidos serán de seda.", "urdu": " (اس مقام کا بدلہ) ہمیشہ رہنے والی وہ جنتیں ہونگی جن میں وہ (لوگ) داخل ہونگے (اور) ان میں ان کو سونے کے کنگن پہنائے جائیں گے اور موتی (کے زیور) بھی اور ان کا لباس اس میں ریشم (کا بنا ہوا) ہوگا۔"}, {"arabic": " وَ قَالُوا الۡحَمۡدُ لِلّٰہِ الَّذِیۡۤ اَذۡہَبَ عَنَّا الۡحَزَنَ ؕ اِنَّ رَبَّنَا لَغَفُوۡرٌ شَکُوۡرُ ۣ﴿ۙ۳۵﴾", "english": " And they will say, ‘All praise belongs to Allah Who has removed grief from us. Surely, our Lord is Most Forgiving, Most Appreciating,", "french": " Et ils diront : « Toutes les louanges appartiennent à Allāh, Qui nous a enlevé notre affliction ! Assurément, notre Seigneur est Très-Pardonnant, Très-Appréciateur ;", "german": " Und sie werden sprechen: \"Aller Preis gehört Allah, Der die Kümmernis von uns genommen. Unser Herr ist fürwahr allverzeihend, erkenntlich,</span> </div> </div> <div class=\"row links\" style=\"margin-top:10px;\"> <div class=\"col-lg-12 center\"> <font size=\"-1\" style=\"font-family:Arial, Helvetica, sans-serif; color: #777\"> Read: <a target=\"_blank\" href=\"/quran/tafseer/?verse=35:35&region=E1&CR=E3,E2\" title=\"English Translation with Detailed Commentary with Meanings of Some Key Words\">Detailed English Commentary</a> | <a href=\"/quran/tafseer/?verse=35:35&region=TS&CR=UR,P1,H1,T1\" title=\"Urdu Tafseer-e-Saghir alongwith other Tafaseer\" target=\"_blank\">Urdu Tafaseer <font style=\"font-family: 'Jameel Noori Nastaleeq', -apple-system, BlinkMacSystemFont, 'Urdu Naskh Asiatype', 'Nafees Web Naskh';\">اردو تفاسیر</font></a> </font> </div></div> <hr size='1'> <div class=\"row\" id=\"Arabic36\" class='indopak' style=\"padding: 5px\"> <div class=\"col-lg-1\"> <a name=\"Arabic36\"></a> <font color=\"#939598\" style=\"font-size:1.1em\"> [<a href='/quran/35:36' style='text-decoration:underline'>35:36</a>]</font> </div> <div class=\"col-lg-1\"> <button onclick=\"aud_play_pause(36)\"><i class=\"fa fa-play\" style=\"color: #777\" aria-hidden=\"true\" id=\"control36\"></i></button> <audio id=\"player36\" class=\"audioplayer\" /> </div><div class=\"col-lg-10\" align=\"right\" dir=\"rtl\"></div> </div> <div class=\"row\"> <div class=\"col-lg-12\" align=\"right\" dir=\"rtl\"> <p class=\"arabicverse\">الَّذِیۡۤ اَحَلَّنَا دَارَ الۡمُقَامَۃِ مِنۡ فَضۡلِہٖ ۚ لَا یَمَسُّنَا فِیۡہَا نَصَبٌ وَّ لَا یَمَسُّنَا فِیۡہَا لُغُوۡبٌ ﴿۳۶﴾ </p> </div> </div> <div class=\"row english\" align=\"left\" dir=\"ltr\" style=\"margin-top:10px\"> <div class=\"col-lg-12\"> <span class=\"translationheading\">English</span><br> <span class=\"translationtext\">‘Who has, out of His bounty, settled us in the Abode of Eternity, where no toil will touch us, nor any<I> sense of </I>weariness affect us therein.’</span> </div> </div> <div class=\"row english2\" align=\"left\" dir=\"ltr\" style=\"display:none; margin-top:10px\"> <div class=\"col-lg-12\"> <span class=\"translationheading\">English Short Commentary</span><br> <span class=\"translationtext\"> ‘Who has, out of His bounty, settled us in the Abode of Eternity, <sup class='ref'>[<a class='ref' data-id='ref_35_36_a' href='#'>a</a>]</sup>where no toil will touch us, nor any <i>sense of </i>weariness affect<sup class='ref'>[<a class='ref' data-id='ref_35_36_2422' href='#'>2422</a>]</sup> us therein.’ <div class=\"footnote\"> <span class='collapsible plus' data-id='ref_35_36_a'>a</span><span class='collapsible plus' data-id='ref_35_36_2422'>2422</span></div> <div><div class='reference' data-id='ref_35_36_a' style='display:none'> <p><b>a.</b> <a href='/quran/15:49' target=_blank>15:49</a>. (<a href='javascript:void(0)' data-id='ref_35_36_a' class='ref'>close</a>)</p> </div> </div><div><a name='2422'></a><div class='reference' data-id='ref_35_36_2422' style='display:none'> <p><b>2422.</b> Complete freedom from every kind of fear and anxiety and perfect peace of mind and satisfaction of heart coupled with the pleasure of God is the highest stage of Paradise that the Qur’an, as the verse under comment and the preceding one show, has promised to believers in this and the next world. (<a href='javascript:void(0)' data-id='ref_35_36_2422' class='ref'>close</a>)</p> </div> </div> </span> </div> </div> <div class=\"row urdu\" align=\"right\" dir=\"rtl\" style=\"margin-top:10px\"> <div class=\"col-lg-12\"> <span class=\"translationheading\">اُردو</span><br> <span class=\"urdutarjma\">جس نے اپنے فضل سے ہمیں ایک خاص مرتبے والے گھر میں اُتارا ہے۔ نہ اِس میں کوئی مشقت ہمیں چھوئے گی اور نہ اس میں کوئی تکان ہمیں چھوئے گی۔</span> </div> </div> <div class=\"row urdu2\" align=\"right\" dir=\"rtl\" style=\"display:none; margin-top:10px\"> <div class=\"col-lg-12\"> <span class=\"translationheading\">اُردو تفسیر صغیر</span><br> <span class=\"urdutarjma\">وہ (خدا) جس نے اپنے فضل سے ہم کو ٹھہرنے کے لئے ایک ایسی جگہ پر رکھا ہے کہ جس میں نہ تو ہم کو کوئی تکلیف ہوتی ہے اور نہ تھکان۔ </span> </div> </div> <div class=\"row french\" align=\"left\" dir=\"ltr\" style=\"display:none; margin-top:10px\"> <div class=\"col-lg-12\"> <span class=\"translationheading\">Français</span><br> <span class=\"translationtext\">Qui, par Sa munificence, nous a établis dans la Demeure d’Eternité. Nul labeur ne nous y touchera ni aucune <em>sensation de</em> lassitude ne nous y touchera. »</span> </div> </div> <div class=\"row spanish\" align=\"left\" dir=\"ltr\" style=\"display:none; margin-top:10px\"> <div class=\"col-lg-12\"> <span class=\"translationheading\">Español</span><br> <span class=\"translationtext\">“Quien, de Su magnanimidad, nos ha puesto en la Morada de la Eternidad, en donde no nos ago­biará pena alguna ni nos afectará ninguna <em>sensación de </em>cansancio”.</span> </div> </div> <div class=\"row german\" align=\"left\" dir=\"ltr\" style=\"display:none; margin-top:10px\"> <div class=\"col-lg-12\"> <span class=\"translationheading\">Deutsch</span><br> <span class=\"translationtext\">der uns, in Seiner Huld, in der Wohnstatt der Ewigkeit ansässig machte. Keine Plage berührt uns darin, noch berührt uns darin ein Gefühl der Ermattung.\"", "spanish": " Dirán: “Toda alabanza corresponde a Al‑lah, Quien nos ha librado de la aflicción. En verdad nuestro Señor es el Sumo Indulgente, el Sumo Apreciador,", "urdu": " اور وہ کہیں گے کہ سب تعریف اللہ ہی کی ہے جس نے ہمارا غم دور کر دیا ہمارا رب یقیناً بہت بخشنے والا (اور) بہت قدر دان ہے۔"}, {"arabic": " وَ الَّذِیۡنَ کَفَرُوۡا لَہُمۡ نَارُ جَہَنَّمَ ۚ لَا یُقۡضٰی عَلَیۡہِمۡ فَیَمُوۡتُوۡا وَ لَا یُخَفَّفُ عَنۡہُمۡ مِّنۡ عَذَابِہَا ؕ کَذٰلِکَ نَجۡزِیۡ کُلَّ کَفُوۡرٍ ﴿ۚ۳۷﴾", "english": " But as for those who disbelieve, for them is the fire of Hell. Death will not be decreed for them so that they may die; nor will the punishment thereof be lightened for them. Thus do We requite every ungrateful person.", "french": " Mais quant à ceux qui ne croient pas, le feu de l’Enfer est réservé pour eux. Il ne sera pas décrété pour eux qu’ils meurent ; et ne sera pas diminué non plus pour eux le châtiment du feu. C’est ainsi que Nous rétribuons toute personne ingrate.", "german": " Die aber, die ungläubig sind, für die ist das Feuer der Hölle. Tod wird nicht über sie verhängt, dass sie sterben könnten; noch wird ihnen etwas von ihrer Strafe erleichtert. So lohnen Wir jedem Undankbaren.", "spanish": " Mas para los incrédulos es­tará el fuego del Infierno. No se decretará que mueran ni se les aligerará el castigo. Así recom­pensamos a toda persona desagra­decida.", "urdu": " اور وہ لوگ جنہوں نے کفر کیا ہے انہیں جہنم کی آگ جلائے گی۔ نہ تو ان پر موت کا فیصلہ صادر ہوگا کہ وہ مر جائیں اور نہ جہنم کے عذاب میں ان کی خاطر کوئی کمی کی جائے گی۔ ہم ہر ناشکرے کے ساتھ ایسا ہی معاملہ کیا کرتے ہیں۔"}, {"arabic": " وَ ہُمۡ یَصۡطَرِخُوۡنَ فِیۡہَا ۚ رَبَّنَاۤ اَخۡرِجۡنَا نَعۡمَلۡ صَالِحًا غَیۡرَ الَّذِیۡ کُنَّا نَعۡمَلُ ؕ اَوَ لَمۡ نُعَمِّرۡکُمۡ مَّا یَتَذَکَّرُ فِیۡہِ مَنۡ تَذَکَّرَ وَ جَآءَکُمُ النَّذِیۡرُ ؕ فَذُوۡقُوۡا فَمَا لِلظّٰلِمِیۡنَ مِنۡ نَّصِیۡرٍ ﴿٪۳۸﴾", "english": " And they will cry for help therein, ‘O our Lord, take us out, we will do righteous works other than those we used to do.’ ‘Did We not give you a life long enough so that he who would reflect could reflect therein? And there came unto you a Warner too . So taste ye the punishment ; for wrongdoers have no helper.’", "french": " Et là ils hurleront : « Notre Seigneur, fais-nous sortir, nous ferons de bonnes œuvres différentes de celles que nous faisions. » « Ne vous avons-Nous pas accordé une vie assez longue pour que réfléchisse celui qui voulait réfléchir ? Et l’Avertisseur vous était venu. Goûtez donc le châtiment ; car les injustes n’ont aucun aide. »", "german": " Und sie werden darin schreien: \"Unser Herr, bringe uns heraus, wir wollen rechtschaffene Werke tun, anders als wir zu tun pflegten.\" \"Gaben Wir euch nicht ein genügend langes Leben, dass ein jeder, der sich besinnen wollte, sich darin besinnen konnte? Und (überdies) kam der Warner zu euch. So kostet nun (die Strafe): denn Frevler haben keinen Helfer.\"", "spanish": " Gritarán allí pidiendo ayuda: “Oh, Señor nuestro, sácanos; ha­remos obras justas, distintas a las que solíamos hacer”. “¿Acaso no os dimos una vida suficientemente larga para que reflexionara en ella quien pudiera reflexionar? Y también os llegó un Amonestador. Probad pues el castigo; pues los injustos no ten­drán quien les ayude”.", "urdu": " اور وہ اس (جہنم) میں چلائیں گے (اور کہیں گے) اے ہمارے رب! ہم کو اس جہنم سے نکال دے تو ہم (مومنوں کی طرح) نیک کام کریں گے‘ ان سے مختلف جو ہم پہلی زندگی میں کیا کرتے تھے (ہم ان سے کہیں گے) کیا ہم نے تم کو اتنی عمر نہیں دی تھی جس میں نصیحت حاصل کرنے کا خواہش مند نصیحت حاصل کر لیتا ہے اور تمہارے پاس ہوشیار کرنے والے (بھی) تو آئے تھے (پھر تم نے ان کی بات کیوں نہ مانی) پس (اب یہ) عذاب چکھو کہ ظالموں کا کوئی مددگار نہیں ہوتا۔"}, {"arabic": " اِنَّ اللّٰہَ عٰلِمُ غَیۡبِ السَّمٰوٰتِ وَ الۡاَرۡضِ ؕ اِنَّہٗ عَلِیۡمٌۢ بِذَاتِ الصُّدُوۡرِ ﴿۳۹﴾", "english": " Verily, Allah knows the secrets of the heavens and of the earth. Verily, He knows full well all that lies hidden in the breasts.", "french": " En vérité, Allāh connaît les secrets des cieux et de la terre. En vérité, Il connaît très bien ce qui est caché dans les poitrines.", "german": " Wahrlich, Allah kennt die Geheimnisse der Himmel und der Erde. Wahrlich, Er kennt alles, was in den Herzen ist.", "spanish": " Ciertamente Al‑lah conoce los secretos de los cielos y de la tierra. En verdad sabe muy bien todo lo que hay en sus corazones.", "urdu": " اللہ آسمانوں اور زمین کے غیب کو جاننے والا ہے۔ وہ دلوں کی باتوں کو بھی خوب اچھی طرح جانتا ہے۔"}, {"arabic": " ہُوَ الَّذِیۡ جَعَلَکُمۡ خَلٰٓئِفَ فِی الۡاَرۡضِ ؕ فَمَنۡ کَفَرَ فَعَلَیۡہِ کُفۡرُہٗ ؕ وَ لَا یَزِیۡدُ الۡکٰفِرِیۡنَ کُفۡرُہُمۡ عِنۡدَ رَبِّہِمۡ اِلَّا مَقۡتًا ۚ وَ لَا یَزِیۡدُ الۡکٰفِرِیۡنَ کُفۡرُہُمۡ اِلَّا خَسَارًا ﴿۴۰﴾", "english": " He it is Who made you vicegerents in the earth. So he who disbelieves, will himself suffer the consequences of his disbelief. And for the disbelievers their disbelief will only increase odium in the sight of their Lord, and their disbelief will increase for the disbelievers nothing but loss.", "french": " C’est Lui Qui a fait de vous des successeurs sur la terre. Aussi celui qui refuse de croire, le méfait de sa mécréance retombera sur lui. Et pour les mécréants, leur mécréance ne fera qu’accroître le dégoût d’Allāh à leur égard et leur mécréance ne fera qu’accroître les mécréants en perte.", "german": " Er ist es, Der euch zu Statthaltern auf Erden gemacht hat. Wer aber ungläubig ist: auf ihn sein Unglaube! Und den Ungläubigen kann ihr Unglaube nichts als Widerwillen mehren vor ihrem Herrn, und ihr Unglaube kann den Ungläubigen nur den Verlust mehren.", "spanish": " Él es Quien os hizo vicarios en la tierra. Por tanto, quien no crea sufrirá él mismo las consecuencias de su incredulidad. Y para los incré­dulos, su incredulidad no hará más que aumentar el enojo de Al‑lah; y la falta de fe no hará mas que aumentar la perdición de los no creyentes.", "urdu": " وہی ہے جس نے تم کو دنیا میں (پہلے لوگوں کا) قائم مقام بنایا۔ پس جو انکار کرے گا اس کے انکار کی سزا اسی پر پڑے گی اور کافروں کا کفر انہیں ان کے رب کی نظر میں صرف خفگی میں ہی بڑھاتا ہے اور کافروں کا کفر ان کو صرف گھاٹے میں ہی بڑھاتا ہے۔"}, {"arabic": " قُلۡ اَرَءَیۡتُمۡ شُرَکَآءَکُمُ الَّذِیۡنَ تَدۡعُوۡنَ مِنۡ دُوۡنِ اللّٰہِ ؕ اَرُوۡنِیۡ مَاذَا خَلَقُوۡا مِنَ الۡاَرۡضِ اَمۡ لَہُمۡ شِرۡکٌ فِی السَّمٰوٰتِ ۚ اَمۡ اٰتَیۡنٰہُمۡ کِتٰبًا فَہُمۡ عَلٰی بَیِّنَتٍ مِّنۡہُ ۚ بَلۡ اِنۡ یَّعِدُ الظّٰلِمُوۡنَ بَعۡضُہُمۡ بَعۡضًا اِلَّا غُرُوۡرًا ﴿۴۱﴾", "english": " Say, ‘Have you seen your associate- gods whom you call on beside Allah? Show me then what they have created of the earth. Or have they a share in the creation of the heavens? Or have We given them a Book so that they have an evidence therefrom?’ Nay, the wrongdoers promise one another nothing but deception.", "french": " Dis : « Avez-vous vu vos dieux -associés que vous invoquez en dehors d’Allāh ? Montrez-moi alors ce qu’ils ont créé de la terre. Ou ont-ils une part dans la création des cieux ? » Ou leur avons-Nous donné un Livre de sorte qu’ils y ont trouvé une preuve claire ? Non , mais les injustes ne se promettent les uns aux autres que des tromperies.", "german": " Sprich: \"Habt ihr eure Götter gesehen, die ihr statt Allah anruft? Zeigt mir, was sie von der Erde erschufen. Oder haben sie einen Anteil (an der Schöpfung) der Himmel?\" Oder haben Wir ihnen ein Buch gegeben, dass sie einen Beweis daraus hätten? Nein, die Frevler verheißen einander nur Trug.", "spanish": " Diles: “¿Habéis visto a vues­tros dioses partícipes a quienes invo­cáis en lugar de Al‑lah? Mostradme pues lo que han creado de la tierra. ¿Tienen acaso una participación en la creación de los cielos? O ¿les hemos dado un Libro para que tengan una prueba de ello?”. No, los inicuos no se prometen mutuamente más que el engaño.", "urdu": " تو کہہ دے مجھے بتاٶ تو سہی اپنے (مزعومہ) شریک جن کو تم اللہ کے سوا پکارتے ہو (اور اگر وہ نظر نہیں آتے تو) مجھے ان کی وہ مخلوق دکھاٶ جو انہوں نے زمین میں پیدا کی ہے‘ یا کیا ان کی آسمانوں کے بنانے میں کوئی شراکت ہے؟ کیا ہم نے ان کو کوئی کتاب دی ہے؟ کہ وہ اس کی بیان کردہ دلیل اپنے ساتھ رکھتے ہیں (کہو ایسا ہرگز نہیں)بلکہ ظالم آپس میں ایک دوسرے سے صرف دھوکہ دینے والے وعدے کرتے ہیں۔"}, {"arabic": " اِنَّ اللّٰہَ یُمۡسِکُ السَّمٰوٰتِ وَ الۡاَرۡضَ اَنۡ تَزُوۡلَا ۬ۚ وَ لَئِنۡ زَالَتَاۤ اِنۡ اَمۡسَکَہُمَا مِنۡ اَحَدٍ مِّنۡۢ بَعۡدِہٖ ؕ اِنَّہٗ کَانَ حَلِیۡمًا غَفُوۡرًا ﴿۴۲﴾", "english": " Surely, Allah holds the heavens and the earth lest they deviate from their places . And if they did deviate, none can hold them after Him. Verily, He is Forbearing, Most Forgiving.", "french": " Assurément, Allāh retient les cieux et la terre, pour qu’ils ne dévient pas de leur position . Et s’ils devaient dévier, nul ne pourrait les retenir après Lui. En vérité, Il est Indulgent, Très-Pardonnant.", "german": " Allah allein hält die Himmel und die Erde, dass sie nicht wanken. Und wankten sie wirklich, so gäbe es keinen, der sie halten könnte nach Ihm. Fürwahr, Er ist langmütig, allverzeihend.", "spanish": " En verdad, Al‑lah sostiene los cielos y la tierra para que no se desvíen de sus lugares. Y si se des­viaran, nadie podría sostenerlos aparte de Él. En verdad, Él es Remisorio, Sumo Indulgente.", "urdu": " اللہ ہی نے آسمانوں اور زمین کو اس بات سے روک رکھا ہے کہ وہ اپنی جگہ سے ٹل جائیں اور اگر وہ ٹل جائیں تو اس کے بعد کوئی ان کو (تباہ ہونے سے) روک نہیں سکے گا یقیناً وہ بڑی سمجھ بوجھ والا (اور) بہت معاف کرنے والا ہے۔"}, {"arabic": " وَ اَقۡسَمُوۡا بِاللّٰہِ جَہۡدَ اَیۡمَانِہِمۡ لَئِنۡ جَآءَہُمۡ نَذِیۡرٌ لَّیَکُوۡنُنَّ اَہۡدٰی مِنۡ اِحۡدَی الۡاُمَمِ ۚ فَلَمَّا جَآءَہُمۡ نَذِیۡرٌ مَّا زَادَہُمۡ اِلَّا نُفُوۡرَا ۣ﴿ۙ۴۳﴾", "english": " And they swore by Allah their strongest oaths, that if a Warner came to them, they would follow guidance better than any other people. But when a Warner did come to them, it only increased them in aversion,", "french": " Et ils jurèrent par Allāh, de leurs serments les plus solennels, que si un Avertisseur venait à eux, ils suivraient la direction mieux qu’aucun autre peuple. Mais lorsqu’un Avertisseur est effectivement venu à eux, cela les a fait seulement croître en aversion,", "german": " Und sie schworen bei Allah ihre feierlichsten Eide, wenn ein Warner zu ihnen käme, sie würden der Führung besser folgen als die besten von den Völkern. Doch als dann in der Tat ein Warner zu ihnen kam, so bestärkte sie das nur in der Abneigung,", "spanish": " Juraron por Al‑lah con sus juramentos más solemnes que si les llegara un Amonestador, seguirían la guía mejor que ningún otro pueblo. Pero cuando les llegó el Amones­tador, ello no hizo más que aumentar su aversión.", "urdu": " اور وہ اللہ کی پختہ قسمیں کھاتے ہیں کہ اگر ان کے پاس کوئی نبی آجائے تو وہ تمام امتوں میں سے ہر ایک سے زیادہ ہدایت پانے والے بن جائیں گے مگر جب ان کے پاس نبی آیا تو اس کا آنا انہیں صرف نفرت میں بڑھانے کا موجب ہوا۔"}, {"arabic": " اسۡتِکۡـبَارًا فِی الۡاَرۡضِ وَ مَکۡرَ السَّیِّیَٴ ؕ وَ لَا یَحِیۡقُ الۡمَکۡرُ السَّیِّیٴُ اِلَّا بِاَہۡلِہٖ ؕ فَہَلۡ یَنۡظُرُوۡنَ اِلَّا سُنَّتَ الۡاَوَّلِیۡنَ ۚ فَلَنۡ تَجِدَ لِسُنَّتِ اللّٰہِ تَبۡدِیۡلًا ۬ۚ وَ لَنۡ تَجِدَ لِسُنَّتِ اللّٰہِ تَحۡوِیۡلًا ﴿۴۴﴾", "english": " Out of arrogance in the earth and evil plotting. But the evil plot encompasses none but the authors thereof. Do they then look for anything but God’s way of dealing with the peoples of old? But thou wilt never find any change in the way of Allah; nor wilt thou ever find any alteration in the way of Allah.", "french": " A cause de leur orgueil sur la terre et de leurs machinations perfides. Mais les machinations n’enveloppent nuls autres que leurs auteurs. Est-ce donc qu’ils s’attendent à autre chose qu’au traitement qu’Allāh a infligé aux peuples d’antan ? Mais jamais tu ne trouveras quelque changement dans la pratique d’Allāh ; et jamais tu ne trouveras non plus de variation dans la pratique d’Allāh.", "german": " in Hochmut auf Erden und im bösen Planen. Doch der böse Plan fängt nur seine Urheber ein. Erwarten sie denn etwas anderes als das Verfahren gegenüber den Früheren? Aber in Allahs Verfahren wirst du nie eine Änderung finden; und in Allahs Verfahren wirst du nie einen Wechsel finden.", "spanish": " Por su arrogancia en la tierra y sus perversas maquinaciones. Pero la maquinación perversa sólo asedia a sus autores. ¿Acaso buscan algo istinto a la manera habitual de Dios de tratar a los pueblos de la antigüedad? Mas nunca encontrarás cambio al­guno en el modo de obrar de Al‑lah; ni encontrarás alteración alguna en Su modo de obrar.", "urdu": " کیونکہ وہ زمین میں بڑا بننا چاہتے تھے اور بری تدبیریں کرنا چاہتے تھے اور بری تدبیر اس کے کرنے والوں کو ہی ہلاک کیا کرتی ہے۔ پس کیا وہ صرف پہلوں کی سنت (یعنی عذاب) کا تو انتظار نہیں کر رہے (اور اگر تو غور کرے) تو اللہ کی سنت میں کبھی تبدیلی نہیں پائے گا اور نہ تو کبھی سنت اللہ کو ٹلتے ہوئے دیکھے گا۔"}, {"arabic": " اَوَ لَمۡ یَسِیۡرُوۡا فِی الۡاَرۡضِ فَیَنۡظُرُوۡا کَیۡفَ کَانَ عَاقِبَۃُ الَّذِیۡنَ مِنۡ قَبۡلِہِمۡ وَ کَانُوۡۤا اَشَدَّ مِنۡہُمۡ قُوَّۃً ؕ وَ مَا کَانَ اللّٰہُ لِیُعۡجِزَہٗ مِنۡ شَیۡءٍ فِی السَّمٰوٰتِ وَ لَا فِی الۡاَرۡضِ ؕ اِنَّہٗ کَانَ عَلِیۡمًا قَدِیۡرًا ﴿۴۵﴾", "english": " Have they not travelled in the earth and seen how evil was the end of those who were before them? And they were stronger than they in power. And Allah is not such that anything in the heavens or the earth should frustrate His plans ; verily, He is All-Knowing, All-Powerful.", "french": " N’ont-ils pas parcouru la terre, et vu quelle mauvaise fin ont eue ceux qui les ont devancés ? Et ils étaient plus puissants que ceux-ci. Et Allāh n’est pas tel que quoi que ce soit dans les cieux ou sur la terre puisse contrarier Ses desseins ; en vérité, Il est Omniscient, Tout-Puissant.", "german": " Sind sie nicht auf der Erde umhergereist, so dass sie sehen konnten, wie der Ausgang derer war, die vor ihnen waren? Und sie waren stärker an Kraft als sie selber. Und nichts vermöchte Allah in den Himmeln oder auf Erden zu hemmen, denn Er ist allwissend, allmächtig.", "spanish": " ¿Acaso no han viajado por la tierra y han visto qué desgraciado fue el fin de quienes los precedieron? Y sin embargo tuvieron mayor poder que ellos. Pues tal es Al‑lah que nada en los cielos o en la tierra puede frustrar Sus planes; en verdad, Él es el Omnisciente, Omnipotente.", "urdu": " کیا وہ زمین میں نہیں پھرے (اگر ایسا کرتے) تو دیکھتے کہ ان سے پہلے لوگوں کا کیا انجام ہوا؟ حالانکہ وہ ان سے طاقت میں زیادہ تھے۔ اور کوئی چیز اللہ کو آسمانوں میں اور زمین میں اپنے ارادہ میں ناکام نہیں کر سکتی۔ وہ یقیناً بہت جاننے والا (اور) بڑی قدرت والا ہے۔"}, {"arabic": " وَ لَوۡ یُؤَاخِذُ اللّٰہُ النَّاسَ بِمَا کَسَبُوۡا مَا تَرَکَ عَلٰی ظَہۡرِہَا مِنۡ دَآبَّۃٍ وَّ لٰکِنۡ یُّؤَخِّرُہُمۡ اِلٰۤی اَجَلٍ مُّسَمًّی ۚ فَاِذَا جَآءَ اَجَلُہُمۡ فَاِنَّ اللّٰہَ کَانَ بِعِبَادِہٖ بَصِیۡرًا ﴿٪۴۶﴾", "english": " And if Allah were to punish people for what they do, He would not leave a living creature on the surface of the earth ; but He grants them respite until an appointed term; and when their appointed time comes, then they will know that Allah has all His servants under His eyes.", "french": " Et si Allāh devait châtier les hommes pour tout ce qu’ils font, Il ne laisserait pas une seule créature vivante sur la surface de la terre ; mais Il leur accorde un délai jusqu’à un terme fixé ; et quand leur heure fixée arrivera, alors qu’ils prennent garde , car Allāh voit bien tous Ses serviteurs.", "german": " Und wollte Allah die Menschen strafen für alles, was sie tun, Er würde nicht ein Lebewesen auf der Oberfläche (der Erde) übrig lassen; doch Er gewährt ihnen Aufschub bis zu einer bestimmten Frist; und wenn ihre Frist um ist, dann (werden sie erfahren, dass) Allah Seine Diener recht wohl sieht.", "spanish": " Y si Al‑lah fuese a castigar a un pueblo por lo que hacen, no de­jaría criatura viva en la superficie de la tierra ; pero Él les concede un respiro hasta el plazo fijado; y cuando llega su plazo ijado, ¡ Cuidado ! Pues Al‑lah conoce plenamente a Sus siervos: la humanidad.", "urdu": " اور اگر اللہ لوگوں کو ان کے کاموں کی وجہ سے پکڑنا شروع کر دیتا تو زمین کی سطح پر کسی جان دار کو باقی نہ چھوڑتا۔ لیکن وہ ان کو ایک مدت تک ڈھیل دیتا ہے پھر جب ان کی مقررہ مدت آجاتی ہے تو (ثابت ہو جاتا ہے کہ) اللہ اپنے بندوں کو خوب دیکھ رہا تھا۔"}], "Surah": 35}