{"Ayats": [{"arabic": " بِسۡمِ اللّٰہِ الرَّحۡمٰنِ الرَّحِیۡمِ﴿۱﴾", "english": " In the name of Allah, the Gracious, the Merciful.", "french": " Au nom d’Allāh, le Gracieux, le Miséricordieux.", "german": " Im Namen Allahs, des Gnädigen, des Barmherzigen.", "spanish": " En el nombre de Al-lah, el Clemente, el Misericordioso.", "urdu": " (میں) اللہ کا نام لے کر جو بے حد کرم کرنے والا (اور) باربار رحم کرنے والا ہے (پڑھتا ہوں)"}, {"arabic": " کٓہٰیٰعٓصٓ ۟﴿ۚ۲﴾", "english": " Kaf Ha Ya ‘Ain Sad.", "french": " Kāf, Hā, Yā, ‘Ain, Ṣād. (Tu es Suffisant et Tu es Guide, ô Savant ! ô Véridique !).", "german": " Kâf Hâ Yâ 'Ain Sâd.", "spanish": " Kaf Ha Ya Ain Sad.", "urdu": " اے عالم اور صادق خدا تو کافی اور ہادی ہے۔"}, {"arabic": " ذِکۡرُ رَحۡمَتِ رَبِّکَ عَبۡدَہٗ زَکَرِیَّا ۖ﴿ۚ۳﴾", "english": " This is an account of the mercy of thy Lord shown to His servant, Zachariah.", "french": " Ceci est le récit de la miséricorde de ton Seigneur envers Son serviteur Zacharie,", "german": " Ein lehrreicher Bericht über die Barmherzigkeit deines Herrn gegen Seinen Diener Zacharias.", "spanish": " He aquí el relato de la misericordia de tu Señor mostrada con Su Siervo, Zacarías.", "urdu": " (اس سورۃ میں) تیرے رب کی (اس) رحمت کا ذکر (ہے) جو اس نے اپنے بندے زکریا پر (اس وقت) کی‘"}, {"arabic": " اِذۡ نَادٰی رَبَّہٗ نِدَآءً خَفِیًّا ﴿۴﴾", "english": " When he called upon his Lord, a secret calling,", "french": " Quand il invoqua son Seigneur, d’une invocation secrète.", "german": " Als dieser seinen Herrn mit leisem Ruf anrief,", "spanish": " Cuando invocó a su Señor con una invocación secreta.", "urdu": " جب اس نے اپنے رب کو آہستہ آواز سے پکارا۔"}, {"arabic": " قَالَ رَبِّ اِنِّیۡ وَہَنَ الۡعَظۡمُ مِنِّیۡ وَ اشۡتَعَلَ الرَّاۡسُ شَیۡبًا وَّ لَمۡ اَکُنۡۢ بِدُعَآئِکَ رَبِّ شَقِیًّا ﴿۵﴾", "english": " He said, ‘My Lord, the bones have indeed waxed feeble in me, and the head glistens with hoariness, but never, my Lord, have I been unblessed in my prayer to Thee.", "french": " Il dit : « Mon Seigneur, mes os sont affaiblis, et ma tête brille de cheveux blancs, mais jamais, mon Seigneur, n’ai-je été déçu dans ma prière à Toi.", "german": " sprach er: \"Mein Herr, das Gebein in mir ist nun schwach geworden, und mein Haupt schimmert in Grauhaarigkeit, doch niemals, mein Herr, bin ich enttäuscht worden in meinem Gebet zu Dir.</span> </div> </div> <div class=\"row links\" style=\"margin-top:10px;\"> <div class=\"col-lg-12 center\"> <font size=\"-1\" style=\"font-family:Arial, Helvetica, sans-serif; color: #777\"> Read: <a target=\"_blank\" href=\"/quran/tafseer/?verse=19:5&region=E1&CR=E3,E2\" title=\"English Translation with Detailed Commentary with Meanings of Some Key Words\">Detailed English Commentary</a> | <a href=\"/quran/tafseer/?verse=19:5&region=TS&CR=UR,P1,H1,T1\" title=\"Urdu Tafseer-e-Saghir alongwith other Tafaseer\" target=\"_blank\">Urdu Tafaseer <font style=\"font-family: 'Jameel Noori Nastaleeq', -apple-system, BlinkMacSystemFont, 'Urdu Naskh Asiatype', 'Nafees Web Naskh';\">اردو تفاسیر</font></a> </font> </div></div> <hr size='1'> <div class=\"row\" id=\"Arabic6\" class='indopak' style=\"padding: 5px\"> <div class=\"col-lg-1\"> <a name=\"Arabic6\"></a> <font color=\"#939598\" style=\"font-size:1.1em\"> [<a href='/quran/19:6' style='text-decoration:underline'>19:6</a>]</font> </div> <div class=\"col-lg-1\"> <button onclick=\"aud_play_pause(6)\"><i class=\"fa fa-play\" style=\"color: #777\" aria-hidden=\"true\" id=\"control6\"></i></button> <audio id=\"player6\" class=\"audioplayer\" /> </div><div class=\"col-lg-10\" align=\"right\" dir=\"rtl\"></div> </div> <div class=\"row\"> <div class=\"col-lg-12\" align=\"right\" dir=\"rtl\"> <p class=\"arabicverse\">وَ اِنِّیۡ خِفۡتُ الۡمَوَالِیَ مِنۡ وَّرَآءِیۡ وَ کَانَتِ امۡرَاَتِیۡ عَاقِرًا فَہَبۡ لِیۡ مِنۡ لَّدُنۡکَ وَلِیًّا ۙ﴿۶﴾</p> </div> </div> <div class=\"row english\" align=\"left\" dir=\"ltr\" style=\"margin-top:10px\"> <div class=\"col-lg-12\"> <span class=\"translationheading\">English</span><br> <span class=\"translationtext\">‘And I fear my relations after me, and my wife is barren. Grant me, therefore, a successor from Thyself,</span> </div> </div> <div class=\"row english2\" align=\"left\" dir=\"ltr\" style=\"display:none; margin-top:10px\"> <div class=\"col-lg-12\"> <span class=\"translationheading\">English Short Commentary</span><br> <span class=\"translationtext\"> ‘And I fear my relations after me, and <sup class='ref'>[<a class='ref' data-id='ref_19_6_c' href='#'>c</a>]</sup>my wife is barren. So <sup class='ref'>[<a class='ref' data-id='ref_19_6_d' href='#'>d</a>]</sup>grant me from Thyself a successor,<sup class='ref'>[<a class='ref' data-id='ref_19_6_1741' href='#'>1741</a>]</sup> <div class=\"footnote\"> <span class='collapsible plus' data-id='ref_19_6_c'>c</span><span class='collapsible plus' data-id='ref_19_6_d'>d</span><span class='collapsible plus' data-id='ref_19_6_1741'>1741</span></div> <div><div class='reference' data-id='ref_19_6_c' style='display:none'> <p><b>c.</b> <a href='/quran/3:41' target=_blank>3:41</a>; <a href='/quran/21:91' target=_blank>21:91</a>. (<a href='javascript:void(0)' data-id='ref_19_6_c' class='ref'>close</a>)</p> </div> </div><div><div class='reference' data-id='ref_19_6_d' style='display:none'> <p><b>d.</b> <a href='/quran/3:39' target=_blank>3:39</a>; <a href='/quran/21:90' target=_blank>21:90</a>. (<a href='javascript:void(0)' data-id='ref_19_6_d' class='ref'>close</a>)</p> </div> </div><div><a name='1741'></a><div class='reference' data-id='ref_19_6_1741' style='display:none'> <p><b>1741.</b> The prayer of Zachariah possesses all the ingredients of a complete and successful prayer. A successful prayer should be offered with fervour and in humility. The supplicant should confess his own weakness and helplessness. He should have firm faith in the power of God to accept his prayers. Zachariah’s prayer fulfils all these conditions. (<a href='javascript:void(0)' data-id='ref_19_6_1741' class='ref'>close</a>)</p> </div> </div> </span> </div> </div> <div class=\"row urdu\" align=\"right\" dir=\"rtl\" style=\"margin-top:10px\"> <div class=\"col-lg-12\"> <span class=\"translationheading\">اُردو</span><br> <span class=\"urdutarjma\">اور میں یقیناً اپنے بعد اپنے شرکاءسے ڈرتا ہوں جبکہ میری بیوی بھی بانجھ ہے۔ پس مجھے خود اپنی جناب سے ایک وارث عطا کر۔</span> </div> </div> <div class=\"row urdu2\" align=\"right\" dir=\"rtl\" style=\"display:none; margin-top:10px\"> <div class=\"col-lg-12\"> <span class=\"translationheading\">اُردو تفسیر صغیر</span><br> <span class=\"urdutarjma\">اور میں یقیناً اپنے رشتہ داروں سے اپنے (مرنے کے) بعد (کے سلوک سے) ڈرتا ہوں اور میری بیوی بانجھ ہے‘ پس تو مجھے اپنے پاس سے ایک دوست (یعنی بیٹا) عطا فرما۔ </span> </div> </div> <div class=\"row french\" align=\"left\" dir=\"ltr\" style=\"display:none; margin-top:10px\"> <div class=\"col-lg-12\"> <span class=\"translationheading\">Français</span><br> <span class=\"translationtext\">Et je crains les proches <em>qui doivent</em> me succéder, et ma femme est stérile. Donc accorde-moi de Ta part un successeur,</span> </div> </div> <div class=\"row spanish\" align=\"left\" dir=\"ltr\" style=\"display:none; margin-top:10px\"> <div class=\"col-lg-12\"> <span class=\"translationheading\">Español</span><br> <span class=\"translationtext\">“Desconfío de mis parientes que me siguen, y mi mujer es estéril. Concédeme pues, un sucesor de Ti mismo”,</span> </div> </div> <div class=\"row german\" align=\"left\" dir=\"ltr\" style=\"display:none; margin-top:10px\"> <div class=\"col-lg-12\"> <span class=\"translationheading\">Deutsch</span><br> <span class=\"translationtext\">Nun aber fürchte ich meine Verwandten nach mir, und mein Weib ist unfruchtbar. Gewähre Du mir darum einen Nachfolger,</span> </div> </div> <div class=\"row links\" style=\"margin-top:10px;\"> <div class=\"col-lg-12 center\"> <font size=\"-1\" style=\"font-family:Arial, Helvetica, sans-serif; color: #777\"> Read: <a target=\"_blank\" href=\"/quran/tafseer/?verse=19:6&region=E1&CR=E3,E2\" title=\"English Translation with Detailed Commentary with Meanings of Some Key Words\">Detailed English Commentary</a> | <a href=\"/quran/tafseer/?verse=19:6&region=TS&CR=UR,P1,H1,T1\" title=\"Urdu Tafseer-e-Saghir alongwith other Tafaseer\" target=\"_blank\">Urdu Tafaseer <font style=\"font-family: 'Jameel Noori Nastaleeq', -apple-system, BlinkMacSystemFont, 'Urdu Naskh Asiatype', 'Nafees Web Naskh';\">اردو تفاسیر</font></a> </font> </div></div> <hr size='1'> <div class=\"row\" id=\"Arabic7\" class='indopak' style=\"padding: 5px\"> <div class=\"col-lg-1\"> <a name=\"Arabic7\"></a> <font color=\"#939598\" style=\"font-size:1.1em\"> [<a href='/quran/19:7' style='text-decoration:underline'>19:7</a>]</font> </div> <div class=\"col-lg-1\"> <button onclick=\"aud_play_pause(7)\"><i class=\"fa fa-play\" style=\"color: #777\" aria-hidden=\"true\" id=\"control7\"></i></button> <audio id=\"player7\" class=\"audioplayer\" /> </div><div class=\"col-lg-10\" align=\"right\" dir=\"rtl\"></div> </div> <div class=\"row\"> <div class=\"col-lg-12\" align=\"right\" dir=\"rtl\"> <p class=\"arabicverse\">یَّرِثُنِیۡ وَ یَرِثُ مِنۡ اٰلِ یَعۡقُوۡبَ ٭ۖ وَ اجۡعَلۡہُ رَبِّ رَضِیًّا ﴿۷﴾ </p> </div> </div> <div class=\"row english\" align=\"left\" dir=\"ltr\" style=\"margin-top:10px\"> <div class=\"col-lg-12\"> <span class=\"translationheading\">English</span><br> <span class=\"translationtext\">‘That he may be heir to me and to the House of Jacob. And make him, my Lord, well-pleasing to Thee.’</span> </div> </div> <div class=\"row english2\" align=\"left\" dir=\"ltr\" style=\"display:none; margin-top:10px\"> <div class=\"col-lg-12\"> <span class=\"translationheading\">English Short Commentary</span><br> <span class=\"translationtext\"> ‘To be my heir and the heir of <i>the blessings of </i>the House of Jacob. And <sup class='ref'>[<a class='ref' data-id='ref_19_7_e' href='#'>e</a>]</sup>make him, my Lord, well-pleasing <i>to Thee</i>.’ <div class=\"footnote\"> <span class='collapsible plus' data-id='ref_19_7_e'>e</span></div> <div><div class='reference' data-id='ref_19_7_e' style='display:none'> <p><b>e.</b> <a href='/quran/3:39' target=_blank>3:39</a>. (<a href='javascript:void(0)' data-id='ref_19_7_e' class='ref'>close</a>)</p> </div> </div> </span> </div> </div> <div class=\"row urdu\" align=\"right\" dir=\"rtl\" style=\"margin-top:10px\"> <div class=\"col-lg-12\"> <span class=\"translationheading\">اُردو</span><br> <span class=\"urdutarjma\">جو میر ا ورثہ بھی پائے اور آل یعقوب کا ورثہ بھی پائے اور اے میرے ربّ! اسے بہت پسندیدہ بنا۔</span> </div> </div> <div class=\"row urdu2\" align=\"right\" dir=\"rtl\" style=\"display:none; margin-top:10px\"> <div class=\"col-lg-12\"> <span class=\"translationheading\">اُردو تفسیر صغیر</span><br> <span class=\"urdutarjma\">جو میرا بھی وارث ہو اور آل یعقوب (سے جو دین و تقویٰ ہم کو ورثہ میں ملا ہے اس) کا بھی وارث ہو۔ اور اے میرے رب اس کو (اپنا) پسندیدہ (وجود) بنائیو۔ </span> </div> </div> <div class=\"row french\" align=\"left\" dir=\"ltr\" style=\"display:none; margin-top:10px\"> <div class=\"col-lg-12\"> <span class=\"translationheading\">Français</span><br> <span class=\"translationtext\">Pour qu’il soit mon héritier et celui de la Maison de Jacob. Et rends-le, mon Seigneur bien-agréable <em>à Toi</em>. »</span> </div> </div> <div class=\"row spanish\" align=\"left\" dir=\"ltr\" style=\"display:none; margin-top:10px\"> <div class=\"col-lg-12\"> <span class=\"translationheading\">Español</span><br> <span class=\"translationtext\">“Que sea heredero mío y de la Casa de Jacob. Y hazlo, Señor mío, agradable a Ti”.</span> </div> </div> <div class=\"row german\" align=\"left\" dir=\"ltr\" style=\"display:none; margin-top:10px\"> <div class=\"col-lg-12\"> <span class=\"translationheading\">Deutsch</span><br> <span class=\"translationtext\">auf dass er mein Erbe sei und Erbe von Jakobs Haus. Und mache ihn, mein Herr, (Dir) wohlgefällig.\"", "spanish": " Diciendo: “Señor mío, los huesos se me han debilitado y la cabeza me blanquea de canicie, pero nunca, mi Señor, he dejado de ser bendecido en mi súplica a Ti”;", "urdu": " (اور) کہا‘ اے میرے رب! (میری حالت تو یقیناً ایسی ہے کہ) میری تمام ہڈیاں تک کمزور ہو گئی ہیں اور (میرا) سر بڑھاپے کی وجہ سے بھڑک اٹھا ہے اور اے میرے رب! میں کبھی بھی تجھ سے دعائیں مانگنے کی وجہ سے ناکام (ونامراد) نہیں رہا۔"}, {"arabic": " یٰزَکَرِیَّاۤ اِنَّا نُبَشِّرُکَ بِغُلٰمِ ۣاسۡمُہٗ یَحۡیٰی ۙ لَمۡ نَجۡعَلۡ لَّہٗ مِنۡ قَبۡلُ سَمِیًّا ﴿۸﴾", "english": " ‘O Zachariah, We give thee glad tidings of a son whose name shall be Yahya‡. We have not made any one before him of that name.’", "french": " « Ô Zacharie, Nous te donnons la bonne nouvelle d’un fils dont le nom sera Yaḥyā. Nous n’avons donné ce nom à personne auparavant. »", "german": " O Zacharias, Wir geben dir frohe Botschaft von einem Sohn, dessen Name Yahya (Johannes) sein soll. Wir haben zuvor noch keinen dieses Namens geschaffen.", "spanish": " “Oh, Zacarías, te damos la buena nueva de un hijo cuyo nombre será Yahya. No hemos dado ese nombre a nadie antes de él”.", "urdu": " (اس پر اللہ نے فرمایا) اے زکریا! ہم تجھے ایک لڑکے کی خبر دیتے ہیں (جو جوانی کی عمر تک پہنچے گا اور) اس کا نام (خدا کی طرف سے) یحییٰ ہوگا۔ ہم نے اس سے پہلے کسی کو اس نام سے یاد نہیں کیا۔"}, {"arabic": " قَالَ رَبِّ اَنّٰی یَکُوۡنُ لِیۡ غُلٰمٌ وَّ کَانَتِ امۡرَاَتِیۡ عَاقِرًا وَّ قَدۡ بَلَغۡتُ مِنَ الۡکِبَرِ عِتِیًّا ﴿۹﴾", "english": " He said, ‘My Lord, how shall I have a son when my wife is barren and I have reached the extreme limit of old age?’", "french": " Il dit : « Mon Seigneur, comment aurai-je un fils puisque ma femme est stérile, et que j’ai atteint l’extrême vieillesse ? »", "german": " Er sprach: \"Mein Herr, wie soll mir ein Sohn werden, wo mein Weib unfruchtbar ist, und ich habe schon die Grenze des Greisenalters erreicht?\"", "spanish": " Dijo: “Señor mío, ¿cómo podré tener un hijo si mi mujer es estéril y yo he alcanzado el límite extremo de la vejez?”.", "urdu": " (زکریا نے) کہا۔ اے میرے رب! میرے ہاں لڑکا کیسے ہو سکتا ہے‘ حالانکہ میری بیوی بانجھ ہے اور میں بڑھاپے کی انتہائی حد کو پہنچ چکا ہوں۔"}, {"arabic": " قَالَ کَذٰلِکَ ۚ قَالَ رَبُّکَ ہُوَ عَلَیَّ ہَیِّنٌ وَّ قَدۡ خَلَقۡتُکَ مِنۡ قَبۡلُ وَ لَمۡ تَکُ شَیۡئًا ﴿۱۰﴾", "english": " He said, ‘So it is.’ But thy Lord says, ‘It is easy for Me, and indeed I created thee before, when thou wast nothing.’", "french": " . L’ange dit : « Il en sera ainsi. Mais ton Seigneur dit : « Ceci M’est facile, et en fait Je t’ai créé auparavant, quand tu n’étais rien. »", "german": " Er sprach: «So ist´s; dein Herr aber spricht: \"Es ist Mir ein leichtes, und Ich habe dich zuvor geschaffen, wo du ein Nichts warst.\"»", "spanish": " Él dijo: “Así es”. Pero tu Señor dice: “Es fácil para Mí, pues, en efecto, te creé a ti antes, cuando no eras nada”.", "urdu": " (الہام لانے والے فرشتہ نے) کہا (کہ جس طرح تو کہتا ہے واقعہ) اسی طرح (ہے) (مگر) تیرا رب کہتا ہے کہ یہ (بات) مجھ پر آسان ہے اور (دیکھ کہ) میں تجھے اس سے پہلے پیدا کر چکا ہوں حالانکہ تو کچھ بھی نہیں تھا۔"}, {"arabic": " قَالَ رَبِّ اجۡعَلۡ لِّیۡۤ اٰیَۃً ؕ قَالَ اٰیَتُکَ اَلَّا تُکَلِّمَ النَّاسَ ثَلٰثَ لَیَالٍ سَوِیًّا ﴿۱۱﴾", "english": " He said, ‘My Lord, appoint for me a token.’ God said, ‘Thy token is that thou shalt not speak to anyone for three full days and nights.’", "french": " Il dit : « Mon Seigneur, désigne un signe pour moi. » Allāh dit : « Ton signe est que tu ne parleras à personne pendant trois jours et trois nuits consécutifs. »", "german": " Er sprach: \"Mein Herr, bestimme mir ein Zeichen.\" Er sprach: \"Dein Zeichen sei, dass du drei (Tage und) Nächte nacheinander nicht zu den Menschen reden sollst.\"", "spanish": " Dijo: “Señor mío, dame una señal”. Dios dijo: “Tu señal es que no hablarás a nadie durante tres días y noches completos”.", "urdu": " (زکریا نے) کہا‘ اے میرے رب! میرے لئے کوئی حکم بخش۔ فرمایا تیرے لئے یہ حکم ہے کہ تو لوگوں سے تین راتیں متواتر کلام نہ کر۔"}, {"arabic": " فَخَرَجَ عَلٰی قَوۡمِہٖ مِنَ الۡمِحۡرَابِ فَاَوۡحٰۤی اِلَیۡہِمۡ اَنۡ سَبِّحُوۡا بُکۡرَۃً وَّ عَشِیًّا ﴿۱۲﴾", "english": " Then he came forth unto his people from the chamber and asked them by signs to glorify God in the morning and in the evening.", "french": " Alors il sortit de la chambre et s’avança vers son peuple et leur indiqua par gestes de rendre gloire à Allāh matin et soir.", "german": " So trat er heraus aus der Kammer vor sein Volk und forderte sie mit leiser Stimme auf, (Gott) zu preisen am Morgen und am Abend.", "spanish": " Tras esto, se presentó a sus gentes saliendo del santuario y les indicó por señas que glorificaran a Dios día y noche.", "urdu": " اس کے بعد (زکریا) محراب سے نکل کر اپنی قوم کے پاس گئے اور انہیں آہستہ آواز میں کہا کہ صبح و شام خدا کی تسبیح کرتے رہو۔"}, {"arabic": " یٰیَحۡیٰی خُذِ الۡکِتٰبَ بِقُوَّۃٍ ؕ وَ اٰتَیۡنٰہُ الۡحُکۡمَ صَبِیًّا ﴿ۙ۱۳﴾", "english": " ‘O Yahya, hold fast the Book.’ And We gave him wisdom while yet a child,", "french": " Allāh dit : « Ô Yaḥyā, tiens fermement au Livre. » Et Nous lui donnâmes la sagesse dès l’enfance,", "german": " O Yahya, halte das Buch kraftvoll fest. Und Wir gaben ihm Weisheit im Kindesalter,", "spanish": " “Oh Yahya, sujeta con fuerza el Libro”. Y le dimos la sabiduría cuando aún era un niño,", "urdu": " (اس کے بعد یحییٰ پیدا ہو گیا اور ہم نے اسے کہا) اے یحییٰ تو (الٰہی) کتاب کو مضبوطی سے پکڑ لے اور ہم نے اسے چھوٹی عمر میں ہی (اپنے) حکم سے نوازا تھا۔"}, {"arabic": " وَّ حَنَانًا مِّنۡ لَّدُنَّا وَ زَکٰوۃً ؕ وَ کَانَ تَقِیًّا ﴿ۙ۱۴﴾", "english": " And tenderness of heart from Ourself, and purity. And he was pious", "french": " Et la tendresse de cœur de Notre part et la pureté. Et il était pieux,", "german": " und ein liebevolles Gemüt von Uns, und Reinheit. Und er war fromm", "spanish": " la ternura de corazón, de Nosotros mismos, y la pureza. Pues era piadoso.", "urdu": " (اوریہ بات) ہماری طرف سے بطور مہربانی (اور شفقت کے تھی) اور( اسے) پاک کرنے کے لئے (تھی) اور وہ بڑا متقی تھا۔"}, {"arabic": " وَّ بَرًّۢا بِوَالِدَیۡہِ وَ لَمۡ یَکُنۡ جَبَّارًا عَصِیًّا ﴿۱۵﴾", "english": " And dutiful toward his parents. And he was not haughty and rebellious.", "french": " Et respectueux envers ses parents. Et il n’était ni hautain ni rebelle.", "german": " und ehrerbietig gegen seine Eltern. Und er war nicht hochfahrend, trotzig.", "spanish": " Y respetuoso con sus padres. Y no era arrogante ni rebelde.", "urdu": " اور وہ اپنے والدین کے ساتھ نیک سلوک کرنے والا تھا اور ظالم اور نافرمان نہیں تھا۔"}, {"arabic": " وَ سَلٰمٌ عَلَیۡہِ یَوۡمَ وُلِدَ وَ یَوۡمَ یَمُوۡتُ وَ یَوۡمَ یُبۡعَثُ حَیًّا ﴿٪۱۶﴾", "english": " And peace was on him the day he was born, and the day he died, and peace there will be on him the day he will be raised up to life again.", "french": " Et la paix était sur lui le jour où il naquit, et le jour où il mourut, et la paix sera sur lui le jour où il sera ramené à la vie de nouveau .", "german": " Friede war über ihm am Tage, da er geboren ward, und am Tage, da er starb, und (Friede wird über ihm sein) am Tage, da er wieder zum Leben erweckt wird.", "spanish": " La paz fue con él el día en que nació y el día en que murió, y la paz será con él el día en que de nuevo sea resucitado.", "urdu": " اور جب وہ پیدا ہوا تب بھی اس پر سلامتی تھی‘ اور جب وہ مرے گا اور جب وہ زندہ کرکے اٹھایا جائے گا (تب بھی اس پر سلامتی ہوگی) ۔"}, {"arabic": " وَ اذۡکُرۡ فِی الۡکِتٰبِ مَرۡیَمَ ۘ اِذِ انۡتَبَذَتۡ مِنۡ اَہۡلِہَا مَکَانًا شَرۡقِیًّا ﴿ۙ۱۷﴾", "english": " And relate the story of Mary as mentioned in the Book. When she withdrew from her people to a place to the east,", "french": " Et fais mention de Marie comme c’est dans le Livre. Quand elle se retira de sa famille en un endroit situé à l’Est,", "german": " Erzähle, was in diesem Buch über Maria steht. Da sie sich zurückzog von den Ihren nach einem gen Osten gewandten Ort,", "spanish": " Y relata la historia de María tal como se menciona en el Libro. Cuando se retiró de sus gentes a un lugar situado al Este;", "urdu": " اور تو (اس) کتاب میں مریم کا (جو) ذکر (آتا ہے اسے) بیان کر (خصوصاً اس بات کو کہ) جب وہ اپنے رشتہ داروں سے مشرقی (جانب ایک) جگہ چلی گئی۔"}, {"arabic": " فَاتَّخَذَتۡ مِنۡ دُوۡنِہِمۡ حِجَابًا ۪۟ فَاَرۡسَلۡنَاۤ اِلَیۡہَا رُوۡحَنَا فَتَمَثَّلَ لَہَا بَشَرًا سَوِیًّا ﴿۱۸﴾", "english": " And screened herself off from them, then We sent Our angel to her, and he appeared to her in the form of a perfect man.", "french": " Et se cacha à leurs regards. Alors Nous lui avons envoyé Notre ange, et il lui apparut sous la forme d’un homme parfait.", "german": " und sich vor ihnen barg im Schleier, da sandten Wir Unseren Geist zu ihr, und er erschien ihr in Gestalt eines vollkommenen Menschen.", "spanish": " Y se ocultó de ellos con un velo, entonces le enviamos a Nuestro ángel y se le apareció en forma de hombre perfecto.", "urdu": " اور (اپنے اور) ان (یعنی رشتہ داروں) کے درمیان پردہ ڈال دیا۔ (یعنی ان سے قطع تعلق کرکے اپنے آپ کو چھپا دیا) اس وقت ہم نے اس کی طرف اپنا کلام لانے والا فرشتہ (یعنی جبرائیل) بھیجا اور وہ اس کے سامنے ایک تندرست بشر کی شکل میں ظاہر ہوا۔"}, {"arabic": " قَالَتۡ اِنِّیۡۤ اَعُوۡذُ بِالرَّحۡمٰنِ مِنۡکَ اِنۡ کُنۡتَ تَقِیًّا ﴿۱۹﴾", "english": " She said, ‘I seek refuge with the Gracious God from thee if indeed thou dost fear Him .’", "french": " Elle dit : « Je cherche refuge contre toi auprès du Dieu Gracieux si vraiment tu Le crains. »", "german": " Sie sprach: \"Ich nehme meine Zuflucht vor dir bei dem Allerbarmer; (lass ab von mir) wenn du Gottesfurcht hast.\"", "spanish": " Le dijo: “Busco refugio contra ti en el Dios Misericordioso si es que en verdad Le temes”.", "urdu": " (مریم نے اس سے) کہا‘ میں تجھ سے رحمان خدا کی پناہ مانگتی ہوں‘ اگر تیرے اندر کچھ بھی تقویٰ ہے۔"}, {"arabic": " قَالَ اِنَّمَاۤ اَنَا رَسُوۡلُ رَبِّکِ ٭ۖ لِاَہَبَ لَکِ غُلٰمًا زَکِیًّا ﴿۲۰﴾", "english": " He replied, ‘I am only a Messenger of thy Lord, that I may bestow on thee a righteous son.’", "french": " Il répondit : « Je ne suis qu’un messager de ton Seigneur, afin de te donner la bonne nouvelle d’ un fils vertueux. »", "german": " Er antwortete: \"Ich bin nur ein Gesandter deines Herrn, auf dass ich dir einen reinen Sohn beschere.\"", "spanish": " Él respondió: “No soy más que un Mensajero de tu Señor, para concederte un hijo justo”.", "urdu": " (اس پر اس فرشتہ نے) کہا۔ میں تو صرف تیرے رب کا بھیجا ہوا پیغامبر ہوں تا کہ میں تجھے (وحی کے مطابق) ایک پاک لڑکا دوں (جو جوانی کی عمر تک پہنچے گا)۔"}, {"arabic": " قَالَتۡ اَنّٰی یَکُوۡنُ لِیۡ غُلٰمٌ وَّ لَمۡ یَمۡسَسۡنِیۡ بَشَرٌ وَّ لَمۡ اَکُ بَغِیًّا ﴿۲۱﴾", "english": " She said, ‘How can I have a son when no man has touched me, neither have I been unchaste?’", "french": " Elle dit : « Comment puis-je avoir un fils quand aucun homme ne m’a touchée, et que je n’ai pas été impudique non plus ? »", "german": " Sie sprach: \"Wie soll mir ein Sohn werden, wo mich kein Mann berührt hat und ich auch nicht unkeusch gewesen bin?\"", "spanish": " Ella dijo: “¿Cómo podría tener un hijo si ningún hombre me ha tocado, ni he perdido nunca la castidad?”.", "urdu": " (مریم نے) کہا۔ میرے ہاں لڑکا کہاں سے ہوگا۔ حالانکہ اب تک مجھے کسی مرد نے نہیں چھؤا۔ اور میں کبھی بدکاری میں مبتلا نہیں ہوئی۔"}, {"arabic": " قَالَ کَذٰلِکِ ۚ قَالَ رَبُّکِ ہُوَ عَلَیَّ ہَیِّنٌ ۚ وَ لِنَجۡعَلَہٗۤ اٰیَۃً لِّلنَّاسِ وَ رَحۡمَۃً مِّنَّا ۚ وَ کَانَ اَمۡرًا مَّقۡضِیًّا ﴿۲۲﴾", "english": " He replied, ‘Thus it is.’ But says thy Lord, ‘It is easy for Me; and We shall do so that We may make him a Sign unto men, and a mercy from Us, and it is a thing decreed.’", "french": " Il dit : « Il en est ainsi. » Mais ton Seigneur dit : « Cela M’est facile ; et Nous ferons ainsi pour que Nous puissions faire de lui un signe pour les hommes, et une miséricorde de Notre part, et c’est une chose décrétée. »", "german": " Er antwortete: «So ist´s; dein Herr aber spricht: \"Es ist Mir ein leichtes und (Wir tun dies) auf dass Wir ihn zu einem Zeichen machen für die Menschen und zu einer Barmherzigkeit von Uns, und es ist eine beschlossene Sache.\"»", "spanish": " Él respondió: “Así es”. Pero dice tu Señor: “Es fácil para Mí; y lo haremos así para que lo convirtamos en un Signo para los hombres, y en una misericordia Nuestra, pues es algo decidido”.", "urdu": " (فرشتہ نے) کہا (بات) اسی طرح ہے (جس طرح تو نے کہی‘ مگر) تیرے رب نے یہ کہا ہے کہ یہ (کام) مجھ پر آسان ہے اور (ہم اس لیے یہ لڑکا پیدا کریں گے) تا کہ اسے لوگوں کے لئے ایک نشان بنائیں اور اپنی طرف سے رحمت (کا موجب بھی بنائیں) اور یہ (امر) ہماری تقدیر میں طے ہو چکا ہے۔"}, {"arabic": " فَحَمَلَتۡہُ فَانۡتَبَذَتۡ بِہٖ مَکَانًا قَصِیًّا ﴿۲۳﴾", "english": " So she conceived him, and withdrew with him to a remote place.", "french": " Ainsi elle le conçut et se retira avec lui dans un endroit éloigné.", "german": " Und sie empfing ihn und zog sich mit ihm an einen entlegenen Ort zurück.", "spanish": " Así pues, ella lo concibió, y se retiró con él a un lugar apartado.", "urdu": " اس پر مریم نے (اپنے پیٹ میں) اس (بچہ) کو اٹھا لیا اور پھر اس کو لے کر ایک دور مکان کی طرف چلی گئی۔"}, {"arabic": " فَاَجَآءَہَا الۡمَخَاضُ اِلٰی جِذۡعِ النَّخۡلَۃِ ۚ قَالَتۡ یٰلَیۡتَنِیۡ مِتُّ قَبۡلَ ہٰذَا وَ کُنۡتُ نَسۡیًا مَّنۡسِیًّا ﴿۲۴﴾", "english": " And the pains of childbirth drove her unto the trunk of a palm-tree. She said, ‘O! would that I had died before this and had become a thing quite forgotten!’", "french": " Et les douleurs de l’enfantement l’amenèrent jusqu’au tronc d’un dattier. Elle s'écria : « Malheur à moi ! Que je fusse morte avant ceci et que je fusse devenue une chose complètement oubliée ! »", "german": " Und die Wehen der Geburt trieben sie zum Stamm einer Dattelpalme. Sie sprach: \"O wäre ich doch zuvor gestorben und wäre ganz und gar vergessen!\"", "spanish": " Los dolores del parto la llevaron hasta el tronco de una palmera. Ella dijo: “¡Oh!”, ojalá hubiera muerto antes de esto y me hubiera convertido en una cosa totalmente olvidada!”.", "urdu": " پس (جب وہ وہاں پہنچی تو) اسے درد زہ (اٹھی اور اسے) مجبور کرکے ایک کھجور کے تنے کی طرف لے گئی (جب مریم کو یقین ہو گیا کہ اس کے ہاں بچہ ہونے والا ہے تو اس نے دنیا کی انگشت نمائی کا خیال کرکے) کہا۔ اے کاش! میں اس سے پہلے مر جاتی اور میری یاد مٹا دی جاتی۔"}, {"arabic": " فَنَادٰٮہَا مِنۡ تَحۡتِہَاۤ اَلَّا تَحۡزَنِیۡ قَدۡ جَعَلَ رَبُّکِ تَحۡتَکِ سَرِیًّا ﴿۲۵﴾", "english": " Then he called her from beneath her, saying , “Grieve not. Thy Lord has placed a rivulet below thee;", "french": " Alors, l’ange l’appela d’ un endroit situé en dessous d’elle, en disant : « Ne t’afflige pas. Ton Seigneur a placé un ruisseau plus bas en dessous de toi ;", "german": " Da rief es ihr von unten her zu: «Betrübe dich nicht. Dein Herr hat unter dir ein Bächlein fließen lassen;", "spanish": " Entonces él (el ángel) la llamó de debajo de ella, diciéndole: “No te aflijas. Tu Señor ha puesto un riachuelo a tus pies”;", "urdu": " پس (فرشتہ نے) اس کو نچلی جانب کی طرف سے پکار کر کہا کہ (اے عورت) غم نہ کر‘ اللہ نے تیری نچلی جانب ایک چشمہ بہایا ہوا ہے (اس کے پاس جا اور اپنی اور بچہ کی صفائی کر)۔"}, {"arabic": " وَ ہُزِّیۡۤ اِلَیۡکِ بِجِذۡعِ النَّخۡلَۃِ تُسٰقِطۡ عَلَیۡکِ رُطَبًا جَنِیًّا ﴿۫۲۶﴾", "english": " “And shake towards thyself the trunk of the palm-tree; it will cause fresh ripe dates to fall upon thee.", "french": "", "german": "", "spanish": "", "urdu": ""}, {"arabic": " یٰۤاُخۡتَ ہٰرُوۡنَ مَا کَانَ اَبُوۡکِ امۡرَ اَ سَوۡءٍ وَّ مَا کَانَتۡ اُمُّکِ بَغِیًّا ﴿ۖۚ۲۹﴾", "english": " ‘O sister of Aaron, thy father was not a wicked man nor was thy mother an unchaste woman!’", "french": " « Ô soeur d’Aaron, ton père n’était pas un méchant homme et ta mère n’était pas une femme impudique non plus ! »", "german": "", "spanish": " “¡Oh, hermana de Aarón, tu padre no fue un hombre malo ni tu madre una mujer impura!”.", "urdu": " اے ہارون کی بہن! تیرا باپ تو برا آدمی نہیں تھا‘ اور تیری ماں بھی بدکار نہیں تھی۔"}, {"arabic": " فَاَشَارَتۡ اِلَیۡہِ ؕ قَالُوۡا کَیۡفَ نُکَلِّمُ مَنۡ کَانَ فِی الۡمَہۡدِ صَبِیًّا ﴿۳۰﴾", "english": " Then she pointed to him. They said, ‘How can we talk to one who is a child in the cradle?’", "french": " Sur ce, elle le montra du doigt . Ils dirent : « Comment pouvons-nous parler à quelqu’un qui n’est qu’un enfant au berceau ? »", "german": " Da deutete sie auf ihn. Sie sprachen: \"Wie sollen wir zu einem reden, der ein Kind in der Wiege ist?\"", "spanish": " Entonces ella le señaló a él. Dijeron: “¿Cómo hablaremos a quien no es más que un niño en su cuna?”.", "urdu": " اس پر اس نے اس (بچہ) کی طرف اشارہ کیا‘ اس پر لوگوں نے کہا‘ ہم اس سے کس طرح باتیں کریں جو کہ (کل تک) پنگھوڑے میں بیٹھنے والا بچہ تھا۔"}, {"arabic": " قَالَ اِنِّیۡ عَبۡدُ اللّٰہِ ۟ؕ اٰتٰنِیَ الۡکِتٰبَ وَ جَعَلَنِیۡ نَبِیًّا ﴿ۙ۳۱﴾", "english": " He said, ‘I am a servant of Allah. He has given me the Book, and made me a Prophet;", "french": " Il dit : « En vérité, je suis le serviteur d’Allāh ; Il m’a donné le Livre, et Il a fait de moi un Prophète ;", "german": " Er sprach: \"Ich bin ein Diener Allahs, Er hat mir das Buch gegeben und mich zu einem Propheten gemacht;</span> </div> </div> <div class=\"row links\" style=\"margin-top:10px;\"> <div class=\"col-lg-12 center\"> <font size=\"-1\" style=\"font-family:Arial, Helvetica, sans-serif; color: #777\"> Read: <a target=\"_blank\" href=\"/quran/tafseer/?verse=19:31&region=E1&CR=E3,E2\" title=\"English Translation with Detailed Commentary with Meanings of Some Key Words\">Detailed English Commentary</a> | <a href=\"/quran/tafseer/?verse=19:31&region=TS&CR=UR,P1,H1,T1\" title=\"Urdu Tafseer-e-Saghir alongwith other Tafaseer\" target=\"_blank\">Urdu Tafaseer <font style=\"font-family: 'Jameel Noori Nastaleeq', -apple-system, BlinkMacSystemFont, 'Urdu Naskh Asiatype', 'Nafees Web Naskh';\">اردو تفاسیر</font></a> </font> </div></div> <hr size='1'> <div class=\"row\" id=\"Arabic32\" class='indopak' style=\"padding: 5px\"> <div class=\"col-lg-1\"> <a name=\"Arabic32\"></a> <font color=\"#939598\" style=\"font-size:1.1em\"> [<a href='/quran/19:32' style='text-decoration:underline'>19:32</a>]</font> </div> <div class=\"col-lg-1\"> <button onclick=\"aud_play_pause(32)\"><i class=\"fa fa-play\" style=\"color: #777\" aria-hidden=\"true\" id=\"control32\"></i></button> <audio id=\"player32\" class=\"audioplayer\" /> </div><div class=\"col-lg-10\" align=\"right\" dir=\"rtl\"></div> </div> <div class=\"row\"> <div class=\"col-lg-12\" align=\"right\" dir=\"rtl\"> <p class=\"arabicverse\">وَّ جَعَلَنِیۡ مُبٰرَکًا اَیۡنَ مَا کُنۡتُ ۪ وَ اَوۡصٰنِیۡ بِالصَّلٰوۃِ وَ الزَّکٰوۃِ مَا دُمۡتُ حَیًّا ﴿۪ۖ۳۲﴾</p> </div> </div> <div class=\"row english\" align=\"left\" dir=\"ltr\" style=\"margin-top:10px\"> <div class=\"col-lg-12\"> <span class=\"translationheading\">English</span><br> <span class=\"translationtext\">‘And He has made me blessed wheresoever I may be, and has enjoined upon me Prayer and almsgiving so long as I live;</span> </div> </div> <div class=\"row english2\" align=\"left\" dir=\"ltr\" style=\"display:none; margin-top:10px\"> <div class=\"col-lg-12\"> <span class=\"translationheading\">English Short Commentary</span><br> <span class=\"translationtext\"> ‘And He has made me blessed wheresoever I may be, and has enjoined upon me Prayer and almsgiving so long as I live; </span> </div> </div> <div class=\"row urdu\" align=\"right\" dir=\"rtl\" style=\"margin-top:10px\"> <div class=\"col-lg-12\"> <span class=\"translationheading\">اُردو</span><br> <span class=\"urdutarjma\">نیز مجھے مبارک بنا دیا ہے جہاں کہیں میں ہوں اور مجھے نماز کی اور زکوٰۃ کی تلقین کی ہے جب تک میں زندہ رہوں۔</span> </div> </div> <div class=\"row urdu2\" align=\"right\" dir=\"rtl\" style=\"display:none; margin-top:10px\"> <div class=\"col-lg-12\"> <span class=\"translationheading\">اُردو تفسیر صغیر</span><br> <span class=\"urdutarjma\">اور میں جہاں کہیں بھی ہوں اس نے مجھے بابرکت (وجود) بنایا ہے اور جب تک میں زندہ ہوں مجھے نماز اور زکٰوۃ کی تاکید کی ہے۔ </span> </div> </div> <div class=\"row french\" align=\"left\" dir=\"ltr\" style=\"display:none; margin-top:10px\"> <div class=\"col-lg-12\"> <span class=\"translationheading\">Français</span><br> <span class=\"translationtext\">Et Il m’a béni où que je puisse être ; et Il m’a enjoint la Prière et l’aumône tant que je vivrai ;</span> </div> </div> <div class=\"row spanish\" align=\"left\" dir=\"ltr\" style=\"display:none; margin-top:10px\"> <div class=\"col-lg-12\"> <span class=\"translationheading\">Español</span><br> <span class=\"translationtext\">“Él me ha hecho bendito dondequiera que me encuentre, y me ha prescrito la Oración y la limosna mientras viva”;</span> </div> </div> <div class=\"row german\" align=\"left\" dir=\"ltr\" style=\"display:none; margin-top:10px\"> <div class=\"col-lg-12\"> <span class=\"translationheading\">Deutsch</span><br> <span class=\"translationtext\">Er machte mich gesegnet, wo ich auch sein mag, und Er befahl mir Gebet und Almosen, solange ich lebe;</span> </div> </div> <div class=\"row links\" style=\"margin-top:10px;\"> <div class=\"col-lg-12 center\"> <font size=\"-1\" style=\"font-family:Arial, Helvetica, sans-serif; color: #777\"> Read: <a target=\"_blank\" href=\"/quran/tafseer/?verse=19:32&region=E1&CR=E3,E2\" title=\"English Translation with Detailed Commentary with Meanings of Some Key Words\">Detailed English Commentary</a> | <a href=\"/quran/tafseer/?verse=19:32&region=TS&CR=UR,P1,H1,T1\" title=\"Urdu Tafseer-e-Saghir alongwith other Tafaseer\" target=\"_blank\">Urdu Tafaseer <font style=\"font-family: 'Jameel Noori Nastaleeq', -apple-system, BlinkMacSystemFont, 'Urdu Naskh Asiatype', 'Nafees Web Naskh';\">اردو تفاسیر</font></a> </font> </div></div> <hr size='1'> <div class=\"row\" id=\"Arabic33\" class='indopak' style=\"padding: 5px\"> <div class=\"col-lg-1\"> <a name=\"Arabic33\"></a> <font color=\"#939598\" style=\"font-size:1.1em\"> [<a href='/quran/19:33' style='text-decoration:underline'>19:33</a>]</font> </div> <div class=\"col-lg-1\"> <button onclick=\"aud_play_pause(33)\"><i class=\"fa fa-play\" style=\"color: #777\" aria-hidden=\"true\" id=\"control33\"></i></button> <audio id=\"player33\" class=\"audioplayer\" /> </div><div class=\"col-lg-10\" align=\"right\" dir=\"rtl\"></div> </div> <div class=\"row\"> <div class=\"col-lg-12\" align=\"right\" dir=\"rtl\"> <p class=\"arabicverse\">وَّ بَرًّۢا بِوَالِدَتِیۡ ۫ وَ لَمۡ یَجۡعَلۡنِیۡ جَبَّارًا شَقِیًّا ﴿۳۳﴾ </p> </div> </div> <div class=\"row english\" align=\"left\" dir=\"ltr\" style=\"margin-top:10px\"> <div class=\"col-lg-12\"> <span class=\"translationheading\">English</span><br> <span class=\"translationtext\">‘And <em>He has made me </em>dutiful toward my mother, and He has not made me haughty <em>and </em>unblessed.</span> </div> </div> <div class=\"row english2\" align=\"left\" dir=\"ltr\" style=\"display:none; margin-top:10px\"> <div class=\"col-lg-12\"> <span class=\"translationheading\">English Short Commentary</span><br> <span class=\"translationtext\"> ‘And <i>He has made me </i><sup class='ref'>[<a class='ref' data-id='ref_19_33_a' href='#'>a</a>]</sup>dutiful towards my mother, and has not made me arrogant <i>and </i>graceless;<sup class='ref'>[<a class='ref' data-id='ref_19_33_1766' href='#'>1766</a>]</sup> <div class=\"footnote\"> <span class='collapsible plus' data-id='ref_19_33_a'>a</span><span class='collapsible plus' data-id='ref_19_33_1766'>1766</span></div> <div><div class='reference' data-id='ref_19_33_a' style='display:none'> <p><b>a.</b> <a href='/quran/19:15' target=_blank>19:15</a>. (<a href='javascript:void(0)' data-id='ref_19_33_a' class='ref'>close</a>)</p> </div> </div><div><a name='1766'></a><div class='reference' data-id='ref_19_33_1766' style='display:none'> <p><b>1766.</b> The talk which Jesus gave to the elders of the Jews and which is contained in these verses (31-34) could not possibly be the talk of a child. All these affirmations from the lips of a child sound like so many lies; and who would call these lies a miracle? Jesus was neither a Prophet at that time, nor did he say Prayer or give <i>Zakat </i>or was given a Book. Moreover, in <a href='/quran/3:47' target=_blank>3:47</a> this miracle is mentioned as Jesus having spoken to the people in the cradle and when of middle age. But talk by a man in middle age is no miracle; and by joining the word 'cradle' with the words 'of middle age,' the Qur’an implies that the talk of Jesus in 'the cradle' and when he was 'of middle age' was no miracle in the sense in which it is popularly understood, but that it was a miracle in the sense that he spoke words of exceptional wisdom and intelligence in childhood as well as in middle age. The joining of these two sets of words also implied a prophecy that Jesus would not die young but would live up to a ripe old age. The prophecy did constitute a real miracle. But if the word <i>Mahd </i>is taken in the sense of 'period of preparation' which is also one of the meanings of this word, then verse (<a href='/quran/3:47' target=_blank>3:47</a>) would mean that Jesus would speak to people words full of extraordinary wisdom and spiritual knowledge much beyond his years and experience, both in the period of preparation which is youth and in his middle age. (<a href='javascript:void(0)' data-id='ref_19_33_1766' class='ref'>close</a>)</p> </div> </div> </span> </div> </div> <div class=\"row urdu\" align=\"right\" dir=\"rtl\" style=\"margin-top:10px\"> <div class=\"col-lg-12\"> <span class=\"translationheading\">اُردو</span><br> <span class=\"urdutarjma\">اور اپنی ماں سے حسن سلوک کرنے والا (بنایا) اور مجھے سخت گیر اور سخت دل نہیں بنایا۔</span> </div> </div> <div class=\"row urdu2\" align=\"right\" dir=\"rtl\" style=\"display:none; margin-top:10px\"> <div class=\"col-lg-12\"> <span class=\"translationheading\">اُردو تفسیر صغیر</span><br> <span class=\"urdutarjma\">اور مجھے اپنی والدہ سے نیک سلوک کرنے والا بنایا ہے اور مجھے ظالم اور بدبخت نہیں بنایا۔ </span> </div> </div> <div class=\"row french\" align=\"left\" dir=\"ltr\" style=\"display:none; margin-top:10px\"> <div class=\"col-lg-12\"> <span class=\"translationheading\">Français</span><br> <span class=\"translationtext\">Et <em>Il m’a rendu</em> respectueux envers ma mère, et Il ne m’a pas rendu hautain <em>et</em> non-béni ;</span> </div> </div> <div class=\"row spanish\" align=\"left\" dir=\"ltr\" style=\"display:none; margin-top:10px\"> <div class=\"col-lg-12\"> <span class=\"translationheading\">Español</span><br> <span class=\"translationtext\">“<em>Me ha hecho</em> piadoso para con mi madre, y no me ha hecho soberbio<em> ni</em> desafortunado”;</span> </div> </div> <div class=\"row german\" align=\"left\" dir=\"ltr\" style=\"display:none; margin-top:10px\"> <div class=\"col-lg-12\"> <span class=\"translationheading\">Deutsch</span><br> <span class=\"translationtext\">und (Er machte mich) ehrerbietig gegen meine Mutter; Er hat mich nicht hochfahrend, elend gemacht.</span> </div> </div> <div class=\"row links\" style=\"margin-top:10px;\"> <div class=\"col-lg-12 center\"> <font size=\"-1\" style=\"font-family:Arial, Helvetica, sans-serif; color: #777\"> Read: <a target=\"_blank\" href=\"/quran/tafseer/?verse=19:33&region=E1&CR=E3,E2\" title=\"English Translation with Detailed Commentary with Meanings of Some Key Words\">Detailed English Commentary</a> | <a href=\"/quran/tafseer/?verse=19:33&region=TS&CR=UR,P1,H1,T1\" title=\"Urdu Tafseer-e-Saghir alongwith other Tafaseer\" target=\"_blank\">Urdu Tafaseer <font style=\"font-family: 'Jameel Noori Nastaleeq', -apple-system, BlinkMacSystemFont, 'Urdu Naskh Asiatype', 'Nafees Web Naskh';\">اردو تفاسیر</font></a> </font> </div></div> <hr size='1'> <div class=\"row\" id=\"Arabic34\" class='indopak' style=\"padding: 5px\"> <div class=\"col-lg-1\"> <a name=\"Arabic34\"></a> <font color=\"#939598\" style=\"font-size:1.1em\"> [<a href='/quran/19:34' style='text-decoration:underline'>19:34</a>]</font> </div> <div class=\"col-lg-1\"> <button onclick=\"aud_play_pause(34)\"><i class=\"fa fa-play\" style=\"color: #777\" aria-hidden=\"true\" id=\"control34\"></i></button> <audio id=\"player34\" class=\"audioplayer\" /> </div><div class=\"col-lg-10\" align=\"right\" dir=\"rtl\"></div> </div> <div class=\"row\"> <div class=\"col-lg-12\" align=\"right\" dir=\"rtl\"> <p class=\"arabicverse\">وَ السَّلٰمُ عَلَیَّ یَوۡمَ وُلِدۡتُّ وَ یَوۡمَ اَمُوۡتُ وَ یَوۡمَ اُبۡعَثُ حَیًّا ﴿۳۴﴾ </p> </div> </div> <div class=\"row english\" align=\"left\" dir=\"ltr\" style=\"margin-top:10px\"> <div class=\"col-lg-12\"> <span class=\"translationheading\">English</span><br> <span class=\"translationtext\">‘And peace was on me the day I was born, and <I>peace there will be on me </I>the day I shall die, and the day I shall be raised up to life <em>again</em>.’</span> </div> </div> <div class=\"row english2\" align=\"left\" dir=\"ltr\" style=\"display:none; margin-top:10px\"> <div class=\"col-lg-12\"> <span class=\"translationheading\">English Short Commentary</span><br> <span class=\"translationtext\"> ‘And peace was on me <sup class='ref'>[<a class='ref' data-id='ref_19_34_b' href='#'>b</a>]</sup>the day I was born, and <i>peace will be on me </i>the day I shall die, and the day I shall be raised up to life <i>again</i>.’ <div class=\"footnote\"> <span class='collapsible plus' data-id='ref_19_34_b'>b</span></div> <div><div class='reference' data-id='ref_19_34_b' style='display:none'> <p><b>b.</b> <a href='/quran/19:16' target=_blank>19:16</a>. (<a href='javascript:void(0)' data-id='ref_19_34_b' class='ref'>close</a>)</p> </div> </div> </span> </div> </div> <div class=\"row urdu\" align=\"right\" dir=\"rtl\" style=\"margin-top:10px\"> <div class=\"col-lg-12\"> <span class=\"translationheading\">اُردو</span><br> <span class=\"urdutarjma\">اور سلامتی ہے مجھ پر جس دن مجھے جنم دیا گیا اور جس دن میں مروں گا اور جس دن میں زندہ کرکے مبعوث کیا جاؤں گا۔</span> </div> </div> <div class=\"row urdu2\" align=\"right\" dir=\"rtl\" style=\"display:none; margin-top:10px\"> <div class=\"col-lg-12\"> <span class=\"translationheading\">اُردو تفسیر صغیر</span><br> <span class=\"urdutarjma\">اور جس دن میں پیدا ہوا تھا اس دن بھی مجھ پر سلامتی نازل ہوئی تھی اور جب میں مروں گا اور جب مجھے زندہ کرکے اٹھایا جائے گا (اس وقت بھی مجھ پر سلامتی نازل کی جائے گی) </span> </div> </div> <div class=\"row french\" align=\"left\" dir=\"ltr\" style=\"display:none; margin-top:10px\"> <div class=\"col-lg-12\"> <span class=\"translationheading\">Français</span><br> <span class=\"translationtext\">Et la paix était sur moi le jour où je suis né, et <em>la paix sera sur moi</em> le jour où je mourrai, et le jour où je serai ramené à la vie <em>de nouveau</em>. »</span> </div> </div> <div class=\"row spanish\" align=\"left\" dir=\"ltr\" style=\"display:none; margin-top:10px\"> <div class=\"col-lg-12\"> <span class=\"translationheading\">Español</span><br> <span class=\"translationtext\">“Y la paz fue conmigo el día en que nací, y la<em>paz seguirá conmigo</em> el día en que muera, y el día en que sea <em>de nuevo</em> devuelto a la vida”.</span> </div> </div> <div class=\"row german\" align=\"left\" dir=\"ltr\" style=\"display:none; margin-top:10px\"> <div class=\"col-lg-12\"> <span class=\"translationheading\">Deutsch</span><br> <span class=\"translationtext\">Friede war über mir am Tage, da ich geboren ward, und (Friede wird über mir sein) am Tage, da ich sterben werde, und am Tage, da ich wieder zum Leben erweckt werde.\"", "spanish": " Él dijo: “Soy siervo de Al-lah. Él me ha dado el Libro y me ha hecho Profeta”;", "urdu": " (یہ سن کر ابن مریم نے) کہا کہ میں اللہ کا بندہ ہوں اور اس نے مجھے کتاب بخشی ہے اور مجھے نبی بنایا ہے۔"}, {"arabic": " ذٰلِکَ عِیۡسَی ابۡنُ مَرۡیَمَ ۚ قَوۡلَ الۡحَقِّ الَّذِیۡ فِیۡہِ یَمۡتَرُوۡنَ ﴿۳۵﴾", "english": " Such was Jesus, son of Mary. This is a statement of the truth about which they doubt.", "french": " Tel était Jésus, fils de Marie . Ceci est une déclaration de la vérité à propos de laquelle ils ont des doutes.", "german": " So ist Jesus, Sohn der Maria – eine Aussage der Wahrheit, über die sie uneins sind.", "spanish": " Así era Jesús, el hijo de María. Ésta es una declaración de la verdad de la cual dudan.", "urdu": " (دیکھو) یہ (حقیقی) عیسیٰ ابن مریم ہے اور یہ (اس کا اصل) سچا واقعہ ہے جس میں وہ (لوگ) اختلاف کر رہے ہیں۔"}, {"arabic": " مَا کَانَ لِلّٰہِ اَنۡ یَّتَّخِذَ مِنۡ وَّلَدٍ ۙ سُبۡحٰنَہٗ ؕ اِذَا قَضٰۤی اَمۡرًا فَاِنَّمَا یَقُوۡلُ لَہٗ کُنۡ فَیَکُوۡنُ ﴿ؕ۳۶﴾", "english": " It does not befit the Majesty of Allah to take unto Himself a son. Holy is He. When He decrees a thing, He says to it, ‘Be!’, and it is.", "french": " Il ne convient pas à la majesté d ’Allāh qu’Il Se prenne un fils. Saint est-Il. Lorsqu’Il décrète une chose, Il lui dit : « Sois ! » et elle commence à être.", "german": " Es ziemt Allah nicht, Sich einen Sohn zuzugesellen. Heilig ist Er! Wenn Er ein Ding beschließt, so spricht Er nur zu ihm: \"Sei!\", und es ist.", "spanish": " No corresponde a la Majestad de Al-lah que tome para Él un hijo. Santo es Él. Cuando decreta algo, le dice: “¡Sé!”, y es.", "urdu": " خدا کی شان کے یہ خلاف ہے کہ وہ کوئی بیٹا بنائے۔ وہ اس بات سے پاک ہے وہ جب کبھی کسی بات کا فیصلہ کرتا ہے تو کہتا ہے (ایسا) ہوتا جائے تو ویسا ہی ہونے لگتا ہے (پھر اسے مدد کے لئے بیٹا بنانے کی کیا ضرورت ہے)"}, {"arabic": " وَ اِنَّ اللّٰہَ رَبِّیۡ وَ رَبُّکُمۡ فَاعۡبُدُوۡہُ ؕ ہٰذَا صِرَاطٌ مُّسۡتَقِیۡمٌ ﴿۳۷﴾", "english": " Said Jesus : ‘Surely, Allah is my Lord, and your Lord. So worship Him alone ; this is the right path.’", "french": " Jésus dit : « Assurément, Allāh est mon Seigneur et votre Seigneur. Donc adorez-Le Seul ; voilà un droit chemin. »", "german": " Wahrlich, Allah ist mein Herr und euer Herr. So dienet Ihm: das ist der gerade Weg.", "spanish": " Dijo Jesús: “En verdad, Al-lah es mi Señor y vuestro Señor. Adoradlo pues a Él sólo; éste es el camino recto”.", "urdu": " اور اللہ میرا بھی رب ہے اور تمہارا بھی رب ہے۔ اسی کی عبادت کرو یہی سیدھا راستہ ہے۔"}, {"arabic": " فَاخۡتَلَفَ الۡاَحۡزَابُ مِنۡۢ بَیۡنِہِمۡ ۚ فَوَیۡلٌ لِّلَّذِیۡنَ کَفَرُوۡا مِنۡ مَّشۡہَدِ یَوۡمٍ عَظِیۡمٍ ﴿۳۸﴾", "english": " But the parties differed among themselves; so woe to those who disbelieve because of the meeting of the great day.", "french": " Mais les parties différèrent entre elles ; alors, malheur à ceux qui refusent de croire, à cause de la rencontre d’un Jour Énorme.", "german": " Doch die Parteien wurden uneinig untereinander; wehe drum denen, die das Beisein am Großen Tag leugnen.", "spanish": " Pero los grupos discutieron entre sí; ¡Ay de quienes no creen a causa de la reunión del gran día!", "urdu": " مگر مختلف گروہوں نے آپس میں اختلاف کیا (اور سچائی کو چھوڑ دیا) پس جن لوگوں نے ایک بڑے دن میں حاضر ہونے کا انکار کیا ان پر عذاب نازل ہوگا۔"}, {"arabic": " اَسۡمِعۡ بِہِمۡ وَ اَبۡصِرۡ ۙ یَوۡمَ یَاۡتُوۡنَنَا لٰکِنِ الظّٰلِمُوۡنَ الۡیَوۡمَ فِیۡ ضَلٰلٍ مُّبِیۡنٍ ﴿۳۹﴾", "english": " How wonderful will their hearing and seeing be on the day when they will come to Us! But today the wrongdoers are in manifest error.", "french": " Comme leur ouïe et leur vue seront merveilleuses le jour où ils viendront à Nous ! Mais aujourd’hui les injustes sont dans une erreur manifeste.", "german": " Wie wunderbar wird ihr Hören und Sehen sein an dem Tage, wo sie zu Uns kommen werden! Heute aber sind die Frevler in offenbarem Irrtum.", "spanish": " ¡Qué maravillosa será su audición y su visión el día en que comparezcan ante Nosotros! Pero hoy los inicuos se encuentran en error manifiesto.", "urdu": " جس دن وہ ہمارے حضور میں حاضر ہونگے اس دن ان کی قوت شنوائی بہت تیز ہوگی اور نظریں بھی بہت تیز ہونگی لیکن وہ ظالم آج بہت بھاری گمراہی میں مبتلا ہیں۔"}, {"arabic": " وَ اَنۡذِرۡہُمۡ یَوۡمَ الۡحَسۡرَۃِ اِذۡ قُضِیَ الۡاَمۡرُ ۘ وَ ہُمۡ فِیۡ غَفۡلَۃٍ وَّ ہُمۡ لَا یُؤۡمِنُوۡنَ ﴿۴۰﴾", "english": " And warn them of the day of grief when the matter will be decided. But now they are in a state of carelessness, so they do not believe.", "french": " Et avertis-les du jour du regret quand le verdict sera rendu. Mais maintenant ils sont dans un état d’ insouciance ; aussi ils ne croient pas.", "german": " Und warne sie vor dem Tag der Trauer, wenn der Spruch gefällt werden wird. Jetzt sind sie in Sorglosigkeit, daher glauben sie nicht.", "spanish": " Adviérteles del día del lamento, cuando se decida la cuestión. Aunque ahora están en estado de indiferencia, por lo que no creen.", "urdu": " اور ان کو اس دن سے ڈرا جس دن (افسوس اور) مایوسی چھائی ہوئی ہوگی (یعنی قیامت کے دن سے) جب سب معاملات کا فیصلہ ہو جائے گا اور (اب تو) یہ لوگ غفلت میں (پڑے ہوئے) ہیں اور ایمان نہیں لاتے۔"}, {"arabic": " اِنَّا نَحۡنُ نَرِثُ الۡاَرۡضَ وَ مَنۡ عَلَیۡہَا وَ اِلَیۡنَا یُرۡجَعُوۡنَ ﴿٪۴۱﴾", "english": " It is We Who will inherit the earth and all who are thereon; and to Us will they all be returned.", "french": " C’est Nous Qui hériterons de la terre et de tous ceux qui sont dessus ; et c’est à Nous qu’ils seront tous ramenés.", "german": " Wir Selbst werden die Erde erben und alle, die auf ihr sind; und zu Uns werden sie zurückgebracht.", "spanish": " Somos Nosotros quienes heredaremos la tierra y a todos quienes estén en ella; y a Nosotros serán todos ellos devueltos.", "urdu": " ہم یقیناً (ساری) زمین کے بھی وارث ہونگے اور ان لوگوں کے بھی جو اس پر رہتے ہیں اور (آخرکار) سب لوگ ہماری طرف ہی لوٹا کر لائے جائیں گے۔"}, {"arabic": " وَ اذۡکُرۡ فِی الۡکِتٰبِ اِبۡرٰہِیۡمَ ۬ؕ اِنَّہٗ کَانَ صِدِّیۡقًا نَّبِیًّا ﴿۴۲﴾", "english": " And relate the story of Abraham as mentioned in the Book. He was a truthful man and a Prophet.", "french": " Et fais mention d’Abraham comme c’est dans le Livre. Il était un homme véridique et un Prophète.", "german": " Erzähle, was in diesem Buch über Abraham steht. Er war ein Mann der Wahrheit, ein Prophet.", "spanish": " Nárrales la historia de Abraham como se menciona en el Libro. Fue un hombre veraz y un Profeta.", "urdu": " اور تو قرآن کریم کے رو سے ابراہیم کا ذکر کر۔ وہ یقیناً بڑا راستباز تھا اور نبی تھا۔"}, {"arabic": " اِذۡ قَالَ لِاَبِیۡہِ یٰۤاَبَتِ لِمَ تَعۡبُدُ مَا لَا یَسۡمَعُ وَ لَا یُبۡصِرُ وَ لَا یُغۡنِیۡ عَنۡکَ شَیۡئًا ﴿۴۳﴾", "english": " When he said to his father, ‘O my father, why dost thou worship that which hears not, nor sees, nor can avail thee aught?", "french": " Quand il dit à son père : « Ô mon père, pourquoi adores-tu ce qui ni entend ni ne voit, et ne peut te profiter en rien ?", "german": " Da er zu seinem Vater sprach: \"O mein Vater, warum verehrst du das, was nicht hört und nicht sieht und dir in nichts nützen kann?</span> </div> </div> <div class=\"row links\" style=\"margin-top:10px;\"> <div class=\"col-lg-12 center\"> <font size=\"-1\" style=\"font-family:Arial, Helvetica, sans-serif; color: #777\"> Read: <a target=\"_blank\" href=\"/quran/tafseer/?verse=19:43&region=E1&CR=E3,E2\" title=\"English Translation with Detailed Commentary with Meanings of Some Key Words\">Detailed English Commentary</a> | <a href=\"/quran/tafseer/?verse=19:43&region=TS&CR=UR,P1,H1,T1\" title=\"Urdu Tafseer-e-Saghir alongwith other Tafaseer\" target=\"_blank\">Urdu Tafaseer <font style=\"font-family: 'Jameel Noori Nastaleeq', -apple-system, BlinkMacSystemFont, 'Urdu Naskh Asiatype', 'Nafees Web Naskh';\">اردو تفاسیر</font></a> </font> </div></div> <hr size='1'> <div class=\"row\" id=\"Arabic44\" class='indopak' style=\"padding: 5px\"> <div class=\"col-lg-1\"> <a name=\"Arabic44\"></a> <font color=\"#939598\" style=\"font-size:1.1em\"> [<a href='/quran/19:44' style='text-decoration:underline'>19:44</a>]</font> </div> <div class=\"col-lg-1\"> <button onclick=\"aud_play_pause(44)\"><i class=\"fa fa-play\" style=\"color: #777\" aria-hidden=\"true\" id=\"control44\"></i></button> <audio id=\"player44\" class=\"audioplayer\" /> </div><div class=\"col-lg-10\" align=\"right\" dir=\"rtl\"></div> </div> <div class=\"row\"> <div class=\"col-lg-12\" align=\"right\" dir=\"rtl\"> <p class=\"arabicverse\">یٰۤاَبَتِ اِنِّیۡ قَدۡ جَآءَنِیۡ مِنَ الۡعِلۡمِ مَا لَمۡ یَاۡتِکَ فَاتَّبِعۡنِیۡۤ اَہۡدِکَ صِرَاطًا سَوِیًّا ﴿۴۴﴾ </p> </div> </div> <div class=\"row english\" align=\"left\" dir=\"ltr\" style=\"margin-top:10px\"> <div class=\"col-lg-12\"> <span class=\"translationheading\">English</span><br> <span class=\"translationtext\">‘O my father, there has indeed come to me knowledge such as has not come to thee; so follow me, I will guide thee to an even path.</span> </div> </div> <div class=\"row english2\" align=\"left\" dir=\"ltr\" style=\"display:none; margin-top:10px\"> <div class=\"col-lg-12\"> <span class=\"translationheading\">English Short Commentary</span><br> <span class=\"translationtext\"> ‘O my father, there has indeed come to me knowledge such as has not come to thee; so follow me, I will guide thee to a straight path; </span> </div> </div> <div class=\"row urdu\" align=\"right\" dir=\"rtl\" style=\"margin-top:10px\"> <div class=\"col-lg-12\"> <span class=\"translationheading\">اُردو</span><br> <span class=\"urdutarjma\">اے میرے باپ! یقیناً میرے پاس وہ علم آ چکا ہے جو تیرے پاس نہیں آیا۔ پس میری پیروی کر۔ میں ٹھیک راستے کی طرف تیری رہنمائی کروں گا۔</span> </div> </div> <div class=\"row urdu2\" align=\"right\" dir=\"rtl\" style=\"display:none; margin-top:10px\"> <div class=\"col-lg-12\"> <span class=\"translationheading\">اُردو تفسیر صغیر</span><br> <span class=\"urdutarjma\">اے میرے باپ! مجھے ایک خاص علم عطا کیا گیا ہے جو تجھے نہیں ملا۔ پس (باوجود اس کے کہ میں تیرا بیٹا ہوں) تو میری اتباع کر۔ میں تجھے سیدھا راستہ دکھاٶں گا۔ </span> </div> </div> <div class=\"row french\" align=\"left\" dir=\"ltr\" style=\"display:none; margin-top:10px\"> <div class=\"col-lg-12\"> <span class=\"translationheading\">Français</span><br> <span class=\"translationtext\">Ô mon père, en vérité, il m’est venu une connaissance qui ne t’est pas venue ; suis-moi donc, je te guiderai vers un chemin droit.</span> </div> </div> <div class=\"row spanish\" align=\"left\" dir=\"ltr\" style=\"display:none; margin-top:10px\"> <div class=\"col-lg-12\"> <span class=\"translationheading\">Español</span><br> <span class=\"translationtext\">“Oh, padre mío, en verdad ha llegado a mí un conocimiento que tú no has recibido; sígueme y te guiaré a un camino recto”;</span> </div> </div> <div class=\"row german\" align=\"left\" dir=\"ltr\" style=\"display:none; margin-top:10px\"> <div class=\"col-lg-12\"> <span class=\"translationheading\">Deutsch</span><br> <span class=\"translationtext\">O mein Vater, zu mir ist in Wahrheit eine Erkenntnis gekommen, die nicht zu dir kam; so folge mir, ich will dich auf den rechten Pfad leiten.</span> </div> </div> <div class=\"row links\" style=\"margin-top:10px;\"> <div class=\"col-lg-12 center\"> <font size=\"-1\" style=\"font-family:Arial, Helvetica, sans-serif; color: #777\"> Read: <a target=\"_blank\" href=\"/quran/tafseer/?verse=19:44&region=E1&CR=E3,E2\" title=\"English Translation with Detailed Commentary with Meanings of Some Key Words\">Detailed English Commentary</a> | <a href=\"/quran/tafseer/?verse=19:44&region=TS&CR=UR,P1,H1,T1\" title=\"Urdu Tafseer-e-Saghir alongwith other Tafaseer\" target=\"_blank\">Urdu Tafaseer <font style=\"font-family: 'Jameel Noori Nastaleeq', -apple-system, BlinkMacSystemFont, 'Urdu Naskh Asiatype', 'Nafees Web Naskh';\">اردو تفاسیر</font></a> </font> </div></div> <hr size='1'> <div class=\"row\" id=\"Arabic45\" class='indopak' style=\"padding: 5px\"> <div class=\"col-lg-1\"> <a name=\"Arabic45\"></a> <font color=\"#939598\" style=\"font-size:1.1em\"> [<a href='/quran/19:45' style='text-decoration:underline'>19:45</a>]</font> </div> <div class=\"col-lg-1\"> <button onclick=\"aud_play_pause(45)\"><i class=\"fa fa-play\" style=\"color: #777\" aria-hidden=\"true\" id=\"control45\"></i></button> <audio id=\"player45\" class=\"audioplayer\" /> </div><div class=\"col-lg-10\" align=\"right\" dir=\"rtl\"></div> </div> <div class=\"row\"> <div class=\"col-lg-12\" align=\"right\" dir=\"rtl\"> <p class=\"arabicverse\">یٰۤاَبَتِ لَا تَعۡبُدِ الشَّیۡطٰنَ ؕ اِنَّ الشَّیۡطٰنَ کَانَ لِلرَّحۡمٰنِ عَصِیًّا ﴿۴۵﴾ </p> </div> </div> <div class=\"row english\" align=\"left\" dir=\"ltr\" style=\"margin-top:10px\"> <div class=\"col-lg-12\"> <span class=\"translationheading\">English</span><br> <span class=\"translationtext\">‘O my father, serve not Satan; surely, Satan is a rebel against the Gracious <em>God.</em></span> </div> </div> <div class=\"row english2\" align=\"left\" dir=\"ltr\" style=\"display:none; margin-top:10px\"> <div class=\"col-lg-12\"> <span class=\"translationheading\">English Short Commentary</span><br> <span class=\"translationtext\"> ‘O my father, <sup class='ref'>[<a class='ref' data-id='ref_19_45_b' href='#'>b</a>]</sup>worship<sup class='ref'>[<a class='ref' data-id='ref_19_45_1774' href='#'>1774</a>]</sup> not Satan; surely Satan is a rebel against the Gracious <i>God</i>;<sup class='ref'>[<a class='ref' data-id='ref_19_45_1775' href='#'>1775</a>]</sup> <div class=\"footnote\"> <span class='collapsible plus' data-id='ref_19_45_b'>b</span><span class='collapsible plus' data-id='ref_19_45_1774'>1774</span><span class='collapsible plus' data-id='ref_19_45_1775'>1775</span></div> <div><div class='reference' data-id='ref_19_45_b' style='display:none'> <p><b>b.</b> <a href='/quran/6:143' target=_blank>6:143</a>; <a href='/quran/24:22' target=_blank>24:22</a>; <a href='/quran/36:61' target=_blank>36:61</a>. (<a href='javascript:void(0)' data-id='ref_19_45_b' class='ref'>close</a>)</p> </div> </div><div><a name='1774'></a><div class='reference' data-id='ref_19_45_1774' style='display:none'> <p><b>1774.</b> ‘<i>Ibadah </i>which is noun-infinitive from the verb ‘<i>Abada </i>does not consist only in prostrating before God or an idol, but also signifies blindly or unthinkingly following a person or accepting an idea or belief without subjecting it to sane and searching criticism. This latter significance of the word is clear from the verse itself because nobody has ever been seen to worship Satan in the sense that he prostrates before him and prays to him. (<a href='javascript:void(0)' data-id='ref_19_45_1774' class='ref'>close</a>)</p> </div> </div><div><a name='1775'></a><div class='reference' data-id='ref_19_45_1775' style='display:none'> <p><b>1775.</b> In this verse, in fact, in the whole <i>Surah</i>, <i>Shirk </i>(idolatry) has been repeatedly denounced and condemned in the strongest and most scathing terms and the Divine attribute <i>Ar-Rahman </i>(The Gracious) has also been mentioned again and again, because <i>Shirk </i>(idolatry) in every shape and form is the direct result of the denial of <i>Rahmaniyyah </i>(Divine Grace). (<a href='javascript:void(0)' data-id='ref_19_45_1775' class='ref'>close</a>)</p> </div> </div> </span> </div> </div> <div class=\"row urdu\" align=\"right\" dir=\"rtl\" style=\"margin-top:10px\"> <div class=\"col-lg-12\"> <span class=\"translationheading\">اُردو</span><br> <span class=\"urdutarjma\">اے میرے باپ! شیطان کی عبادت نہ کر۔ شیطان یقیناً رحمان کا نافرمان ہے۔</span> </div> </div> <div class=\"row urdu2\" align=\"right\" dir=\"rtl\" style=\"display:none; margin-top:10px\"> <div class=\"col-lg-12\"> <span class=\"translationheading\">اُردو تفسیر صغیر</span><br> <span class=\"urdutarjma\">اے میرے باپ! شیطان کی عبادت نہ کر‘ شیطان یقیناً خدائے رحمن کا نافرمان ہے۔ </span> </div> </div> <div class=\"row french\" align=\"left\" dir=\"ltr\" style=\"display:none; margin-top:10px\"> <div class=\"col-lg-12\"> <span class=\"translationheading\">Français</span><br> <span class=\"translationtext\">Ô mon père, n’adore pas Satan ; assurément Satan est un rebelle contre le <em>Dieu</em> Gracieux.</span> </div> </div> <div class=\"row spanish\" align=\"left\" dir=\"ltr\" style=\"display:none; margin-top:10px\"> <div class=\"col-lg-12\"> <span class=\"translationheading\">Español</span><br> <span class=\"translationtext\">“Oh, padre mío, no sirvas a Satanás; en verdad Satanás es rebelde contra el <em>Dios</em> Clemente”.</span> </div> </div> <div class=\"row german\" align=\"left\" dir=\"ltr\" style=\"display:none; margin-top:10px\"> <div class=\"col-lg-12\"> <span class=\"translationheading\">Deutsch</span><br> <span class=\"translationtext\">O mein Vater, diene nicht Satan, denn Satan ist ein Empörer wider den Allerbarmer.</span> </div> </div> <div class=\"row links\" style=\"margin-top:10px;\"> <div class=\"col-lg-12 center\"> <font size=\"-1\" style=\"font-family:Arial, Helvetica, sans-serif; color: #777\"> Read: <a target=\"_blank\" href=\"/quran/tafseer/?verse=19:45&region=E1&CR=E3,E2\" title=\"English Translation with Detailed Commentary with Meanings of Some Key Words\">Detailed English Commentary</a> | <a href=\"/quran/tafseer/?verse=19:45&region=TS&CR=UR,P1,H1,T1\" title=\"Urdu Tafseer-e-Saghir alongwith other Tafaseer\" target=\"_blank\">Urdu Tafaseer <font style=\"font-family: 'Jameel Noori Nastaleeq', -apple-system, BlinkMacSystemFont, 'Urdu Naskh Asiatype', 'Nafees Web Naskh';\">اردو تفاسیر</font></a> </font> </div></div> <hr size='1'> <div class=\"row\" id=\"Arabic46\" class='indopak' style=\"padding: 5px\"> <div class=\"col-lg-1\"> <a name=\"Arabic46\"></a> <font color=\"#939598\" style=\"font-size:1.1em\"> [<a href='/quran/19:46' style='text-decoration:underline'>19:46</a>]</font> </div> <div class=\"col-lg-1\"> <button onclick=\"aud_play_pause(46)\"><i class=\"fa fa-play\" style=\"color: #777\" aria-hidden=\"true\" id=\"control46\"></i></button> <audio id=\"player46\" class=\"audioplayer\" /> </div><div class=\"col-lg-10\" align=\"right\" dir=\"rtl\"></div> </div> <div class=\"row\"> <div class=\"col-lg-12\" align=\"right\" dir=\"rtl\"> <p class=\"arabicverse\">یٰۤاَبَتِ اِنِّیۡۤ اَخَافُ اَنۡ یَّمَسَّکَ عَذَابٌ مِّنَ الرَّحۡمٰنِ فَتَکُوۡنَ لِلشَّیۡطٰنِ وَلِیًّا ﴿۴۶﴾ </p> </div> </div> <div class=\"row english\" align=\"left\" dir=\"ltr\" style=\"margin-top:10px\"> <div class=\"col-lg-12\"> <span class=\"translationheading\">English</span><br> <span class=\"translationtext\">‘O my father, indeed, I fear lest a punishment from the Gracious <em>God</em> seize thee, and thou become a comrade of Satan.’</span> </div> </div> <div class=\"row english2\" align=\"left\" dir=\"ltr\" style=\"display:none; margin-top:10px\"> <div class=\"col-lg-12\"> <span class=\"translationheading\">English Short Commentary</span><br> <span class=\"translationtext\"> ‘O my father, indeed I fear lest a punishment from the Gracious <i>God </i>seize thee and thou become a friend of Satan.’ </span> </div> </div> <div class=\"row urdu\" align=\"right\" dir=\"rtl\" style=\"margin-top:10px\"> <div class=\"col-lg-12\"> <span class=\"translationheading\">اُردو</span><br> <span class=\"urdutarjma\">اے میرے باپ! یقیناً میں ڈرتا ہوں کہ رحمان کی طرف سے تجھے کوئی عذاب پہنچے۔ پس تُو (اُس وقت) شیطان کا دوست نکلے۔</span> </div> </div> <div class=\"row urdu2\" align=\"right\" dir=\"rtl\" style=\"display:none; margin-top:10px\"> <div class=\"col-lg-12\"> <span class=\"translationheading\">اُردو تفسیر صغیر</span><br> <span class=\"urdutarjma\">اے میرے باپ! میں ڈرتا ہوں کہ تجھے خدائے رحمن کی طرف سے (نافرمانی کی وجہ سے) کوئی عذاب نہ پہنچے‘ جس کے نتیجہ میں تو شیطان کا دوست ہوجائے۔ </span> </div> </div> <div class=\"row french\" align=\"left\" dir=\"ltr\" style=\"display:none; margin-top:10px\"> <div class=\"col-lg-12\"> <span class=\"translationheading\">Français</span><br> <span class=\"translationtext\">Ô mon père, en vérité, je crains qu’un châtiment du <em>Dieu</em> Gracieux ne te surprenne, et que tu ne deviennes un compagnon de Satan. »</span> </div> </div> <div class=\"row spanish\" align=\"left\" dir=\"ltr\" style=\"display:none; margin-top:10px\"> <div class=\"col-lg-12\"> <span class=\"translationheading\">Español</span><br> <span class=\"translationtext\">“Oh, padre mío, en verdad temo que caiga sobre ti un castigo del <em>Dios</em> Clemente, y que te conviertas en colega de Satanás”.</span> </div> </div> <div class=\"row german\" align=\"left\" dir=\"ltr\" style=\"display:none; margin-top:10px\"> <div class=\"col-lg-12\"> <span class=\"translationheading\">Deutsch</span><br> <span class=\"translationtext\">O mein Vater, siehe, ich fürchte, es möchte dich Strafe vom Allerbarmer treffen, und dann wirst du ein Freund Satans werden.\"", "spanish": " Cuando dijo a su padre: “Oh padre mío, ¿por qué adoras a lo que ni oye, ni ve, ni puede servirte de nada?”.", "urdu": " (اور تو اس وقت کو بھی یاد کر۔ اور لوگوں کے سامنے بیان کر) جب ابراہیم نے اپنے باپ سے کہا تھا کہ اے میرے باپ! تو کیوں ان چیزوں کی پرستش کرتا ہے جو نہ سنتی ہیں نہ دیکھتی ہیں اور نہ تیری کسی تکلیف کو دور کرنے پر قادر ہیں۔"}, {"arabic": " قَالَ اَرَاغِبٌ اَنۡتَ عَنۡ اٰلِہَتِیۡ یٰۤـاِبۡرٰہِیۡمُ ۚ لَئِنۡ لَّمۡ تَنۡتَہِ لَاَرۡجُمَنَّکَ وَ اہۡجُرۡنِیۡ مَلِیًّا ﴿۴۷﴾", "english": " He replied, ‘Dost thou turn away from my gods, O Abraham? If thou cease not, I shall surely cut off all relations with thee. Now leave me alone for a long while.’", "french": " Il répondit : « Ô Abraham, te détournes-tu de mes dieux ? Si tu ne cesses pas, assurément je te lapiderai. A présent laisse-moi tranquille pour bien longtemps. »", "german": " Er antwortete: \"Verlässest du meine Götter, o Abraham? Wenn du nicht aufhörst, so werde ich dich wahrlich steinigen. Verlasse mich auf lange Zeit.\"", "spanish": " Respondió: “¿Te alejas de mis dioses, Oh, Abraham? Si no desistes, en verdad cortaré todas las relaciones contigo. Ahora déjame solo durante mucho tiempo”.", "urdu": " اس پر (ابراہیم کے باپ نے) کہا‘ اے ابراہیم! کیا تو میرے معبودوں سے متنفر ہو رہا ہے؟ اے ابراہیم! اگر تو باز نہ آئے گا تو میں تجھے ضرور سنگسار کر دوں گا اور (بہتر ہے کہ) تو کچھ دیر کے لئے میری نظروں سے اوجھل ہو جا (تا کہ غصہ میں میں کچھ کر نہ بیٹھوں)"}, {"arabic": " قَالَ سَلٰمٌ عَلَیۡکَ ۚ سَاَسۡتَغۡفِرُ لَکَ رَبِّیۡ ؕ اِنَّہٗ کَانَ بِیۡ حَفِیًّا ﴿۴۸﴾", "english": " Abraham said, ‘Peace be on thee.’ I will ask forgiveness of my Lord for thee. He is indeed gracious to me.", "french": " Abraham dit : « Paix soit sur toi ! Je demanderai pour toi le pardon de mon Seigneur. Il est en vérité gracieux envers moi.", "german": " (Abraham) sprach: \"Friede sei auf dir! Ich will von meinem Herrn Vergebung für dich erflehen: Er ist gnädig gegen mich.</span> </div> </div> <div class=\"row links\" style=\"margin-top:10px;\"> <div class=\"col-lg-12 center\"> <font size=\"-1\" style=\"font-family:Arial, Helvetica, sans-serif; color: #777\"> Read: <a target=\"_blank\" href=\"/quran/tafseer/?verse=19:48&region=E1&CR=E3,E2\" title=\"English Translation with Detailed Commentary with Meanings of Some Key Words\">Detailed English Commentary</a> | <a href=\"/quran/tafseer/?verse=19:48&region=TS&CR=UR,P1,H1,T1\" title=\"Urdu Tafseer-e-Saghir alongwith other Tafaseer\" target=\"_blank\">Urdu Tafaseer <font style=\"font-family: 'Jameel Noori Nastaleeq', -apple-system, BlinkMacSystemFont, 'Urdu Naskh Asiatype', 'Nafees Web Naskh';\">اردو تفاسیر</font></a> </font> </div></div> <hr size='1'> <div class=\"row\" id=\"Arabic49\" class='indopak' style=\"padding: 5px\"> <div class=\"col-lg-1\"> <a name=\"Arabic49\"></a> <font color=\"#939598\" style=\"font-size:1.1em\"> [<a href='/quran/19:49' style='text-decoration:underline'>19:49</a>]</font> </div> <div class=\"col-lg-1\"> <button onclick=\"aud_play_pause(49)\"><i class=\"fa fa-play\" style=\"color: #777\" aria-hidden=\"true\" id=\"control49\"></i></button> <audio id=\"player49\" class=\"audioplayer\" /> </div><div class=\"col-lg-10\" align=\"right\" dir=\"rtl\"></div> </div> <div class=\"row\"> <div class=\"col-lg-12\" align=\"right\" dir=\"rtl\"> <p class=\"arabicverse\">وَ اَعۡتَزِلُکُمۡ وَ مَا تَدۡعُوۡنَ مِنۡ دُوۡنِ اللّٰہِ وَ اَدۡعُوۡا رَبِّیۡ ۫ۖ عَسٰۤی اَلَّاۤ اَکُوۡنَ بِدُعَآءِ رَبِّیۡ شَقِیًّا ﴿۴۹﴾ </p> </div> </div> <div class=\"row english\" align=\"left\" dir=\"ltr\" style=\"margin-top:10px\"> <div class=\"col-lg-12\"> <span class=\"translationheading\">English</span><br> <span class=\"translationtext\">‘And I shall keep away from you and from that which you call upon beside Allah; and I will pray unto my Lord; it may be that, in praying to my Lord, I shall not be disappointed.’</span> </div> </div> <div class=\"row english2\" align=\"left\" dir=\"ltr\" style=\"display:none; margin-top:10px\"> <div class=\"col-lg-12\"> <span class=\"translationheading\">English Short Commentary</span><br> <span class=\"translationtext\"> ‘And <sup class='ref'>[<a class='ref' data-id='ref_19_49_b' href='#'>b</a>]</sup>I shall keep away<sup class='ref'>[<a class='ref' data-id='ref_19_49_1777' href='#'>1777</a>]</sup> from you and from that which you call upon beside Allah; and I will pray unto my Lord. Maybe that in praying to my Lord I shall not be disappointed.’ <div class=\"footnote\"> <span class='collapsible plus' data-id='ref_19_49_b'>b</span><span class='collapsible plus' data-id='ref_19_49_1777'>1777</span></div> <div><div class='reference' data-id='ref_19_49_b' style='display:none'> <p><b>b.</b> <a href='/quran/29:27' target=_blank>29:27</a>. (<a href='javascript:void(0)' data-id='ref_19_49_b' class='ref'>close</a>)</p> </div> </div><div><a name='1777'></a><div class='reference' data-id='ref_19_49_1777' style='display:none'> <p><b>1777.</b> In this verse Abraham seems to be referring to his emigration to Canaan. He went from Iraq to Canaan and from there to Egypt. He left his father and people behind him in Iraq. (<a href='javascript:void(0)' data-id='ref_19_49_1777' class='ref'>close</a>)</p> </div> </div> </span> </div> </div> <div class=\"row urdu\" align=\"right\" dir=\"rtl\" style=\"margin-top:10px\"> <div class=\"col-lg-12\"> <span class=\"translationheading\">اُردو</span><br> <span class=\"urdutarjma\">اور میں تمہیں چھوڑ کر چلا جاؤں گا اور ان کو بھی جنہیں تم اللہ کے سوا پکارتے ہو۔ اور میں اپنے ربّ سے دعا کروں گا۔ عین ممکن ہے کہ میں اپنے ربّ سے دعا کرتے ہوئے بدنصیب نہ رہوں۔</span> </div> </div> <div class=\"row urdu2\" align=\"right\" dir=\"rtl\" style=\"display:none; margin-top:10px\"> <div class=\"col-lg-12\"> <span class=\"translationheading\">اُردو تفسیر صغیر</span><br> <span class=\"urdutarjma\">اور (اے باپ) میں تم کو اور جن (وجودوں) کو تم اللہ کے سوا پکارتے ہو سب کو چھوڑ دوں گا اور صرف اپنے رب کے حضور دعائیں مانگوں گا (اور) یقیناً میں اپنے رب کے حضور دعا کرنے کی وجہ سے بدنصیب نہیں بنوں گا۔ </span> </div> </div> <div class=\"row french\" align=\"left\" dir=\"ltr\" style=\"display:none; margin-top:10px\"> <div class=\"col-lg-12\"> <span class=\"translationheading\">Français</span><br> <span class=\"translationtext\">Et je me tiendrai éloigné de vous et de ce que vous invoquez en dehors d’Allāh ; et je prierai mon Seigneur ; il se peut qu’en priant mon Seigneur, je ne sois pas déçu. »</span> </div> </div> <div class=\"row spanish\" align=\"left\" dir=\"ltr\" style=\"display:none; margin-top:10px\"> <div class=\"col-lg-12\"> <span class=\"translationheading\">Español</span><br> <span class=\"translationtext\"><em> “</em>Y me mantendré alejado de ti y de aquello a lo que tú invocas en vez de Al-lah; y oraré a mi Señor; es posible que, orando a mi Señor, no me sienta frustrado”.</span> </div> </div> <div class=\"row german\" align=\"left\" dir=\"ltr\" style=\"display:none; margin-top:10px\"> <div class=\"col-lg-12\"> <span class=\"translationheading\">Deutsch</span><br> <span class=\"translationtext\">Und ich werde mich fernhalten von euch und von dem, was ihr statt Allah anruft; und ich will zu meinem Herrn beten; ich werde im Gebet zu meinem Herrn bestimmt nicht enttäuscht.\"", "spanish": " Abraham dijo: “La paz sea contigo. Pediré para ti el perdón de mi Señor. En verdad Él es Clemente conmigo”.", "urdu": " (اس پر ابراہیم نے) کہا اچھا میری طرف سے تجھ پر ہمیشہ سلامتی کی دعا پہنچتی رہے (یعنی میں تجھ سے الگ ہو جاتا ہوں) میں اپنے رب سے تیرے لئے ضرور مغفرت کی دعا کروں گا‘ وہ مجھ پر بہت ہی مہربان ہے۔"}], "Surah": 19}