{"Ayats": [{"arabic": " بِسۡمِ اللّٰہِ الرَّحۡمٰنِ الرَّحِیۡمِ﴿۱﴾", "english": " In the name of Allah, the Gracious, the Merciful.", "french": " Au nom d’Allāh, le Gracieux, le Miséricordieux.", "german": " Im Namen Allahs, des Gnädigen, des Barmherzigen.", "spanish": " En el nombre de Al-lah, el Clemente, el Misericordioso.", "urdu": " (میں) اللہ کا نام لے کر جو بے حد کرم کرنے والا (اور) باربار رحم کرنے والا ہے (پڑھتا ہوں)"}, {"arabic": " اِقۡرَاۡ بِاسۡمِ رَبِّکَ الَّذِیۡ خَلَقَ ۚ﴿۲﴾", "english": " Convey thou in the name of thy Lord Who created,", "french": " Récite au nom de ton Seigneur Qui a créé,", "german": " Lies im Namen deines Herrn, Der erschuf,", "spanish": " Recita en el nombre de tu Señor, que creó,", "urdu": " اپنے رب کا نام لے کر پڑھ‘ جس نے (سب اشیا کو) پیدا کیا۔"}, {"arabic": " خَلَقَ الۡاِنۡسَانَ مِنۡ عَلَقٍ ۚ﴿۳﴾", "english": " Created man from a clot of blood.", "french": " A créé l’homme d’un caillot adhérent.", "german": " erschuf den Menschen aus einem Klumpen Blut.", "spanish": " Creó l hombre de un coagulo adhesivo.", "urdu": " (اور جس نے) انسان کو ایک خون کے لوتھڑے سے پیدا کیا۔"}, {"arabic": " اِقۡرَاۡ وَ رَبُّکَ الۡاَکۡرَمُ ۙ﴿۴﴾", "english": " Convey! And thy Lord is Most Generous,", "french": " Récite ! Et ton Seigneur est le Plus Noble,", "german": " Lies! Und dein Herr ist der Allgütige,", "spanish": " ¡Recita! Pues tu Señor es el Más Noble,", "urdu": " (پھر ہم کہتے ہیں کہ قرآن کو) پڑھ کر سناتا رہ‘ کیونکہ تیرا رب بڑا کریم ہے۔"}, {"arabic": " الَّذِیۡ عَلَّمَ بِالۡقَلَمِ ۙ﴿۵﴾", "english": " Who taught man by the pen,", "french": " Qui a enseigné par la plume,", "german": " der (den Menschen) lehrte durch die Feder,", "spanish": " Quien enseñó con la pluma,", "urdu": " وہ رب جس نے قلم کے ساتھ علم سکھایا (ہے اور آئندہ بھی سکھائے گا)"}, {"arabic": " عَلَّمَ الۡاِنۡسَانَ مَا لَمۡ یَعۡلَمۡ ؕ﴿۶﴾", "english": " Taught man what he knew not.", "french": " A enseigné à l’homme ce qu’il ne savait pas.", "german": " den Menschen lehrte, was er nicht wusste.", "spanish": " Enseño al hombre lo que no sabía.", "urdu": " اس نے انسان کو (وہ کچھ) سکھایا ہے جو وہ پہلے نہیں جانتا تھا۔"}, {"arabic": " کَلَّاۤ اِنَّ الۡاِنۡسَانَ لَیَطۡغٰۤی ۙ﴿۷﴾", "english": " Nay! man does indeed transgress,", "french": " Non , mais en vérité l’homme transgresse,", "german": " Keineswegs! wahrlich, der Mensch ist widerspenstig,", "spanish": " ¡No! El hombre en verdad transgrede,", "urdu": " (جیسا وہ خیال کرتے ہیں اس طرح) نہیں بلکہ انسان یقیناً حد سے گذر رہا ہے ۔"}, {"arabic": " اَنۡ رَّاٰہُ اسۡتَغۡنٰی ﴿ؕ۸﴾", "english": " Because he thinks himself to be independent.", "french": " Parce qu’il se considère indépendant.", "german": " weil er sich unabhängig wähnt.", "spanish": " Porque se considera por enci­ma de toda necesidad.", "urdu": " اس طرح کہ وہ اپنے آپ کو (خدا کے فضل سے) مستغنی سمجھتا ہے۔"}, {"arabic": " اِنَّ اِلٰی رَبِّکَ الرُّجۡعٰی ؕ﴿۹﴾", "english": " Surely, unto thy Lord is the return.", "french": " Assurément, auprès de ton Seigneur est le retour.", "german": " Wahrlich, zu deinem Herrn ist die Rückkehr.", "spanish": " En verdad, a tu Señor es el retorno.", "urdu": " حقیقت یہ ہے کہ تیرے رب ہی کی طرف لوٹ کر جانا ہے۔"}, {"arabic": " اَرَءَیۡتَ الَّذِیۡ یَنۡہٰی ۙ﴿۱۰﴾", "english": " Hast thou seen him who forbids", "french": " As-tu vu celui qui empêche", "german": " Hast du nicht den gesehen, der da wehrt", "spanish": " ¿No has visto acaso a quien prohíbe", "urdu": " (اے مخاطب)! تو (مجھے) اس (شخص) کی (حالت کی) خبر دے‘ جو ایک"}, {"arabic": " عَبۡدًا اِذَا صَلّٰی ﴿ؕ۱۱﴾", "english": " A servant of Ours when he prays?", "french": " Un serviteur des Nôtres lorsqu’il prie ?", "german": " (Unserem) Diener, wenn er betet?", "spanish": " A un siervo Nuestro cuan­do ora?", "urdu": " (عبادت گذار) بندے کو جب وہ نماز میں مشغول ہوتا ہے (نماز سے) روکتا ہے"}, {"arabic": " اَرَءَیۡتَ اِنۡ کَانَ عَلَی الۡہُدٰۤی ﴿ۙ۱۲﴾", "english": " Tell me if he (Our servant) follows the guidance", "french": " Attention ! Qu'en est-il s'il suit la bonne direction", "german": " Wohlan, wenn er (der Diener) auf dem rechten Weg ist,", "spanish": " ¡Cuidado!, ¿y si estu­viese en lo correcto,", "urdu": " (اے مخاطب) تو (مجھے) بتا تو سہی کہ اگر وہ (نماز پڑھنے والا بندہ) ہدایت پر ہو۔"}, {"arabic": " اَوۡ اَمَرَ بِالتَّقۡوٰی ﴿ؕ۱۳﴾", "english": " Or enjoins righteousness, what will be the end of the forbidder ?", "french": " Ou s'il enjoint la droiture !", "german": " oder zur Gerechtigkeit auffordert?", "spanish": " O recomendara la piedad?", "urdu": " یا تقویٰ کا حکم دیتا ہو۔"}, {"arabic": " اَرَءَیۡتَ اِنۡ کَذَّبَ وَ تَوَلّٰی ﴿ؕ۱۴﴾", "english": " Tell me if he (the forbidder) rejects and turns his back,", "french": " Mais encore, qu'en est-il si l'empêcheur falsifie la vérité et tourne le dos !", "german": " Wohlan, wenn er ungläubig ist und den Rücken kehrt", "spanish": " De nuevo: ¿has reflexionado si, en vez de eso, ha falsificado la verdad y se ha alejado?", "urdu": " اور اس کو روکنے والا (ہدایت کا) منکر ہو اور (اس سے) منہ پھیرتا ہو (تو پھر اس روکنے والے کا کیا انجام ہوگا)"}, {"arabic": " اَلَمۡ یَعۡلَمۡ بِاَنَّ اللّٰہَ یَرٰی ﴿ؕ۱۵﴾", "english": " Does he not know that Allah sees him ?", "french": " Ne réalise-t-il pas qu’Allāh le voit ?", "german": " weiß er denn nicht, dass Allah (ihn) sieht?", "spanish": " ¿Acaso no se da cuenta de que Al­-lah observa?", "urdu": " کیا وہ (اتنا بھی) نہیں جانتا کہ اللہ ہر ایک چیز کو جانتا ہے (اس لئے وہ کان کھول کر سن لے کہ وہ غلطی کر رہا ہے)"}, {"arabic": " کَلَّا لَئِنۡ لَّمۡ یَنۡتَہِ ۬ۙ لَنَسۡفَعًۢا بِالنَّاصِیَۃِ ﴿ۙ۱۶﴾", "english": " Nay, if he desist not, We will assuredly seize and drag him by the forelock,", "french": " Non , mais s’il ne se désiste pas, Nous le traînerons certainement par la mèche du front,", "german": " Nein, wenn er nicht ablässt, so werden Wir ihn gewisslich bei der Stirnlocke ergreifen,", "spanish": " ¡No!, si no desiste, ciertamente le arrastrare­mos por los pelos de la frente.", "urdu": " جس طرح وہ چاہتا ہے اس طرح نہیں ہوگا بلکہ اگر وہ (اپنے اس کام سے) باز نہ آیا تو ہم اس کی پیشانی کے بال پکڑ کر زور سے گھسیٹیں گے۔"}, {"arabic": " نَاصِیَۃٍ کَاذِبَۃٍ خَاطِئَۃٍ ﴿ۚ۱۷﴾", "english": " A forelock lying, sinful.", "french": " Mèche du front mensongère et pécheresse.", "german": " der lügenden, sündigen Stirnlocke.", "spanish": " Un mechón falso, pecador.", "urdu": " ایسی پیشانی کی چوٹی جو جھوٹی ہے اور وہ خطا کار بھی ہے۔"}, {"arabic": " فَلۡیَدۡعُ نَادِیَہٗ ﴿ۙ۱۸﴾", "english": " Then let him call his associates,", "french": " Alors, qu’il appelle ses compagnons,", "german": " Mag er dann seine Mitverschworenen rufen,", "spanish": " Que llame, pues, a sus compañeros,", "urdu": " پس (کافر کو) چاہیئے کہ وہ اپنی مجلس کو بلائے۔"}, {"arabic": " سَنَدۡعُ الزَّبَانِیَۃَ ﴿ۙ۱۹﴾", "english": " We too will call Our angels of punishment who will thrust him into Hell .", "french": " Nous aussi Nous appellerons Nos anges de l’Enfer.", "german": " Wir werden (Unsere) Wache auch herbeirufen.", "spanish": " Nosotros también llamare­mos a Nuestros guardianes del Infierno .", "urdu": " ہم بھی اپنی پولیس کو بلائیں گے۔"}, {"arabic": " کَلَّا ؕ لَا تُطِعۡہُ وَ اسۡجُدۡ وَ اقۡتَرِبۡ ﴿٪ٛ۲۰﴾", "english": " Nay, yield not thou to him, but prostrate thyself and draw near to God .", "french": " Non, ne cède pas devant lui, mais prosterne-toi, et rapproche-toi d’Allāh .", "german": " Nein, gehorche ihm nicht, sondern wirf dich nieder und nahe dich (Gott).", "spanish": " ¡No!, no cedas ante él. Póstrate y acércate a Dios.", "urdu": " دشمن کی مرضی کے مطابق معاملہ نہیں ہوگا (پس اے نبی)! تو اس (قسم کے کافر) کی اطاعت نہ کر اور (صرف اپنے رب کے حضور میں) سجدہ کر اور (اس سجدہ کے نتیجہ میں اپنے رب کے) قریب تر ہوتا جا۔"}], "Surah": 96}