{"Ayats": [{"arabic": " بِسۡمِ اللّٰہِ الرَّحۡمٰنِ الرَّحِیۡمِ﴿۱﴾", "english": " In the name of Allah, the Gracious, the Merciful.", "french": " Au nom d’Allāh, le Gracieux, le Miséricordieux.", "german": " Im Namen Allahs, des Gnädigen, des Barmherzigen.", "spanish": " En el nombre de Al-lah, el Clemente, el Misericordioso.", "urdu": " (میں) اللہ کا نام لے کر جو بے حد کرم کرنے والا (اور) باربار رحم کرنے والا ہے (پڑھتا ہوں)"}, {"arabic": " یٰۤاَیُّہَا الۡمُدَّثِّرُ ۙ﴿۲﴾", "english": " O thou that has wrapped thyself with thy mantle !", "french": " Ô toi qui t’es enveloppé dans ton manteau !", "german": " O du in den Mantel Gehüllter!", "spanish": " ¡Oh tú, que te has envuelto en tu manto !", "urdu": " اے بارانی کوٹ پہن کر کھڑے ہونے والے۔"}, {"arabic": " قُمۡ فَاَنۡذِرۡ ۪ۙ﴿۳﴾", "english": " Arise and warn.", "french": " Lève-toi et avertis,", "german": " Erhebe dich und warne.", "spanish": " Levántate y amonesta,", "urdu": " کھڑا ہو جا اور دور دور جاکے لوگوں کو ہوشیار کر۔"}, {"arabic": " وَ رَبَّکَ فَکَبِّرۡ ۪﴿ۙ۴﴾", "english": " And thy Lord do thou magnify.", "french": " Et quant à ton Seigneur, célèbre Sa grandeur,", "german": " Deinen Herrn verherrliche.", "spanish": " Enaltece a tu Señor,", "urdu": " اور اپنے رب کی بڑائی بیان کر۔"}, {"arabic": " وَ ثِیَابَکَ فَطَہِّرۡ ۪﴿ۙ۵﴾", "english": " And thy heart do thou purify,", "french": " Et quant à tes vêtements, purifie- les ,", "german": " Dein Herz läutere.", "spanish": " Purifica tu vestimenta,", "urdu": " اور اپنے پاس رہنے والوں کو پاک کر۔"}, {"arabic": " وَ الرُّجۡزَ فَاہۡجُرۡ ۪﴿ۙ۶﴾", "english": " And uncleanliness do thou shun,", "french": " Et éloigne-toi de toute impureté,", "german": " Meide den Götzendienst.", "spanish": " Huye de la inmundicia,", "urdu": " اور شرک کو مٹا ڈال۔"}, {"arabic": " وَ لَا تَمۡنُنۡ تَسۡتَکۡثِرُ ۪﴿ۙ۷﴾", "english": " And bestow not favours seeking to get more in return ,", "french": " Et n’accorde pas de faveurs en cherchant d’en avoir plus en retour ;", "german": " Und erweise nicht Huld, indem du Mehrung suchst.", "spanish": " Y no concedas favores intentando conseguir más a cambio,", "urdu": " اور اس نیت سے احسان نہ کر کہ اس کے بدلہ میں تجھے زیادہ ملے گا۔"}, {"arabic": " وَ لِرَبِّکَ فَاصۡبِرۡ ؕ﴿۸﴾", "english": " And for the sake of thy Lord do thou endure patiently.", "french": " Et pour l’amour de ton Seigneur endure patiemment.", "german": " Und dulde standhaft um deines Herrn willen;", "spanish": " Y soporta pacientemente por la causa de tu Señor.", "urdu": " اور (بزدلی سے نہیں بلکہ) اپنے رب کے خوش کرنے کے لئے صبر سے کام لے۔"}, {"arabic": " فَاِذَا نُقِرَ فِی النَّاقُوۡرِ ۙ﴿۹﴾", "english": " And when the trumpet is sounded,", "french": " Et lorsque l’on sonnera du clairon,", "german": " denn, wenn in die Posaune gestoßen wird,", "spanish": " Pues cuando suene la trompeta,", "urdu": " اور جب بگل میں پھونکا جائے گا۔"}, {"arabic": " فَذٰلِکَ یَوۡمَئِذٍ یَّوۡمٌ عَسِیۡرٌ ۙ﴿۱۰﴾", "english": " That day will be a distressful day.", "french": " Alors, ce jour-là sera un jour difficile ;", "german": " der Tag wird ein schwerer Tag sein,", "spanish": " Ese día será un día angustioso,", "urdu": " تو یہ دن ایک سخت دن ہوگا۔"}, {"arabic": " عَلَی الۡکٰفِرِیۡنَ غَیۡرُ یَسِیۡرٍ ﴿۱۱﴾", "english": " For the disbelievers it will be anything but easy.", "french": " Pour les mécréants ce ne sera pas facile.", "german": " für die Ungläubigen alles eher als leicht.", "spanish": " Para los incrédulos no será fácil.", "urdu": " کافروں کے لئے ہرگز آسان نہیں ہوگا۔"}, {"arabic": " ذَرۡنِیۡ وَ مَنۡ خَلَقۡتُ وَحِیۡدًا ﴿ۙ۱۲﴾", "english": " Leave Me to deal with him whom I created alone,", "french": " Laisse-Moi Seul avec celui que J’ai créé.", "german": " Lass Mich allein mit dem, den Ich geschaffen,", "spanish": " Dejadnos solos, a Mí y a aquel a quien he creado,", "urdu": " (اے رسول)! مجھے اور اس کو جسے میں نے بے یارو مددگار پیدا کیا تھا اکیلا چھوڑ دے۔"}, {"arabic": " وَّ جَعَلۡتُ لَہٗ مَالًا مَّمۡدُوۡدًا ﴿ۙ۱۳﴾", "english": " And then I gave him abundant wealth,", "french": " Et Je lui ai donné des biens en abondance,", "german": " und dem Ich Besitz in Fülle verlieh,", "spanish": " Dándole después riqueza abundante.", "urdu": " اور میں نے اس کے لئے بہت مال پیدا کیا تھا۔"}, {"arabic": " وَّ بَنِیۡنَ شُہُوۡدًا ﴿ۙ۱۴﴾", "english": " And sons, abiding in his presence,", "french": " Et des enfants – garçons et filles – demeurant en sa présence,", "german": " und Söhne, die immer da waren,", "spanish": " E hijos, que se mantenían en su presencia,", "urdu": " اور ایسی اولاد بھی جو ہر وقت اس کے آگے پیچھے پھرتی تھی۔"}, {"arabic": " وَّ مَہَّدۡتُّ لَہٗ تَمۡہِیۡدًا ﴿ۙ۱۵﴾", "english": " And I prepared for him all necessary things.", "french": " Et J’ai fait la terre un excellent berceau pour son soutien en vue de son développement .", "german": " und für den Ich alle Bequemlichkeit bereitete.", "spanish": " Proporcionándole en abundancia,", "urdu": " اور میں نے اس کے لئے بہت سے ترقیات کے سامان پیدا کیے تھے۔"}, {"arabic": " ثُمَّ یَطۡمَعُ اَنۡ اَزِیۡدَ ﴿٭ۙ۱۶﴾", "english": " Yet he desires that I should give him more.", "french": " Cependant il désire que Je lui en donne davantage.", "german": " Dennoch wünscht er, dass Ich noch mehr gebe.", "spanish": " Y sin embargo, desea que Yo le dé más.", "urdu": " پھر بھی وہ طمع رکھتا ہے کہ میں اس سے زیادہ اسے دوں۔"}, {"arabic": " کَلَّا ؕ اِنَّہٗ کَانَ لِاٰیٰتِنَا عَنِیۡدًا ﴿ؕ۱۷﴾", "english": " Certainly not! for he has been hostile to Our Signs.", "french": " Non certes ! car il a été hostile à Nos Signes.", "german": " Mitnichten! denn er ist feindselig gewesen gegen Unsere Zeichen.", "spanish": " ¡Ciertamente no! Pues ha sido hostil a Nuestros Signos.", "urdu": " سنو! وہ میری آیتوں کا دشمن تھا۔"}, {"arabic": " سَاُرۡہِقُہٗ صَعُوۡدًا ﴿ؕ۱۸﴾", "english": " I shall soon inflict on him an overwhelming hardship.", "french": " Je lui infligerai bientôt une épreuve accablante.", "german": " Aufbürden will Ich ihm bald schreckliche Mühsal.", "spanish": " Le infringiré una terrible prueba.", "urdu": " سو میں بھی اس کو ایک ایسے عذاب میں مبتلا کروں گا جو ہر وقت بڑھتا چلا جائے گا۔"}, {"arabic": " اِنَّہٗ فَکَّرَ وَ قَدَّرَ ﴿ۙ۱۹﴾", "english": " Lo! he reflected and calculated!", "french": " Voilà ! il a réfléchi et a calculé !", "german": " Siehe, er sann und er wog!", "spanish": " ¡Miradlo! ¡Reflexionó y calculó!", "urdu": " اس نے (میری آیتوں کو سنا اور ان پر) غور کیا اور اندازہ کیا۔"}, {"arabic": " فَقُتِلَ کَیۡفَ قَدَّرَ ﴿ۙ۲۰﴾", "english": " Ruin seize him! how he calculated!", "french": " Que la ruine le saisisse ! Comme il a calculé !", "german": " Verderben über ihn! Wie wog er!", "spanish": " ¡La ruina caiga sobre él! ¡Cómo calculó!", "urdu": " اور وہ ہلاک ہو جائے اس نے کیسا غلط اندازہ کیا۔"}, {"arabic": " ثُمَّ قُتِلَ کَیۡفَ قَدَّرَ ﴿ۙ۲۱﴾", "english": " Ruin seize him again! how he calculated!", "french": " Que la ruine le saisisse encore une fois ! Comme il a calculé !", "german": " Verderben über ihn abermals! Wie wog er!", "spanish": " ¡Que la ruina caiga de nuevo sobre él! ¡Cómo calculó!", "urdu": " ہم پھر کہتے ہیں وہ ہلاک ہو جائے اس نے کیسا غلط اندازہ کیا۔"}, {"arabic": " ثُمَّ نَظَرَ ﴿ۙ۲۲﴾", "english": " Then he looked,", "french": " Puis il a regardé autour de lui ,", "german": " Dann schaute er,", "spanish": " Entonces miró,", "urdu": " پھر اس نے دوبارہ فکر کیا۔"}, {"arabic": " ثُمَّ عَبَسَ وَ بَسَرَ ﴿ۙ۲۳﴾", "english": " Then he frowned and scowled,", "french": " Puis il s’est renfrogné, et il a grimacé avec mépris,", "german": " dann runzelte er die Stirn und blickte verdrießlich,", "spanish": " Al punto, frunció el entrecejo y oscureció el semblante,", "urdu": " پھر اس نے تیوری چڑھائی اور منہ بسورا۔"}, {"arabic": " ثُمَّ اَدۡبَرَ وَ اسۡتَکۡبَرَ ﴿ۙ۲۴﴾", "english": " Then he turned away and was disdainful,", "french": " Puis il a tourné le dos et a été dédaigneux,", "german": " dann wandte er sich ab und war hoffärtig", "spanish": " Después se apartó desdeñosamente,", "urdu": " پھر پیٹھ پھیر لی اور تکبر سے کام لیا۔"}, {"arabic": " فَقَالَ اِنۡ ہٰذَاۤ اِلَّا سِحۡرٌ یُّؤۡثَرُ ﴿ۙ۲۵﴾", "english": " And said, ‘This is nothing but magic handed down;", "french": " Et il a dit : « Ceci n’est que de la magie héritée du passé ;", "german": " und sprach: \"Das ist nichts als Zauberei, die weitergetragen wird;</span> </div> </div> <div class=\"row links\" style=\"margin-top:10px;\"> <div class=\"col-lg-12 center\"> <font size=\"-1\" style=\"font-family:Arial, Helvetica, sans-serif; color: #777\"> Read: <a target=\"_blank\" href=\"/quran/tafseer/?verse=74:25&region=E1&CR=E3,E2\" title=\"English Translation with Detailed Commentary with Meanings of Some Key Words\">Detailed English Commentary</a> | <a href=\"/quran/tafseer/?verse=74:25&region=TS&CR=UR,P1,H1,T1\" title=\"Urdu Tafseer-e-Saghir alongwith other Tafaseer\" target=\"_blank\">Urdu Tafaseer <font style=\"font-family: 'Jameel Noori Nastaleeq', -apple-system, BlinkMacSystemFont, 'Urdu Naskh Asiatype', 'Nafees Web Naskh';\">اردو تفاسیر</font></a> </font> </div></div> <hr size='1'> <div class=\"row\" id=\"Arabic26\" class='indopak' style=\"padding: 5px\"> <div class=\"col-lg-1\"> <a name=\"Arabic26\"></a> <font color=\"#939598\" style=\"font-size:1.1em\"> [<a href='/quran/74:26' style='text-decoration:underline'>74:26</a>]</font> </div> <div class=\"col-lg-1\"> <button onclick=\"aud_play_pause(26)\"><i class=\"fa fa-play\" style=\"color: #777\" aria-hidden=\"true\" id=\"control26\"></i></button> <audio id=\"player26\" class=\"audioplayer\" /> </div><div class=\"col-lg-10\" align=\"right\" dir=\"rtl\"></div> </div> <div class=\"row\"> <div class=\"col-lg-12\" align=\"right\" dir=\"rtl\"> <p class=\"arabicverse\">اِنۡ ہٰذَاۤ اِلَّا قَوۡلُ الۡبَشَرِ ﴿ؕ۲۶﴾ </p> </div> </div> <div class=\"row english\" align=\"left\" dir=\"ltr\" style=\"margin-top:10px\"> <div class=\"col-lg-12\"> <span class=\"translationheading\">English</span><br> <span class=\"translationtext\">‘This is nothing but the word of man.’</span> </div> </div> <div class=\"row english2\" align=\"left\" dir=\"ltr\" style=\"display:none; margin-top:10px\"> <div class=\"col-lg-12\"> <span class=\"translationheading\">English Short Commentary</span><br> <span class=\"translationtext\"> ‘This is nothing but the word of a man. </span> </div> </div> <div class=\"row urdu\" align=\"right\" dir=\"rtl\" style=\"margin-top:10px\"> <div class=\"col-lg-12\"> <span class=\"translationheading\">اُردو</span><br> <span class=\"urdutarjma\">یہ ایک قولِ بشر کے سوا کچھ نہیں۔</span> </div> </div> <div class=\"row urdu2\" align=\"right\" dir=\"rtl\" style=\"display:none; margin-top:10px\"> <div class=\"col-lg-12\"> <span class=\"translationheading\">اُردو تفسیر صغیر</span><br> <span class=\"urdutarjma\">یہ ایک انسانی کلام ہے۔ </span> </div> </div> <div class=\"row french\" align=\"left\" dir=\"ltr\" style=\"display:none; margin-top:10px\"> <div class=\"col-lg-12\"> <span class=\"translationheading\">Français</span><br> <span class=\"translationtext\">Ceci n’est que la parole d’un humain. »</span> </div> </div> <div class=\"row spanish\" align=\"left\" dir=\"ltr\" style=\"display:none; margin-top:10px\"> <div class=\"col-lg-12\"> <span class=\"translationheading\">Español</span><br> <span class=\"translationtext\">“Esto no es más que la palabra de un hombre”.</span> </div> </div> <div class=\"row german\" align=\"left\" dir=\"ltr\" style=\"display:none; margin-top:10px\"> <div class=\"col-lg-12\"> <span class=\"translationheading\">Deutsch</span><br> <span class=\"translationtext\">das ist nur Menschenwort.\"", "spanish": " Y dijo: “Esto no es más que magia transmitida de los antiguos”;", "urdu": " اور کہا کہ یہ تو ایک جھوٹ ہے جو پہلوں سے نقل کیا گیا ہے۔"}, {"arabic": " سَاُصۡلِیۡہِ سَقَرَ ﴿۲۷﴾", "english": " Soon shall I cast him into the fire of Hell.", "french": " Bientôt Je le jetterai dans le « Saqar ».", "german": " Bald werde Ich ihn ins Feuer der Hölle werfen.", "spanish": " Pronto le haré arrojaré al “Saqar”.", "urdu": " ہم اس (شخص) کو سقر میں جھونکیں گے۔"}, {"arabic": " وَ مَاۤ اَدۡرٰٮکَ مَا سَقَرُ ﴿ؕ۲۸﴾", "english": " And what makes thee know what Hell-fire is?", "french": " Et qui t’informera du « Saqar » ?", "german": " Und wie kannst du wissen, was Höllenfeuer ist?", "spanish": " Y ¿qué te puede hacer comprender lo que es el Saqar?", "urdu": " اور تجھے کیا معلوم ہے کہ سقر کیا چیز ہے۔"}, {"arabic": " لَا تُبۡقِیۡ وَ لَا تَذَرُ ﴿ۚ۲۹﴾", "english": " It spares not and it leaves naught.", "french": " Il n’épargne rien et il ne laisse rien.", "german": " Es verschont nichts und lässt nichts übrig;", "spanish": " Nada se libra y no deja nada.", "urdu": " وہ (دوزخ) کچھ باقی نہیں رہنے دیتی اور کوئی عذاب کا طریق چھوڑتی نہیں۔"}, {"arabic": " لَوَّاحَۃٌ لِّلۡبَشَرِ ﴿ۚۖ۳۰﴾", "english": " It scorches the face.", "french": " Il roussit la peau.", "german": " es versengt das Gesicht.", "spanish": " Quema la piel.", "urdu": " وہ کھال کو جلا دیتی ہے۔"}, {"arabic": " عَلَیۡہَا تِسۡعَۃَ عَشَرَ ﴿ؕ۳۱﴾", "english": " Over it are nineteen angels .", "french": " Au-dessus,il y a dix-neuf anges .", "german": " Über ihm sind neunzehn,", "spanish": " Sobre él hay diecinueve ángeles.", "urdu": " اس پر انیس داروغے مقرر ہیں۔"}, {"arabic": " وَ مَا جَعَلۡنَاۤ اَصۡحٰبَ النَّارِ اِلَّا مَلٰٓئِکَۃً ۪ وَّ مَا جَعَلۡنَا عِدَّتَہُمۡ اِلَّا فِتۡنَۃً لِّلَّذِیۡنَ کَفَرُوۡا ۙ لِیَسۡتَیۡقِنَ الَّذِیۡنَ اُوۡتُوا الۡکِتٰبَ وَ یَزۡدَادَ الَّذِیۡنَ اٰمَنُوۡۤا اِیۡمَانًا وَّ لَا یَرۡتَابَ الَّذِیۡنَ اُوۡتُوا الۡکِتٰبَ وَ الۡمُؤۡمِنُوۡنَ ۙ وَ لِیَقُوۡلَ الَّذِیۡنَ فِیۡ قُلُوۡبِہِمۡ مَّرَضٌ وَّ الۡکٰفِرُوۡنَ مَاذَاۤ اَرَادَ اللّٰہُ بِہٰذَا مَثَلًا ؕ کَذٰلِکَ یُضِلُّ اللّٰہُ مَنۡ یَّشَآءُ وَ یَہۡدِیۡ مَنۡ یَّشَآءُ ؕ وَ مَا یَعۡلَمُ جُنُوۡدَ رَبِّکَ اِلَّا ہُوَ ؕ وَ مَا ہِیَ اِلَّا ذِکۡرٰی لِلۡبَشَرِ ﴿٪۳۲﴾", "english": " And none but angels have We made wardens of the Fire. And We have not fixed their number except as a trial for those who disbelieve, so that those who have been given the Book may attain to certainty, and those who believe may increase in faith, and those who have been given the Book as well as the believers may not doubt, and that those in whose hearts is disease and the disbelievers may say, ‘What does Allah mean by such an illustration?’ Thus does Allah adjudge astray whom He pleases and guide whom He pleases. And none knows the hosts of thy Lord but He. And this is nothing but a Reminder for man.", "french": " Et Nous n’avons désigné personne d’autre que des anges pour être les gardiens du Feu. Et Nous n’avons fixé leur nombre que pour l’épreuve des mécréants, afin que ceux à qui le Livre a été donné puissent atteindre la certitude, et que les croyants puissent augmenter leur foi, et que ceux à qui le Livre a été donné ainsi que les croyants ne doutent pas, et que ceux dans le cœur de qui il y a une maladie, et les mécréants, puissent dire : « Qu’est-ce qu’Allāh entend par cet exemple ? » C’est ainsi qu’Allāh juge égaré qui Il veut, et guide qui Il veut. Et personne ne connaît les armées de ton Seigneur sauf Lui- Même . Et ceci n’est qu’un Rappel pour l’homme.", "german": " und Wir haben einzig und allein Engel zu Hütern des Feuers gemacht. Und Wir setzten ihre Anzahl nicht fest, außer zur Prüfung derer, die ungläubig sind, auf dass die, denen das Buch gegeben ward, Gewissheit erreichen, und die, die gläubig sind, an Glauben zunehmen, und die, denen die Schrift gegeben ward, und die Gläubigen nicht zweifeln, und die, in deren Herzen Krankheit ist, und die Ungläubigen sprechen: \"Was meint Allah mit diesem Gleichnis?\" Also erklärt Allah zum Irrenden, wen Er will, und führt richtig, wen Er will. Keiner kennt die Heerscharen deines Herrn als Er allein. Dies ist nur eine Ermahnung für den Menschen.", "spanish": " Y sólo hemos hecho guardianes del Fuego a los ángeles. No hemos fijado su número sino como prueba para los incrédulos; para que aquellos a quienes se ha dado el Libro, alcancen la certeza; para que los creyentes aumenten en su fe; para que los que han recibido el Libro y también los creyentes no duden y para que los de corazón enfermo y los incrédulos digan: “¿Qué quiere decir Al-lah con este ejemplo?”. Así juzga Al-lah como extraviados a quienes Le place y guía a quienes Le agrada. Pues nadie conoce los ejércitos de tu Señor fuera de Él. Y esto no es más que un Recordatorio para el hombre.", "urdu": " اور دوزخ کے داروغے ہم نے صرف فرشتوں میں سے مقرر کیے ہیں اور ان کی گنتی صرف کافروں کی آزمائش کے طور پر بتائی ہے اور اس کا یہ نتیجہ نکلے گا کہ اہل کتاب کو یقین آجائے گا اور مومن ایمان میں زیادہ ہو جائیں گے اور نہ اہل کتاب شبہ کریں گے اور نہ مومن۔ نتیجہ یہ ہوگا کہ جن کے دلوں میں بیماری ہے وہ اور دوسرے کافر کہیں گے کہ اس بات کے کہنے سے اللہ کا کیا منشا ہے۔ اسی طرح اللہ اسے گمراہ قرار دیتا ہے جس کے متعلق ارادہ کر لیتا ہے اور جس کے متعلق ارادہ کر لیتا ہے اسے ہدایت دے دیتا ہے اور تیرے رب کے لشکروں کو سوائے اس کے کوئی نہیں جانتا۔ اور یہ (قرآن) انسان کے لئے صرف ایک نصیحت ہے۔"}, {"arabic": " کَلَّا وَ الۡقَمَرِ ﴿ۙ۳۳﴾", "english": " Nay, by the moon,", "french": " Non mais, par la lune,", "german": " Nein, bei dem Mond,", "spanish": " ¡No!, por la luna,", "urdu": " سنو! ہم چاند کو شہادت کے طور پر پیش کرتے ہیں۔"}, {"arabic": " وَ الَّیۡلِ اِذۡ اَدۡبَرَ ﴿ۙ۳۴﴾", "english": " And by the night when it retreats,", "french": " Et par la nuit lorsqu’elle se retire,", "german": " und bei der Nacht, wenn sie sich entfernt,", "spanish": " Por la noche cuando se retira,", "urdu": " اور تاریکی کو جب وہ پیٹھ پھیر لیتی ہے۔"}, {"arabic": " وَ الصُّبۡحِ اِذَاۤ اَسۡفَرَ ﴿ۙ۳۵﴾", "english": " And by the dawn when it shines forth,", "french": " Et par l’aube lorsqu’elle pointe,", "german": " und bei der Morgendämmerung, wenn sie scheint,", "spanish": " Y por el alba cuando brilla con todo su esplendor,", "urdu": " اور صبح کو جب وہ روشن ہو جاتی ہے۔"}, {"arabic": " اِنَّہَا لَاِحۡدَی الۡکُبَرِ ﴿ۙ۳۶﴾", "english": " Verily, it is one of the greatest calamities .", "french": " En vérité, c’est une des plus grandes calamités .", "german": " wahrlich, es ist eine der größten (Heimsuchungen) –", "spanish": " En verdad, es una de las mayores calamidades.", "urdu": " کہ یہ (ساعت جس کا ذکر کیا گیا ہے) بہت بڑی بڑی چیزوں میں سے ایک ہے۔"}, {"arabic": " نَذِیۡرًا لِّلۡبَشَرِ ﴿ۙ۳۷﴾", "english": " A warning to man,", "french": " Un avertissement à l’homme,", "german": " eine Warnung für den Menschen,", "spanish": " Una advertencia para el hombre,", "urdu": " انسان کو ڈرانے والی ہے۔"}, {"arabic": " لِمَنۡ شَآءَ مِنۡکُمۡ اَنۡ یَّتَقَدَّمَ اَوۡ یَتَاَخَّرَ ﴿ؕ۳۸﴾", "english": " To him among you who wishes to advance or hang back.", "french": " A celui d’entre vous qui veut avancer ou rester en arrière.", "german": " für den unter euch, der vorwärts schreiten oder zurückbleiben will.", "spanish": " Para aquel de vosotros que desee avanzar o quedarse atrás.", "urdu": " اس (انسان) کو جو چاہتا ہے کہ کوئی ایسی نیکی کرے جو اگلے جہان میں اس کے کام آئے یا کسی بدی سے جس کی اسے عادت پڑ گئی ہو پیچھے ہٹ جائے (اور اس کے کرنے سے نجات پا جائے)"}, {"arabic": " کُلُّ نَفۡسٍۭ بِمَا کَسَبَتۡ رَہِیۡنَۃٌ ﴿ۙ۳۹﴾", "english": " Every soul is pledged for what it has earned;", "french": " Chaque âme est un gage pour ce qu’elle a acquis ;", "german": " Jede Seele ist ein Pfand für das, was sie verdient hat;", "spanish": " Toda alma es prenda de lo que ha conseguido;", "urdu": " ہرجان نے جوکچھ کیاہے وہ اس کے بدلہ میں رہن ہے۔"}, {"arabic": " اِلَّاۤ اَصۡحٰبَ الۡیَمِیۡنِ ﴿ؕۛ۴۰﴾", "english": " Except those on the right hand.", "french": " Sauf ceux du côté droit.", "german": " ausgenommen die zur Rechten,", "spanish": " Excepto los de la diestra.", "urdu": " سوائے دائیں طرف والے لوگوں کے۔"}, {"arabic": " فِیۡ جَنّٰتٍ ۟ؕۛ یَتَسَآءَلُوۡنَ ﴿ۙ۴۱﴾", "english": " They will be in Gardens asking one another", "french": " Ils seront dans des Jardins, s’interrogeant", "german": " in Gärten einander befragend", "spanish": " Ellos estarán en Jardines preguntándose mutuamente", "urdu": " کہ وہ جنتوں میںہوں گے‘ اور مجرموں سے سوال کریں گے۔"}, {"arabic": " عَنِ الۡمُجۡرِمِیۡنَ ﴿ۙ۴۲﴾", "english": " Concerning the guilty ones.", "french": " Sur les coupables,", "german": " nach den Sündern:", "spanish": " Respecto a los culpables.", "urdu": " کہ وہ جنتوں میںہوں گے‘ اور مجرموں سے سوال کریں گے۔"}, {"arabic": " مَا سَلَکَکُمۡ فِیۡ سَقَرَ ﴿۴۳﴾", "english": " ‘What has brought you into the Fire of Hell?’", "french": " « Qu’est-ce qui vous a fait entrer dans le ‘Saqar’ ? »", "german": " Was hat euch in das Feuer der Hölle gebracht?", "spanish": " “¿Qué os ha llevado al Saqar?”.", "urdu": " کہ تم کو کیا چیز دوزخ کی طرف لے گئی؟"}, {"arabic": " قَالُوۡا لَمۡ نَکُ مِنَ الۡمُصَلِّیۡنَ ﴿ۙ۴۴﴾", "english": " They will say, ‘We were not of those who offered Prayers,", "french": " Ils diront : « Nous n’étions pas de ceux qui faisaient la Prière,", "german": " Sie werden sprechen: \"Wir waren nicht unter denen, die beteten,</span> </div> </div> <div class=\"row links\" style=\"margin-top:10px;\"> <div class=\"col-lg-12 center\"> <font size=\"-1\" style=\"font-family:Arial, Helvetica, sans-serif; color: #777\"> Read: <a target=\"_blank\" href=\"/quran/tafseer/?verse=74:44&region=E1&CR=E3,E2\" title=\"English Translation with Detailed Commentary with Meanings of Some Key Words\">Detailed English Commentary</a> | <a href=\"/quran/tafseer/?verse=74:44&region=TS&CR=UR,P1,H1,T1\" title=\"Urdu Tafseer-e-Saghir alongwith other Tafaseer\" target=\"_blank\">Urdu Tafaseer <font style=\"font-family: 'Jameel Noori Nastaleeq', -apple-system, BlinkMacSystemFont, 'Urdu Naskh Asiatype', 'Nafees Web Naskh';\">اردو تفاسیر</font></a> </font> </div></div> <hr size='1'> <div class=\"row\" id=\"Arabic45\" class='indopak' style=\"padding: 5px\"> <div class=\"col-lg-1\"> <a name=\"Arabic45\"></a> <font color=\"#939598\" style=\"font-size:1.1em\"> [<a href='/quran/74:45' style='text-decoration:underline'>74:45</a>]</font> </div> <div class=\"col-lg-1\"> <button onclick=\"aud_play_pause(45)\"><i class=\"fa fa-play\" style=\"color: #777\" aria-hidden=\"true\" id=\"control45\"></i></button> <audio id=\"player45\" class=\"audioplayer\" /> </div><div class=\"col-lg-10\" align=\"right\" dir=\"rtl\"></div> </div> <div class=\"row\"> <div class=\"col-lg-12\" align=\"right\" dir=\"rtl\"> <p class=\"arabicverse\">وَ لَمۡ نَکُ نُطۡعِمُ الۡمِسۡکِیۡنَ ﴿ۙ۴۵﴾ </p> </div> </div> <div class=\"row english\" align=\"left\" dir=\"ltr\" style=\"margin-top:10px\"> <div class=\"col-lg-12\"> <span class=\"translationheading\">English</span><br> <span class=\"translationtext\">‘Nor did we feed the poor.</span> </div> </div> <div class=\"row english2\" align=\"left\" dir=\"ltr\" style=\"display:none; margin-top:10px\"> <div class=\"col-lg-12\"> <span class=\"translationheading\">English Short Commentary</span><br> <span class=\"translationtext\"> <sup class='ref'>[<a class='ref' data-id='ref_74_45_f' href='#'>f</a>]</sup>Nor did we feed the poor, <div class=\"footnote\"> <span class='collapsible plus' data-id='ref_74_45_f'>f</span></div> <div><div class='reference' data-id='ref_74_45_f' style='display:none'> <p><b>f.</b> <a href='/quran/69:35' target=_blank>69:35</a>; <a href='/quran/89:19' target=_blank>89:19</a>; <a href='/quran/107:4' target=_blank>107:4</a>. (<a href='javascript:void(0)' data-id='ref_74_45_f' class='ref'>close</a>)</p> </div> </div> </span> </div> </div> <div class=\"row urdu\" align=\"right\" dir=\"rtl\" style=\"margin-top:10px\"> <div class=\"col-lg-12\"> <span class=\"translationheading\">اُردو</span><br> <span class=\"urdutarjma\">اور ہم مسکینوں کو کھانا نہیں کھلایا کرتے تھے۔</span> </div> </div> <div class=\"row urdu2\" align=\"right\" dir=\"rtl\" style=\"display:none; margin-top:10px\"> <div class=\"col-lg-12\"> <span class=\"translationheading\">اُردو تفسیر صغیر</span><br> <span class=\"urdutarjma\">اور ہم مسکینوں کو کھانا نہیں کھلایا کرتے تھے۔ </span> </div> </div> <div class=\"row french\" align=\"left\" dir=\"ltr\" style=\"display:none; margin-top:10px\"> <div class=\"col-lg-12\"> <span class=\"translationheading\">Français</span><br> <span class=\"translationtext\">Et nous ne nourrissions pas les pauvres,</span> </div> </div> <div class=\"row spanish\" align=\"left\" dir=\"ltr\" style=\"display:none; margin-top:10px\"> <div class=\"col-lg-12\"> <span class=\"translationheading\">Español</span><br> <span class=\"translationtext\">“Ni alimentamos a los pobres”,</span> </div> </div> <div class=\"row german\" align=\"left\" dir=\"ltr\" style=\"display:none; margin-top:10px\"> <div class=\"col-lg-12\"> <span class=\"translationheading\">Deutsch</span><br> <span class=\"translationtext\">noch speisten wir die Armen.</span> </div> </div> <div class=\"row links\" style=\"margin-top:10px;\"> <div class=\"col-lg-12 center\"> <font size=\"-1\" style=\"font-family:Arial, Helvetica, sans-serif; color: #777\"> Read: <a target=\"_blank\" href=\"/quran/tafseer/?verse=74:45&region=E1&CR=E3,E2\" title=\"English Translation with Detailed Commentary with Meanings of Some Key Words\">Detailed English Commentary</a> | <a href=\"/quran/tafseer/?verse=74:45&region=TS&CR=UR,P1,H1,T1\" title=\"Urdu Tafseer-e-Saghir alongwith other Tafaseer\" target=\"_blank\">Urdu Tafaseer <font style=\"font-family: 'Jameel Noori Nastaleeq', -apple-system, BlinkMacSystemFont, 'Urdu Naskh Asiatype', 'Nafees Web Naskh';\">اردو تفاسیر</font></a> </font> </div></div> <hr size='1'> <div class=\"row\" id=\"Arabic46\" class='indopak' style=\"padding: 5px\"> <div class=\"col-lg-1\"> <a name=\"Arabic46\"></a> <font color=\"#939598\" style=\"font-size:1.1em\"> [<a href='/quran/74:46' style='text-decoration:underline'>74:46</a>]</font> </div> <div class=\"col-lg-1\"> <button onclick=\"aud_play_pause(46)\"><i class=\"fa fa-play\" style=\"color: #777\" aria-hidden=\"true\" id=\"control46\"></i></button> <audio id=\"player46\" class=\"audioplayer\" /> </div><div class=\"col-lg-10\" align=\"right\" dir=\"rtl\"></div> </div> <div class=\"row\"> <div class=\"col-lg-12\" align=\"right\" dir=\"rtl\"> <p class=\"arabicverse\">وَ کُنَّا نَخُوۡضُ مَعَ الۡخَآئِضِیۡنَ ﴿ۙ۴۶﴾ </p> </div> </div> <div class=\"row english\" align=\"left\" dir=\"ltr\" style=\"margin-top:10px\"> <div class=\"col-lg-12\"> <span class=\"translationheading\">English</span><br> <span class=\"translationtext\">‘And we indulged in objectionable talk with those who indulge therein.</span> </div> </div> <div class=\"row english2\" align=\"left\" dir=\"ltr\" style=\"display:none; margin-top:10px\"> <div class=\"col-lg-12\"> <span class=\"translationheading\">English Short Commentary</span><br> <span class=\"translationtext\"> ‘And we indulged in idle talk with those who indulge therein. </span> </div> </div> <div class=\"row urdu\" align=\"right\" dir=\"rtl\" style=\"margin-top:10px\"> <div class=\"col-lg-12\"> <span class=\"translationheading\">اُردو</span><br> <span class=\"urdutarjma\">اورہم لغو باتوں میں مشغول رہنے والوں کے ساتھ مشغول ہو جایا کرتے تھے۔</span> </div> </div> <div class=\"row urdu2\" align=\"right\" dir=\"rtl\" style=\"display:none; margin-top:10px\"> <div class=\"col-lg-12\"> <span class=\"translationheading\">اُردو تفسیر صغیر</span><br> <span class=\"urdutarjma\">اور بے حکمت باتیں کرنے والوں کے ساتھ مل کر بے حکمت باتیں کرتے تھے۔ </span> </div> </div> <div class=\"row french\" align=\"left\" dir=\"ltr\" style=\"display:none; margin-top:10px\"> <div class=\"col-lg-12\"> <span class=\"translationheading\">Français</span><br> <span class=\"translationtext\">Et nous nous complaisions dans de vains discours avec ceux qui s’y complaisent.</span> </div> </div> <div class=\"row spanish\" align=\"left\" dir=\"ltr\" style=\"display:none; margin-top:10px\"> <div class=\"col-lg-12\"> <span class=\"translationheading\">Español</span><br> <span class=\"translationtext\">“Nos entregamos a charlas vanas con los que se recrean en ellas.</span> </div> </div> <div class=\"row german\" align=\"left\" dir=\"ltr\" style=\"display:none; margin-top:10px\"> <div class=\"col-lg-12\"> <span class=\"translationheading\">Deutsch</span><br> <span class=\"translationtext\">Und wir ergingen uns in eitlem Geschwätz mit den Schwätzern.</span> </div> </div> <div class=\"row links\" style=\"margin-top:10px;\"> <div class=\"col-lg-12 center\"> <font size=\"-1\" style=\"font-family:Arial, Helvetica, sans-serif; color: #777\"> Read: <a target=\"_blank\" href=\"/quran/tafseer/?verse=74:46&region=E1&CR=E3,E2\" title=\"English Translation with Detailed Commentary with Meanings of Some Key Words\">Detailed English Commentary</a> | <a href=\"/quran/tafseer/?verse=74:46&region=TS&CR=UR,P1,H1,T1\" title=\"Urdu Tafseer-e-Saghir alongwith other Tafaseer\" target=\"_blank\">Urdu Tafaseer <font style=\"font-family: 'Jameel Noori Nastaleeq', -apple-system, BlinkMacSystemFont, 'Urdu Naskh Asiatype', 'Nafees Web Naskh';\">اردو تفاسیر</font></a> </font> </div></div> <hr size='1'> <div class=\"row\" id=\"Arabic47\" class='indopak' style=\"padding: 5px\"> <div class=\"col-lg-1\"> <a name=\"Arabic47\"></a> <font color=\"#939598\" style=\"font-size:1.1em\"> [<a href='/quran/74:47' style='text-decoration:underline'>74:47</a>]</font> </div> <div class=\"col-lg-1\"> <button onclick=\"aud_play_pause(47)\"><i class=\"fa fa-play\" style=\"color: #777\" aria-hidden=\"true\" id=\"control47\"></i></button> <audio id=\"player47\" class=\"audioplayer\" /> </div><div class=\"col-lg-10\" align=\"right\" dir=\"rtl\"></div> </div> <div class=\"row\"> <div class=\"col-lg-12\" align=\"right\" dir=\"rtl\"> <p class=\"arabicverse\">وَ کُنَّا نُکَذِّبُ بِیَوۡمِ الدِّیۡنِ ﴿ۙ۴۷﴾ </p> </div> </div> <div class=\"row english\" align=\"left\" dir=\"ltr\" style=\"margin-top:10px\"> <div class=\"col-lg-12\"> <span class=\"translationheading\">English</span><br> <span class=\"translationtext\">‘And we used to deny the Day of Judgment,</span> </div> </div> <div class=\"row english2\" align=\"left\" dir=\"ltr\" style=\"display:none; margin-top:10px\"> <div class=\"col-lg-12\"> <span class=\"translationheading\">English Short Commentary</span><br> <span class=\"translationtext\"> ‘And we continued to deny the <sup class='ref'>[<a class='ref' data-id='ref_74_47_g' href='#'>g</a>]</sup>Day of Judgment. <div class=\"footnote\"> <span class='collapsible plus' data-id='ref_74_47_g'>g</span></div> <div><div class='reference' data-id='ref_74_47_g' style='display:none'> <p><b>g.</b> <a href='/quran/75:33' target=_blank>75:33</a>. (<a href='javascript:void(0)' data-id='ref_74_47_g' class='ref'>close</a>)</p> </div> </div> </span> </div> </div> <div class=\"row urdu\" align=\"right\" dir=\"rtl\" style=\"margin-top:10px\"> <div class=\"col-lg-12\"> <span class=\"translationheading\">اُردو</span><br> <span class=\"urdutarjma\">اور ہم جزا سزا کے دن کا انکار کیا کرتے تھے۔ </span> </div> </div> <div class=\"row urdu2\" align=\"right\" dir=\"rtl\" style=\"display:none; margin-top:10px\"> <div class=\"col-lg-12\"> <span class=\"translationheading\">اُردو تفسیر صغیر</span><br> <span class=\"urdutarjma\">اور ہم جزا سزا کے دن کا انکار کیا کرتے تھے۔ </span> </div> </div> <div class=\"row french\" align=\"left\" dir=\"ltr\" style=\"display:none; margin-top:10px\"> <div class=\"col-lg-12\"> <span class=\"translationheading\">Français</span><br> <span class=\"translationtext\">Et nous niions le Jour du Jugement,</span> </div> </div> <div class=\"row spanish\" align=\"left\" dir=\"ltr\" style=\"display:none; margin-top:10px\"> <div class=\"col-lg-12\"> <span class=\"translationheading\">Español</span><br> <span class=\"translationtext\">“Y solíamos negar el Día del Juicio”,</span> </div> </div> <div class=\"row german\" align=\"left\" dir=\"ltr\" style=\"display:none; margin-top:10px\"> <div class=\"col-lg-12\"> <span class=\"translationheading\">Deutsch</span><br> <span class=\"translationtext\">Und wir pflegten den Tag des Gerichtes zu leugnen,</span> </div> </div> <div class=\"row links\" style=\"margin-top:10px;\"> <div class=\"col-lg-12 center\"> <font size=\"-1\" style=\"font-family:Arial, Helvetica, sans-serif; color: #777\"> Read: <a target=\"_blank\" href=\"/quran/tafseer/?verse=74:47&region=E1&CR=E3,E2\" title=\"English Translation with Detailed Commentary with Meanings of Some Key Words\">Detailed English Commentary</a> | <a href=\"/quran/tafseer/?verse=74:47&region=TS&CR=UR,P1,H1,T1\" title=\"Urdu Tafseer-e-Saghir alongwith other Tafaseer\" target=\"_blank\">Urdu Tafaseer <font style=\"font-family: 'Jameel Noori Nastaleeq', -apple-system, BlinkMacSystemFont, 'Urdu Naskh Asiatype', 'Nafees Web Naskh';\">اردو تفاسیر</font></a> </font> </div></div> <hr size='1'> <div class=\"row\" id=\"Arabic48\" class='indopak' style=\"padding: 5px\"> <div class=\"col-lg-1\"> <a name=\"Arabic48\"></a> <font color=\"#939598\" style=\"font-size:1.1em\"> [<a href='/quran/74:48' style='text-decoration:underline'>74:48</a>]</font> </div> <div class=\"col-lg-1\"> <button onclick=\"aud_play_pause(48)\"><i class=\"fa fa-play\" style=\"color: #777\" aria-hidden=\"true\" id=\"control48\"></i></button> <audio id=\"player48\" class=\"audioplayer\" /> </div><div class=\"col-lg-10\" align=\"right\" dir=\"rtl\"></div> </div> <div class=\"row\"> <div class=\"col-lg-12\" align=\"right\" dir=\"rtl\"> <p class=\"arabicverse\">حَتّٰۤی اَتٰٮنَا الۡیَقِیۡنُ ﴿ؕ۴۸﴾ </p> </div> </div> <div class=\"row english\" align=\"left\" dir=\"ltr\" style=\"margin-top:10px\"> <div class=\"col-lg-12\"> <span class=\"translationheading\">English</span><br> <span class=\"translationtext\">‘Until death overtook us.’</span> </div> </div> <div class=\"row english2\" align=\"left\" dir=\"ltr\" style=\"display:none; margin-top:10px\"> <div class=\"col-lg-12\"> <span class=\"translationheading\">English Short Commentary</span><br> <span class=\"translationtext\"> Until death<sup class='ref'>[<a class='ref' data-id='ref_74_48_3172' href='#'>3172</a>]</sup> <sup class='ref'>[<a class='ref' data-id='ref_74_48_a' href='#'>a</a>]</sup>overtook us.’ <div class=\"footnote\"> <span class='collapsible plus' data-id='ref_74_48_3172'>3172</span><span class='collapsible plus' data-id='ref_74_48_a'>a</span></div> <div><a name='3172'></a><div class='reference' data-id='ref_74_48_3172' style='display:none'> <p><b>3172.</b> <i>Yaqin </i>means, certainty; security; death (Aqrab). (<a href='javascript:void(0)' data-id='ref_74_48_3172' class='ref'>close</a>)</p> </div> </div><div><div class='reference' data-id='ref_74_48_a' style='display:none'> <p><b>a.</b> <a href='/quran/15:100' target=_blank>15:100</a>. (<a href='javascript:void(0)' data-id='ref_74_48_a' class='ref'>close</a>)</p> </div> </div> </span> </div> </div> <div class=\"row urdu\" align=\"right\" dir=\"rtl\" style=\"margin-top:10px\"> <div class=\"col-lg-12\"> <span class=\"translationheading\">اُردو</span><br> <span class=\"urdutarjma\">یہاں تک کہ موت نے ہمیں آلیا۔</span> </div> </div> <div class=\"row urdu2\" align=\"right\" dir=\"rtl\" style=\"display:none; margin-top:10px\"> <div class=\"col-lg-12\"> <span class=\"translationheading\">اُردو تفسیر صغیر</span><br> <span class=\"urdutarjma\">یہاں تک کہ ہم پر موت آگئی۔ </span> </div> </div> <div class=\"row french\" align=\"left\" dir=\"ltr\" style=\"display:none; margin-top:10px\"> <div class=\"col-lg-12\"> <span class=\"translationheading\">Français</span><br> <span class=\"translationtext\">Jusqu’à ce que la mort nous frappât. »</span> </div> </div> <div class=\"row spanish\" align=\"left\" dir=\"ltr\" style=\"display:none; margin-top:10px\"> <div class=\"col-lg-12\"> <span class=\"translationheading\">Español</span><br> <span class=\"translationtext\">“Hasta que la muerte cayó sobre nosotros”.</span> </div> </div> <div class=\"row german\" align=\"left\" dir=\"ltr\" style=\"display:none; margin-top:10px\"> <div class=\"col-lg-12\"> <span class=\"translationheading\">Deutsch</span><br> <span class=\"translationtext\">bis der Tod uns ereilte.\"", "spanish": " Responderán: “No fuimos de los que ofrecían oraciones”,", "urdu": " وہ جواب دیں گے‘ ہم نماز نہیں پڑھا کرتے تھے۔"}, {"arabic": " فَمَا تَنۡفَعُہُمۡ شَفَاعَۃُ الشّٰفِعِیۡنَ ﴿ؕ۴۹﴾", "english": " So the intercession of intercessors will not avail them.", "french": " Aussi l’intercession des intercesseurs ne leur sera d’aucun profit.", "german": " Drum wird ihnen die Fürsprache der Fürsprecher nicht nützen.", "spanish": " De nada les valdrá, pues, la intercesión de los intercesores.", "urdu": " پس ایسے لوگوں کو شفاعت کرنے والوں کی شفاعت فائدہ نہیں دے گی۔"}, {"arabic": " فَمَا لَہُمۡ عَنِ التَّذۡکِرَۃِ مُعۡرِضِیۡنَ ﴿ۙ۵۰﴾", "english": " Now what is the matter with them that they are turning away from the exhortation,", "french": " Qu’est-ce qu’il leur arrive pour qu’ils se détournent de l’Exhortation,", "german": " Was ist ihnen denn, dass sie sich von der Ermahnung abwenden,", "spanish": " Entonces, ¿qué les ocurre que se apartan de la exhortación,", "urdu": " ان لوگوں کو کیا ہو گیا ہے کہ نصیحت سے اس طرح منہ موڑتے ہیں‘ کہ"}, {"arabic": " کَاَنَّہُمۡ حُمُرٌ مُّسۡتَنۡفِرَۃٌ ﴿ۙ۵۱﴾", "english": " As if they were frightened asses", "french": " Comme s’ils étaient des ânes apeurés,", "german": " als wären sie erschreckte Esel,", "spanish": " Como si fuesen asnos asustados,", "urdu": " گویا وہ ڈرے ہوئے گدھے ہیں۔"}, {"arabic": " فَرَّتۡ مِنۡ قَسۡوَرَۃٍ ﴿ؕ۵۲﴾", "english": " Fleeing from a lion?", "french": " Fuyant devant un lion ?", "german": " die vor einem Löwen flüchten?", "spanish": " Que huyen de un león?", "urdu": " جو شیر کو دیکھ کر بھاگے ہیں۔"}, {"arabic": " بَلۡ یُرِیۡدُ کُلُّ امۡرِیًٴ مِّنۡہُمۡ اَنۡ یُّؤۡتٰی صُحُفًا مُّنَشَّرَۃً ﴿ۙ۵۳﴾", "english": " Nay, every man among them desires to have open sheets of revelation given to him.", "french": " Non , mais chacun d’entre eux désire que des pages ouvertes de révélation lui soient accordées.", "german": " Nein, jedermann von ihnen wünscht, es möchten ihm offene Tafeln der Offenbarung gegeben werden.", "spanish": " ¡No!, cada hombre de entre ellos desea que se le entreguen las hojas abiertas de la revelación .", "urdu": " حقیقت یہ ہے کہ ان میں سے ہر شخص چاہتا ہے کہ اس کے ہاتھ میں کھلی کتاب دی جائے۔"}, {"arabic": " کَلَّا ؕ بَلۡ لَّا یَخَافُوۡنَ الۡاٰخِرَۃَ ﴿ؕ۵۴﴾", "english": " Never! verily they fear not the Hereafter.", "french": " Jamais de la vie ! En vérité, ils ne craignent pas l’au-delà.", "german": " Keineswegs! wahrlich, sie fürchten nicht das Jenseits.", "spanish": " ¡Nunca! En verdad, no temen el Más Allá.", "urdu": " یہ امید پوری ہونے والی نہیں بلکہ حقیقت یہ ہے کہ وہ آخرت سے نہیں ڈرتے۔"}, {"arabic": " کَلَّاۤ اِنَّہٗ تَذۡکِرَۃٌ ﴿ۚ۵۵﴾", "english": " Never! verily this is an exhortation.", "french": " Jamais de la vie ! En vérité, ceci est une exhortation.", "german": " Keineswegs! wahrlich, dies ist eine Ermahnung.", "spanish": " ¡Nunca! Ciertamente esto es una exhortación.", "urdu": " سنو! یہ کلام ایک نصیحت ہے ۔"}, {"arabic": " فَمَنۡ شَآءَ ذَکَرَہٗ ﴿ؕ۵۶﴾", "english": " Let him, then, who will, remember it.", "french": " Alors, que celui qui le veut, s’en souvienne.", "german": " So möge, wer da will, ihrer gedenken.", "spanish": " Que la recuerde, pues, el que quiera.", "urdu": " پس جو چاہے اس سے نصیحت حاصل کرے۔"}, {"arabic": " وَ مَا یَذۡکُرُوۡنَ اِلَّاۤ اَنۡ یَّشَآءَ اللّٰہُ ؕ ہُوَ اَہۡلُ التَّقۡوٰی وَ اَہۡلُ الۡمَغۡفِرَۃِ ﴿٪۵۷﴾", "english": " And they will not remember unless Allah so please. He alone is worthy to be feared and He alone is worthy to forgive.", "french": " Et ils ne s ’en souviendront pas, à moins qu’Allāh ne le veuille. Lui Seul est le Maître de la droiture et le Maître du pardon.", "german": " Und sie werden sich nicht ermahnen lassen, bis Allah so will. Er ist wert der Ehrfurcht und der Eigner der Vergebung.", "spanish": " Mas no recordarán salvo que Al-lah así lo desee. Sólo Él es digno de ser temido y sólo Él es capaz de perdonar.", "urdu": " اور منکر لوگ اللہ کے ارادہ کے بغیر کبھی نصیحت حاصل نہیں کریں گے (اور یہ کوئی بعید بات بھی نہیں کیونکہ) وہ (اللہ) تقویٰ بھی دیتا ہے۔ اور بخشش بھی دیتا ہے۔"}], "Surah": 74}