{"Ayats": [{"arabic": " بِسۡمِ اللّٰہِ الرَّحۡمٰنِ الرَّحِیۡمِ﴿۱﴾", "english": " In the name of Allah, the Gracious, the Merciful.", "french": " Au nom d’Allāh, le Gracieux, le Miséricordieux.", "german": " Im Namen Allahs, des Gnädigen, des Barmherzigen.", "spanish": " En el nombre de Al‑lah, el Clemente, el Misericordioso.", "urdu": " (میں) اللہ کا نام لے کر جو بے حد کرم کرنے والا (اور) باربار رحم کرنے والا ہے (پڑھتا ہوں)"}, {"arabic": " اَلۡقَارِعَۃُ ۙ﴿۲﴾", "english": " The great Calamity!", "french": " Le Grand Bruit effroyable !", "german": " Die Katastrophe!", "spanish": " ¡La gran Calamidad!", "urdu": " (دنیا پر) ایک شدید مصیبت (آنے والی ہے)"}, {"arabic": " مَا الۡقَارِعَۃُ ۚ﴿۳﴾", "english": " What is the great Calamity?", "french": " Qu’est-ce le Grand Bruit effroyable ?", "german": " Was ist die Katastrophe?", "spanish": " ¿Qué es la gran Calamidad?", "urdu": " اور تجھے کیا معلوم کہ وہ مصیبت کیسی ہے۔"}, {"arabic": " وَ مَاۤ اَدۡرٰٮکَ مَا الۡقَارِعَۃُ ؕ﴿۴﴾", "english": " And what should make thee know what the great Calamity is?", "french": " Et qu’est-ce qui te fera savoir ce qu’est le Grand Bruit effroyable ?", "german": " Und was lehrt dich wissen, was die Katastrophe ist? –", "spanish": " Y ¿qué te dará a conocer lo que es la gran Calamidad?", "urdu": " اور (پھر ہم کہتے ہیں کہ اے مخاطب)! تجھے کیا معلوم ہے کہ یہ (عظیم الشان) مصیبت کیا چیز ہے۔"}, {"arabic": " یَوۡمَ یَکُوۡنُ النَّاسُ کَالۡفَرَاشِ الۡمَبۡثُوۡثِ ۙ﴿۵﴾", "english": " The day when mankind will be like scattered moths,", "french": " Le jour où les hommes seront comme des phalènes dispersées,", "german": " An einem Tage, da die Menschen gleich verstreuten Motten sein werden,", "spanish": " El día en que la humanidad sea como polillas desperdigadas.", "urdu": " (یہ مصیبت جب آئے گی) اس وقت لوگ پراگندہ پروانوں کی طرح (حیران پھر رہے) ہوں گے۔"}, {"arabic": " وَ تَکُوۡنُ الۡجِبَالُ کَالۡعِہۡنِ الۡمَنۡفُوۡشِ ؕ﴿۶﴾", "english": " And the mountains will be like carded wool.", "french": " Et que les montagnes deviendront comme de la laine cardée.", "german": " und die Berge wie Streichwolle werden.", "spanish": " Y las montañas sean como lana cardada.", "urdu": " اور پہاڑ اس پشم کی مانند ہو جائیں گے جو دھنکی ہوئی ہوتی ہے۔"}, {"arabic": " فَاَمَّا مَنۡ ثَقُلَتۡ مَوَازِیۡنُہٗ ۙ﴿۷﴾", "english": " Then, as for him whose scales are heavy,", "french": " Alors, quant à celui dont la balance est lourde,", "german": " Dann wird der, dessen Waage schwer ist,", "spanish": " Entonces, en cuanto a aquél cuyas balanzas sean pesadas,", "urdu": " اس وقت جس کے (اعمال کے) پلڑے بھاری ہوں گے۔"}, {"arabic": " فَہُوَ فِیۡ عِیۡشَۃٍ رَّاضِیَۃٍ ؕ﴿۸﴾", "english": " He will have a pleasant life.", "french": " Il jouira d’une vie agréable.", "german": " ein angenehmes Leben genießen.", "spanish": " Tendrá una vida agradable.", "urdu": " وہ تو (بہترین اور) پسندیدہ حالت میں ہوگا۔"}, {"arabic": " وَ اَمَّا مَنۡ خَفَّتۡ مَوَازِیۡنُہٗ ۙ﴿۹﴾", "english": " But as for him whose scales are light,", "french": " Mais quant à celui dont la balance est légère,", "german": " Der aber, dessen Waage leicht ist,", "spanish": " Mas aquél cuyas balanzas sean ligeras,", "urdu": " اور جس کے (اعمال کے) پلڑے ہلکے ہوں گے۔"}, {"arabic": " فَاُمُّہٗ ہَاوِیَۃٌ ؕ﴿۱۰﴾", "english": " Hell will be his nursing mother.", "french": " Sa mère sera ‘Hāwiyah’.", "german": " die Hölle wird seine Mutter sein.", "spanish": " Su madre será “Haviyah”.", "urdu": " اس کا ٹھکانا ہاویہ (یعنی جہنم) ہوگا۔"}, {"arabic": " وَ مَاۤ اَدۡرٰٮکَ مَا ہِیَہۡ ﴿ؕ۱۱﴾", "english": " And what should make thee know what that is?", "french": " Et qu’est-ce qui te ferait savoir ce qu’est cela ?", "german": " Und was lehrt dich wissen, was das ist? –", "spanish": " Mas ¿qué te dará a conocer lo que es eso?", "urdu": " اور (اے مخاطب)! تجھے کیا معلوم ہے کہ یہ (ہاویہ) کیا ہے۔"}, {"arabic": " نَارٌ حَامِیَۃٌ ﴿٪۱۲﴾", "english": " It is a burning Fire.", "french": " C’est un Feu brûlant.", "german": " ein rasendes Feuer.", "spanish": " Es un Fuego llameante.", "urdu": " یہ ایک دہکتی ہوئی آگ ہے۔"}], "Surah": 101}