{"Ayats": [{"arabic": " بِسۡمِ اللّٰہِ الرَّحۡمٰنِ الرَّحِیۡمِ﴿۱﴾", "english": " In the name of Allah, the Gracious, the Merciful.", "french": " Au nom d’Allāh, le Gracieux, le Miséricordieux.", "german": " Im Namen Allahs, des Gnädigen, des Barmherzigen.", "spanish": " En el nombre de Al‑lah, el Clemente, el Misericordioso.", "urdu": " (میں) اللہ کا نام لے کر جو بے حد کرم کرنے والا (اور) باربار رحم کرنے والا ہے (پڑھتا ہوں)"}, {"arabic": " قُلۡ اَعُوۡذُ بِرَبِّ الۡفَلَقِ ۙ﴿۲﴾", "english": " Say, ‘I seek refuge in the Lord of the dawn,", "french": " Dis : « Je cherche refuge auprès du Seigneur du clivage,", "german": " Sprich: \"Ich suche Zuflucht beim Herrn der Morgendämmerung,</span> </div> </div> <div class=\"row links\" style=\"margin-top:10px;\"> <div class=\"col-lg-12 center\"> <font size=\"-1\" style=\"font-family:Arial, Helvetica, sans-serif; color: #777\"> Read: <a target=\"_blank\" href=\"/quran/tafseer/?verse=113:2&region=E1&CR=E3,E2\" title=\"English Translation with Detailed Commentary with Meanings of Some Key Words\">Detailed English Commentary</a> | <a href=\"/quran/tafseer/?verse=113:2&region=TS&CR=UR,P1,H1,T1\" title=\"Urdu Tafseer-e-Saghir alongwith other Tafaseer\" target=\"_blank\">Urdu Tafaseer <font style=\"font-family: 'Jameel Noori Nastaleeq', -apple-system, BlinkMacSystemFont, 'Urdu Naskh Asiatype', 'Nafees Web Naskh';\">اردو تفاسیر</font></a> </font> </div></div> <hr size='1'> <div class=\"row\" id=\"Arabic3\" class='indopak' style=\"padding: 5px\"> <div class=\"col-lg-1\"> <a name=\"Arabic3\"></a> <font color=\"#939598\" style=\"font-size:1.1em\"> [<a href='/quran/113:3' style='text-decoration:underline'>113:3</a>]</font> </div> <div class=\"col-lg-1\"> <button onclick=\"aud_play_pause(3)\"><i class=\"fa fa-play\" style=\"color: #777\" aria-hidden=\"true\" id=\"control3\"></i></button> <audio id=\"player3\" class=\"audioplayer\" /> </div><div class=\"col-lg-10\" align=\"right\" dir=\"rtl\"></div> </div> <div class=\"row\"> <div class=\"col-lg-12\" align=\"right\" dir=\"rtl\"> <p class=\"arabicverse\">مِنۡ شَرِّ مَا خَلَقَ ۙ﴿۳﴾ </p> </div> </div> <div class=\"row english\" align=\"left\" dir=\"ltr\" style=\"margin-top:10px\"> <div class=\"col-lg-12\"> <span class=\"translationheading\">English</span><br> <span class=\"translationtext\">‘From the evil of that which He has created,</span> </div> </div> <div class=\"row english2\" align=\"left\" dir=\"ltr\" style=\"display:none; margin-top:10px\"> <div class=\"col-lg-12\"> <span class=\"translationheading\">English Short Commentary</span><br> <span class=\"translationtext\"> ‘From the evil of that which He has created, </span> </div> </div> <div class=\"row urdu\" align=\"right\" dir=\"rtl\" style=\"margin-top:10px\"> <div class=\"col-lg-12\"> <span class=\"translationheading\">اُردو</span><br> <span class=\"urdutarjma\">اُس کے شر سے جو اس نے پیدا کیا۔</span> </div> </div> <div class=\"row urdu2\" align=\"right\" dir=\"rtl\" style=\"display:none; margin-top:10px\"> <div class=\"col-lg-12\"> <span class=\"translationheading\">اُردو تفسیر صغیر</span><br> <span class=\"urdutarjma\">اس کی ہر مخلوق کی (ظاہری و باطنی) برائی سے (بچنے کے لئے) </span> </div> </div> <div class=\"row french\" align=\"left\" dir=\"ltr\" style=\"display:none; margin-top:10px\"> <div class=\"col-lg-12\"> <span class=\"translationheading\">Français</span><br> <span class=\"translationtext\">Contre le mal de ce qu’Il a créé.</span> </div> </div> <div class=\"row spanish\" align=\"left\" dir=\"ltr\" style=\"display:none; margin-top:10px\"> <div class=\"col-lg-12\"> <span class=\"translationheading\">Español</span><br> <span class=\"translationtext\">“De la malicia de cuanto creó,</span> </div> </div> <div class=\"row german\" align=\"left\" dir=\"ltr\" style=\"display:none; margin-top:10px\"> <div class=\"col-lg-12\"> <span class=\"translationheading\">Deutsch</span><br> <span class=\"translationtext\">vor dem Übel dessen, was Er erschaffen,</span> </div> </div> <div class=\"row links\" style=\"margin-top:10px;\"> <div class=\"col-lg-12 center\"> <font size=\"-1\" style=\"font-family:Arial, Helvetica, sans-serif; color: #777\"> Read: <a target=\"_blank\" href=\"/quran/tafseer/?verse=113:3&region=E1&CR=E3,E2\" title=\"English Translation with Detailed Commentary with Meanings of Some Key Words\">Detailed English Commentary</a> | <a href=\"/quran/tafseer/?verse=113:3&region=TS&CR=UR,P1,H1,T1\" title=\"Urdu Tafseer-e-Saghir alongwith other Tafaseer\" target=\"_blank\">Urdu Tafaseer <font style=\"font-family: 'Jameel Noori Nastaleeq', -apple-system, BlinkMacSystemFont, 'Urdu Naskh Asiatype', 'Nafees Web Naskh';\">اردو تفاسیر</font></a> </font> </div></div> <hr size='1'> <div class=\"row\" id=\"Arabic4\" class='indopak' style=\"padding: 5px\"> <div class=\"col-lg-1\"> <a name=\"Arabic4\"></a> <font color=\"#939598\" style=\"font-size:1.1em\"> [<a href='/quran/113:4' style='text-decoration:underline'>113:4</a>]</font> </div> <div class=\"col-lg-1\"> <button onclick=\"aud_play_pause(4)\"><i class=\"fa fa-play\" style=\"color: #777\" aria-hidden=\"true\" id=\"control4\"></i></button> <audio id=\"player4\" class=\"audioplayer\" /> </div><div class=\"col-lg-10\" align=\"right\" dir=\"rtl\"></div> </div> <div class=\"row\"> <div class=\"col-lg-12\" align=\"right\" dir=\"rtl\"> <p class=\"arabicverse\">وَ مِنۡ شَرِّ غَاسِقٍ اِذَا وَقَبَ ۙ﴿۴﴾ </p> </div> </div> <div class=\"row english\" align=\"left\" dir=\"ltr\" style=\"margin-top:10px\"> <div class=\"col-lg-12\"> <span class=\"translationheading\">English</span><br> <span class=\"translationtext\">‘And from the evil of the night when it overspreads,</span> </div> </div> <div class=\"row english2\" align=\"left\" dir=\"ltr\" style=\"display:none; margin-top:10px\"> <div class=\"col-lg-12\"> <span class=\"translationheading\">English Short Commentary</span><br> <span class=\"translationtext\"> ‘And from the evil of darkness<sup class='ref'>[<a class='ref' data-id='ref_113_4_3471' href='#'>3471</a>]</sup> when it over-spreads, <div class=\"footnote\"> <span class='collapsible plus' data-id='ref_113_4_3471'>3471</span></div> <div><a name='3471'></a><div class='reference' data-id='ref_113_4_3471' style='display:none'> <p><b>3471.</b> The verse may refer to the evils of the time when the light of Truth becomes extinguished and the darkness of sin and iniquity spreads over the entire face of the earth. Or, it may refer to the evils of the time when one is overwhelmed by distress and privation, and it is darkness all around him and the last ray of hope disappears. (<a href='javascript:void(0)' data-id='ref_113_4_3471' class='ref'>close</a>)</p> </div> </div> </span> </div> </div> <div class=\"row urdu\" align=\"right\" dir=\"rtl\" style=\"margin-top:10px\"> <div class=\"col-lg-12\"> <span class=\"translationheading\">اُردو</span><br> <span class=\"urdutarjma\">اور اندھیرا کرنے والے کے شر سے جب وہ چھا چکا ہو۔</span> </div> </div> <div class=\"row urdu2\" align=\"right\" dir=\"rtl\" style=\"display:none; margin-top:10px\"> <div class=\"col-lg-12\"> <span class=\"translationheading\">اُردو تفسیر صغیر</span><br> <span class=\"urdutarjma\">اور اندھیرا کرنے والے کی ہر شرارت سے (بچنے کے لئے) جب وہ اندھیرا کر دیتا ہے۔ </span> </div> </div> <div class=\"row french\" align=\"left\" dir=\"ltr\" style=\"display:none; margin-top:10px\"> <div class=\"col-lg-12\"> <span class=\"translationheading\">Français</span><br> <span class=\"translationtext\">Et contre le mal de la nuit lorsqu’elle s’étend,</span> </div> </div> <div class=\"row spanish\" align=\"left\" dir=\"ltr\" style=\"display:none; margin-top:10px\"> <div class=\"col-lg-12\"> <span class=\"translationheading\">Español</span><br> <span class=\"translationtext\">“Y de la maldad de la noche cuando se extiende,</span> </div> </div> <div class=\"row german\" align=\"left\" dir=\"ltr\" style=\"display:none; margin-top:10px\"> <div class=\"col-lg-12\"> <span class=\"translationheading\">Deutsch</span><br> <span class=\"translationtext\">und vor dem Übel der Nacht, wenn sie sich verbreitet,</span> </div> </div> <div class=\"row links\" style=\"margin-top:10px;\"> <div class=\"col-lg-12 center\"> <font size=\"-1\" style=\"font-family:Arial, Helvetica, sans-serif; color: #777\"> Read: <a target=\"_blank\" href=\"/quran/tafseer/?verse=113:4&region=E1&CR=E3,E2\" title=\"English Translation with Detailed Commentary with Meanings of Some Key Words\">Detailed English Commentary</a> | <a href=\"/quran/tafseer/?verse=113:4&region=TS&CR=UR,P1,H1,T1\" title=\"Urdu Tafseer-e-Saghir alongwith other Tafaseer\" target=\"_blank\">Urdu Tafaseer <font style=\"font-family: 'Jameel Noori Nastaleeq', -apple-system, BlinkMacSystemFont, 'Urdu Naskh Asiatype', 'Nafees Web Naskh';\">اردو تفاسیر</font></a> </font> </div></div> <hr size='1'> <div class=\"row\" id=\"Arabic5\" class='indopak' style=\"padding: 5px\"> <div class=\"col-lg-1\"> <a name=\"Arabic5\"></a> <font color=\"#939598\" style=\"font-size:1.1em\"> [<a href='/quran/113:5' style='text-decoration:underline'>113:5</a>]</font> </div> <div class=\"col-lg-1\"> <button onclick=\"aud_play_pause(5)\"><i class=\"fa fa-play\" style=\"color: #777\" aria-hidden=\"true\" id=\"control5\"></i></button> <audio id=\"player5\" class=\"audioplayer\" /> </div><div class=\"col-lg-10\" align=\"right\" dir=\"rtl\"></div> </div> <div class=\"row\"> <div class=\"col-lg-12\" align=\"right\" dir=\"rtl\"> <p class=\"arabicverse\">وَ مِنۡ شَرِّ النَّفّٰثٰتِ فِی الۡعُقَدِ ۙ﴿۵﴾ </p> </div> </div> <div class=\"row english\" align=\"left\" dir=\"ltr\" style=\"margin-top:10px\"> <div class=\"col-lg-12\"> <span class=\"translationheading\">English</span><br> <span class=\"translationtext\">‘And from the evil of those who blow into knots <em>to undo them</em>,</span> </div> </div> <div class=\"row english2\" align=\"left\" dir=\"ltr\" style=\"display:none; margin-top:10px\"> <div class=\"col-lg-12\"> <span class=\"translationheading\">English Short Commentary</span><br> <span class=\"translationtext\"> ‘And from the evil of those who blow upon the knots<sup class='ref'>[<a class='ref' data-id='ref_113_5_3472' href='#'>3472</a>]</sup><i>of mutual relationships to undo them</i>, <div class=\"footnote\"> <span class='collapsible plus' data-id='ref_113_5_3472'>3472</span></div> <div><a name='3472'></a><div class='reference' data-id='ref_113_5_3472' style='display:none'> <p><b>3472.</b> The reference in the verse seems to be to those whisperers of evil suggestions who cause solemn contracts and friendships to break down and inspire people with a spirit of defiance of the established authority, or with violating the oath of fealty, and thus seek to create discord and dissension among the Muslim Community and encourage fissiparous tendencies among them. This <i>Surah </i>deals with the material side of man’s life as the next does with its spiritual side. Man is confronted with various kinds of dangers and difficulties in life. When he is engaged in an undertaking of a serious import, particularly when he takes it upon himself to spread the light of Truth, forces 1of darkness surround him on all sides; and when he appears to succeed, men of evil designs bar his way and create all sorts of impediments and difficulties for him. But when at last success dawns on him, persons of jealous nature seek to deprive him of the fruits of his labour. As protection against all these obstacles, difficulties and perils in life, a believer is enjoined to invoke the help and assistance of the Lord of <i>Falaq </i>to give him light when darkness is all round; and to protect him from the evil designs of mischief-makers and the nefarious machinations of jealous persons. (<a href='javascript:void(0)' data-id='ref_113_5_3472' class='ref'>close</a>)</p> </div> </div> </span> </div> </div> <div class=\"row urdu\" align=\"right\" dir=\"rtl\" style=\"margin-top:10px\"> <div class=\"col-lg-12\"> <span class=\"translationheading\">اُردو</span><br> <span class=\"urdutarjma\">اور گِرہوں میں پھونکنے والیوں کے شر سے۔</span> </div> </div> <div class=\"row urdu2\" align=\"right\" dir=\"rtl\" style=\"display:none; margin-top:10px\"> <div class=\"col-lg-12\"> <span class=\"translationheading\">اُردو تفسیر صغیر</span><br> <span class=\"urdutarjma\">اور تمام ایسے نفوس کی شرارت سے (بچنے کے لئے بھی) جو (باہمی تعلقات کی) گرہ میں (تعلق تڑوانے کی نیت سے) پھونکیں مارتے ہیں۔ </span> </div> </div> <div class=\"row french\" align=\"left\" dir=\"ltr\" style=\"display:none; margin-top:10px\"> <div class=\"col-lg-12\"> <span class=\"translationheading\">Français</span><br> <span class=\"translationtext\">Et contre le mal de ceux qui soufflent sur les nœuds <em>pour les défaire</em>,</span> </div> </div> <div class=\"row spanish\" align=\"left\" dir=\"ltr\" style=\"display:none; margin-top:10px\"> <div class=\"col-lg-12\"> <span class=\"translationheading\">Español</span><br> <span class=\"translationtext\">Y de la maldad de quienes soplan en los nudos <em>para desha­cerlos,</em></span> </div> </div> <div class=\"row german\" align=\"left\" dir=\"ltr\" style=\"display:none; margin-top:10px\"> <div class=\"col-lg-12\"> <span class=\"translationheading\">Deutsch</span><br> <span class=\"translationtext\">und vor dem Übel derer, die auf die Knoten blasen (um sie zu lösen),</span> </div> </div> <div class=\"row links\" style=\"margin-top:10px;\"> <div class=\"col-lg-12 center\"> <font size=\"-1\" style=\"font-family:Arial, Helvetica, sans-serif; color: #777\"> Read: <a target=\"_blank\" href=\"/quran/tafseer/?verse=113:5&region=E1&CR=E3,E2\" title=\"English Translation with Detailed Commentary with Meanings of Some Key Words\">Detailed English Commentary</a> | <a href=\"/quran/tafseer/?verse=113:5&region=TS&CR=UR,P1,H1,T1\" title=\"Urdu Tafseer-e-Saghir alongwith other Tafaseer\" target=\"_blank\">Urdu Tafaseer <font style=\"font-family: 'Jameel Noori Nastaleeq', -apple-system, BlinkMacSystemFont, 'Urdu Naskh Asiatype', 'Nafees Web Naskh';\">اردو تفاسیر</font></a> </font> </div></div> <hr size='1'> <div class=\"row\" id=\"Arabic6\" class='indopak' style=\"padding: 5px\"> <div class=\"col-lg-1\"> <a name=\"Arabic6\"></a> <font color=\"#939598\" style=\"font-size:1.1em\"> [<a href='/quran/113:6' style='text-decoration:underline'>113:6</a>]</font> </div> <div class=\"col-lg-1\"> <button onclick=\"aud_play_pause(6)\"><i class=\"fa fa-play\" style=\"color: #777\" aria-hidden=\"true\" id=\"control6\"></i></button> <audio id=\"player6\" class=\"audioplayer\" /> </div><div class=\"col-lg-10\" align=\"right\" dir=\"rtl\"></div> </div> <div class=\"row\"> <div class=\"col-lg-12\" align=\"right\" dir=\"rtl\"> <p class=\"arabicverse\">وَ مِنۡ شَرِّ حَاسِدٍ اِذَا حَسَدَ ٪﴿۶﴾ </p> </div> </div> <div class=\"row english\" align=\"left\" dir=\"ltr\" style=\"margin-top:10px\"> <div class=\"col-lg-12\"> <span class=\"translationheading\">English</span><br> <span class=\"translationtext\">‘And from the evil of the envier when he envies.’</span> </div> </div> <div class=\"row english2\" align=\"left\" dir=\"ltr\" style=\"display:none; margin-top:10px\"> <div class=\"col-lg-12\"> <span class=\"translationheading\">English Short Commentary</span><br> <span class=\"translationtext\"> ‘And from the evil of the envier when he envies.’ </span> </div> </div> <div class=\"row urdu\" align=\"right\" dir=\"rtl\" style=\"margin-top:10px\"> <div class=\"col-lg-12\"> <span class=\"translationheading\">اُردو</span><br> <span class=\"urdutarjma\">اور حاسد کے شر سے جب وہ حسد کرے۔</span> </div> </div> <div class=\"row urdu2\" align=\"right\" dir=\"rtl\" style=\"display:none; margin-top:10px\"> <div class=\"col-lg-12\"> <span class=\"translationheading\">اُردو تفسیر صغیر</span><br> <span class=\"urdutarjma\">اور ہر حاسد کی شرارت سے (بھی) جب وہ حسد پر تل جاتا ہے۔ </span> </div> </div> <div class=\"row french\" align=\"left\" dir=\"ltr\" style=\"display:none; margin-top:10px\"> <div class=\"col-lg-12\"> <span class=\"translationheading\">Français</span><br> <span class=\"translationtext\">Et contre le mal de l’envieux lorsqu’il envie. »</span> </div> </div> <div class=\"row spanish\" align=\"left\" dir=\"ltr\" style=\"display:none; margin-top:10px\"> <div class=\"col-lg-12\"> <span class=\"translationheading\">Español</span><br> <span class=\"translationtext\">“Y de la maldad del envidioso, cuando envidia.”</span> </div> </div> <div class=\"row german\" align=\"left\" dir=\"ltr\" style=\"display:none; margin-top:10px\"> <div class=\"col-lg-12\"> <span class=\"translationheading\">Deutsch</span><br> <span class=\"translationtext\">und vor dem Übel des Neiders, wenn er neidet.\"", "spanish": " Di: “Busco refugio en el Señor de la hendidura,", "urdu": " (ہم ہر زمانہ کے مسلمان سے کہتے ہیں کہ) تو (دوسرے لوگوں سے) کہتا چلا جا کہ میں مخلوقات کے رب سے (اس کی) پناہ طلب کرتا ہوں۔"}, {"arabic": " مِنۡ شَرِّ مَا خَلَقَ ۙ﴿۳﴾", "english": " ‘From the evil of that which He has created,", "french": " Contre le mal de ce qu’Il a créé.", "german": " vor dem Übel dessen, was Er erschaffen,", "spanish": " “De la malicia de cuanto creó,", "urdu": " اس کی ہر مخلوق کی (ظاہری و باطنی) برائی سے (بچنے کے لئے)"}, {"arabic": " وَ مِنۡ شَرِّ غَاسِقٍ اِذَا وَقَبَ ۙ﴿۴﴾", "english": " ‘And from the evil of the night when it overspreads,", "french": " Et contre le mal de la nuit lorsqu’elle s’étend,", "german": " und vor dem Übel der Nacht, wenn sie sich verbreitet,", "spanish": " “Y de la maldad de la noche cuando se extiende,", "urdu": " اور اندھیرا کرنے والے کی ہر شرارت سے (بچنے کے لئے) جب وہ اندھیرا کر دیتا ہے۔"}, {"arabic": " وَ مِنۡ شَرِّ النَّفّٰثٰتِ فِی الۡعُقَدِ ۙ﴿۵﴾", "english": " ‘And from the evil of those who blow into knots to undo them ,", "french": " Et contre le mal de ceux qui soufflent sur les nœuds pour les défaire ,", "german": " und vor dem Übel derer, die auf die Knoten blasen (um sie zu lösen),", "spanish": " Y de la maldad de quienes soplan en los nudos para desha­cerlos,", "urdu": " اور تمام ایسے نفوس کی شرارت سے (بچنے کے لئے بھی) جو (باہمی تعلقات کی) گرہ میں (تعلق تڑوانے کی نیت سے) پھونکیں مارتے ہیں۔"}, {"arabic": " وَ مِنۡ شَرِّ حَاسِدٍ اِذَا حَسَدَ ٪﴿۶﴾", "english": " ‘And from the evil of the envier when he envies.’", "french": " Et contre le mal de l’envieux lorsqu’il envie. »", "german": "", "spanish": " “Y de la maldad del envidioso, cuando envidia.”", "urdu": " اور ہر حاسد کی شرارت سے (بھی) جب وہ حسد پر تل جاتا ہے۔"}], "Surah": 113}