{"Ayats": [{"arabic": " بِسۡمِ اللّٰہِ الرَّحۡمٰنِ الرَّحِیۡمِ﴿۱﴾", "english": " In the name of Allah, the Gracious, the Merciful.", "french": " Au nom d’Allāh, le Gracieux, le Miséricordieux.", "german": " Im Namen Allahs, des Gnädigen, des Barmherzigen.", "spanish": " En el nombre de Al-lah, el Clemente, el Misericordioso.", "urdu": " (میں) اللہ کا نام لے کر جو بے حد کرم کرنے والا (اور) باربار رحم کرنے والا ہے (پڑھتا ہوں)"}, {"arabic": " وَ الۡمُرۡسَلٰتِ عُرۡفًا ۙ﴿۲﴾", "english": " By the angels who are sent forth with goodness,", "french": " Par ceux-là qui sont envoyés avec douceur,", "german": " Bei denen, die gute Gedanken in die Herzen senden,", "spanish": " Por los que son enviados lentamente,", "urdu": " میں شہادت کے طور پر ان ہستیوں کو پیش کرتا ہوں جو پہلے آہستگی سے چلائی جاتی ہیں۔"}, {"arabic": " فَالۡعٰصِفٰتِ عَصۡفًا ۙ﴿۳﴾", "english": " And then they push on with a forceful pushing,", "french": " Qui , ensuite, accélèrent et soufflent fort,", "german": " und bei den stürmischen Wallungen, die stürmen,", "spanish": " Luego ganan velocidad y soplan con rapidez,", "urdu": " پھر وہ تیزی سے چلنے لگ جاتی ہیں۔"}, {"arabic": " وَّ النّٰشِرٰتِ نَشۡرًا ۙ﴿۴﴾", "english": " And by the forces that spread the truth , a good spreading,", "french": " Et par ceux qui diffusent, d’une bonne diffusion,", "german": " und bei den Kräften, die stets (die Wahrheit) verbreiten,", "spanish": " Y por los que extienden con una minuciosa extensión,", "urdu": " اور میں دنیا میں پھیلا دینے والی ہستیوں کو بھی شہادت کے طور پر پیش کرتا ہوں۔"}, {"arabic": " فَالۡفٰرِقٰتِ فَرۡقًا ۙ﴿۵﴾", "english": " And then they distinguish fully between good and evil .", "french": " Puis, ils font des distinctions claires.", "german": " und dann zwischen (Gut und Böse) unterscheiden,", "spanish": " Y luego hacen claras distinciones.", "urdu": " اور حق اور باطل میں فرق کر دینے والی ہستیوں کو۔"}, {"arabic": " فَالۡمُلۡقِیٰتِ ذِکۡرًا ۙ﴿۶﴾", "english": " Then they carry the exhortation far and wide", "french": " Puis ils transmettent le Rappel,", "german": " und dann die Ermahnung überall tragen,", "spanish": " Y por aquellos que entregan el Recordatorio ,", "urdu": " اور خدا کا کلام سنانے والی ہستیوں کو۔"}, {"arabic": " عُذۡرًا اَوۡ نُذۡرًا ۙ﴿۷﴾", "english": " To excuse some and warn others .", "french": " Se déchargeant ainsi de toute responsabilité, ou pour avertir.", "german": " zu entschuldigen oder zu warnen.", "spanish": " Absolviéndose ellos de la responsabilidad, o por medio de la advertencia.", "urdu": " اس غرض سے بھی کہ لوگوں پر حجت تمام ہو جائے۔ اور اس غرض سے بھی کہ لوگوں کو ہوشیار کر دیا جائے۔"}, {"arabic": " اِنَّمَا تُوۡعَدُوۡنَ لَوَاقِعٌ ؕ﴿۸﴾", "english": " Verily, that which you are promised must come to pass.", "french": " En vérité, ce qui vous est promis doit s’accomplir.", "german": " Wahrlich, was euch verheißen ward, muss sich erfüllen.", "spanish": " En verdad, lo que se os ha prometido ocurrirá.", "urdu": " تم سے جس بات کا وعدہ کیا جاتا ہے وہ پوری ہو کر رہے گی۔"}, {"arabic": " فَاِذَا النُّجُوۡمُ طُمِسَتۡ ۙ﴿۹﴾", "english": " So when the stars are made to lose their light,", "french": " Alors, quand les étoiles seront dépourvues de leur lumière,", "german": " Wenn dann die Sterne erlöschen", "spanish": " Así, cuando se haga que las estrellas pierdan su luz,", "urdu": " اور جب ستارے ماند پڑ جائیں گے۔"}, {"arabic": " وَ اِذَا السَّمَآءُ فُرِجَتۡ ۙ﴿۱۰﴾", "english": " And when the heaven is rent asunder,", "french": " Et quand toutes sortes de trous se feront dans le ciel,", "german": " und (die Pforten des) Himmels sich öffnen,", "spanish": " Cuando el cielo se rompa en pedazos,", "urdu": " اور آسمان میں شگاف ہو جائیں گے۔"}, {"arabic": " وَ اِذَا الۡجِبَالُ نُسِفَتۡ ﴿ۙ۱۱﴾", "english": " And when the mountains are blown away,", "french": " Et quand les montagnes seront arrachées,", "german": " und wenn die Berge hinweggeblasen sind", "spanish": " Cuando las montañas sean aventadas,", "urdu": " اور جب پہاڑ اڑائے جائیں گے۔"}, {"arabic": " وَ اِذَا الرُّسُلُ اُقِّتَتۡ ﴿ؕ۱۲﴾", "english": " And when the Messengers are made to appear at the appointed time —", "french": " Et quand les Messagers seront suscités à l’heure désignée –", "german": " und die Gesandten zu ihrer vorbestimmten Zeit gebracht werden –", "spanish": " Y cuando se haga aparecer a los Mensajeros en la hora fijada", "urdu": " اور جب سب رسول اپنے وقت مقررہ پر لائے جائیں گے۔"}, {"arabic": " لِاَیِّ یَوۡمٍ اُجِّلَتۡ ﴿ؕ۱۳﴾", "english": " For what day has the time of these happenings been appointed?", "french": " Pour quel jour le temps de ces événements a-t-il été fixé ?", "german": " für welchen Tag sind (diese Geschehnisse) aufgeschoben worden?", "spanish": " ¿Para qué día ha sido fijada la hora de estos acontecimientos?", "urdu": " (اور لوگوں سے کہا جائے گا کہ) یہ بات کس دن کے لئے اٹھا رکھی گئی تھی؟"}, {"arabic": " لِیَوۡمِ الۡفَصۡلِ ﴿ۚ۱۴﴾", "english": " For the Day of Decision.", "french": " Pour le Jour de la Décision !", "german": " Für den Tag der Entscheidung.", "spanish": " Para el Día de la Decisión.", "urdu": " (ایک) فیصلہ کرنے والے دن کے لئے۔"}, {"arabic": " وَ مَاۤ اَدۡرٰٮکَ مَا یَوۡمُ الۡفَصۡلِ ﴿ؕ۱۵﴾", "english": " And what should make thee know what the Day of Decision is! —", "french": " Et qu’est-ce qui te ferait savoir ce qu'est le Jour de la Décision ? –", "german": " Und wie kannst du wissen, was der Tag der Entscheidung ist! –", "spanish": " ¿Y qué te dará a conocer cuál es el Día de la Decisión?", "urdu": " اور تجھے کیا معلوم ہے کہ فیصلہ کرنے والا دن کیا ہے؟"}, {"arabic": " وَیۡلٌ یَّوۡمَئِذٍ لِّلۡمُکَذِّبِیۡنَ ﴿۱۶﴾", "english": " Woe on that day unto those who reject the truth !", "french": " Malheur ce jour-là à ceux qui rejettent la vérité !", "german": " Wehe an jenem Tag den Leugnern!", "spanish": " ¡Ay en ese día de quienes rechacen la verdad!", "urdu": " اس دن جھٹلانے والوں پر تباہی آئے گی (اس میں کوئی بھی شبہ نہیں)"}, {"arabic": " اَلَمۡ نُہۡلِکِ الۡاَوَّلِیۡنَ ﴿ؕ۱۷﴾", "english": " Did We not destroy the earlier peoples?", "french": " N’avons-Nous pas anéanti les peuples antérieurs ?", "german": " Haben Wir nicht die Früheren vernichtet?", "spanish": " ¿Acaso no destruimos a los pueblos anteriores?", "urdu": " کیا ہم نے پہلی قوموں کو ہلاک نہیں کیا۔"}, {"arabic": " ثُمَّ نُتۡبِعُہُمُ الۡاٰخِرِیۡنَ ﴿۱۸﴾", "english": " We will now cause the later ones to follow them.", "french": " Nous ferons maintenant que les peuples venus après, les suivent.", "german": " Nun lassen Wir die Späteren ihnen folgen.", "spanish": " Ahora haremos que sus sucesores los sigan.", "urdu": " پھر کیا ہم ان کے بعد آنے والی قوموں کو ان کے پیچھے نہیں چلائیں گے؟ (آخر یہ مختلف سلوک کیوں ہوگا)"}, {"arabic": " کَذٰلِکَ نَفۡعَلُ بِالۡمُجۡرِمِیۡنَ ﴿۱۹﴾", "english": " Thus do We deal with the guilty.", "french": " C’est ainsi que Nous traitons les coupables.", "german": " So verfahren Wir mit den Schuldigen.", "spanish": " Así tratamos ciertamente a los culpables.", "urdu": " ہم مجرموں کے ساتھ ایسا ہی معاملہ کیا کرتے ہیں۔"}, {"arabic": " وَیۡلٌ یَّوۡمَئِذٍ لِّلۡمُکَذِّبِیۡنَ ﴿۲۰﴾", "english": " Woe on that day unto those who reject the truth !", "french": " Malheur ce jour-là à ceux qui rejettent la vérité !", "german": " Wehe an jenem Tag den Leugnern!", "spanish": " ¡Ay en ese día de quienes rechacen la verdad!", "urdu": " اس دن جھٹلانے والوں پر تباہی آئے گی (اس میں کوئی بھی شبہ نہیں)"}, {"arabic": " اَلَمۡ نَخۡلُقۡکُّمۡ مِّنۡ مَّآءٍ مَّہِیۡنٍ ﴿ۙ۲۱﴾", "english": " Did We not create you from an insignificant fluid,", "french": " Ne vous avons-Nous pas créés d’un fluide qui paraît insignifiant,", "german": " Schufen Wir euch nicht aus einer verächtlichen Flüssigkeit,", "spanish": " ¿Acaso no os creamos de un líquido insignificante,", "urdu": " اور ہم ان سے کہیں گے کہ کیا ہم نے تم کو ایک ذلیل پانی (یعنی نطفہ) سے پیدا نہیں کیا۔"}, {"arabic": " فَجَعَلۡنٰہُ فِیۡ قَرَارٍ مَّکِیۡنٍ ﴿ۙ۲۲﴾", "english": " And We placed it in a safe place,", "french": " Et Nous l’avons mis dans un endroit sûr,", "german": " die Wir an sichere Stätte brachten,", "spanish": " Y lo colocamos en un lugar seguro,", "urdu": " اور پھر اس کو ایک ایسی جگہ (یعنی ماں کے رحم میں) رکھ دیا جو اس کو صحیح طور پر محفوظ رکھنے کے قابل تھی۔"}, {"arabic": " اِلٰی قَدَرٍ مَّعۡلُوۡمٍ ﴿ۙ۲۳﴾", "english": " For a known measure of time ?", "french": " Pour une période de temps connue ?", "german": " für eine bewusste Frist?", "spanish": " Por un período de tiempo conocido?", "urdu": " اور جتنی مدت اس نطفہ کا رحم میں رکھنا مناسب تھا اتنی مدت ہم نے اس کو رحم میں رکھا۔"}, {"arabic": " فَقَدَرۡنَا ٭ۖ فَنِعۡمَ الۡقٰدِرُوۡنَ ﴿۲۴﴾", "english": " Thus did We measure, and how excellently do We measure!", "french": " C’est ainsi que Nous mesurâmes ; et comme Nous mesurons excellemment !", "german": " So bemaßen Wir. Wie trefflich ist Unsere Bemessung!", "spanish": " Así medimos Nosotros, y ¡qué bien medimos!", "urdu": " اور ہم نے ایک اندازہ مقرر کیا‘ اور ہم کیا ہی اچھا اندازہ مقرر کرنے والے ہیں۔"}, {"arabic": " وَیۡلٌ یَّوۡمَئِذٍ لِّلۡمُکَذِّبِیۡنَ ﴿۲۵﴾", "english": " Woe on that day unto those who reject the truth !", "french": " Malheur ce jour-là à ceux qui rejettent la vérité !", "german": " Wehe an jenem Tag den Leugnern!", "spanish": " ¡Ay en ese día de quienes rechacen la verdad!", "urdu": " اس دن جھٹلانے والوں پر تباہی آئے گی (اس میں کوئی بھی شبہ نہیں)"}, {"arabic": " اَلَمۡ نَجۡعَلِ الۡاَرۡضَ کِفَاتًا ﴿ۙ۲۶﴾", "english": " Have We not made the earth so as to hold", "french": " N’avons-Nous pas fait la terre pour contenir", "german": " Haben Wir die Erde nicht gemacht, zu halten", "spanish": " ¿Acaso no hemos creado la tierra para que contenga", "urdu": " کیا ہم نے زمین کو زندوں اور مردوں کو سمیٹنے والا نہیں بنایا؟"}, {"arabic": " اَحۡیَآءً وَّ اَمۡوَاتًا ﴿ۙ۲۷﴾", "english": " The living and the dead?", "french": " Les vivants et les morts ?", "german": " die Lebenden und die Toten?", "spanish": " A los vivos y a los muertos?", "urdu": " کیا ہم نے زمین کو زندوں اور مردوں کو سمیٹنے والا نہیں بنایا؟"}, {"arabic": " وَّ جَعَلۡنَا فِیۡہَا رَوَاسِیَ شٰمِخٰتٍ وَّ اَسۡقَیۡنٰکُمۡ مَّآءً فُرَاتًا ﴿ؕ۲۸﴾", "english": " And We placed thereon high mountains, and gave you sweet water to drink.", "french": " Et Nous y avons fait de hautes montagnes, et Nous vous avons donné de l’eau douce à boire.", "german": " Und Wir setzten in sie hohe Berge und gaben euch süßes Wasser zu trinken.", "spanish": " Y colocamos en ella montañas altas y os dimos de beber agua dulce.", "urdu": " اور ہم نے اس میں اونچے پہاڑ بنائے ہیں اور (اس کے نتیجہ میں) تمہیں (بکثرت) میٹھا پانی پلایا ہے۔"}, {"arabic": " وَیۡلٌ یَّوۡمَئِذٍ لِّلۡمُکَذِّبِیۡنَ ﴿۲۹﴾", "english": " Woe on that day unto those who reject the truth !", "french": " Malheur ce jour-là à ceux qui rejettent la vérité !", "german": " Wehe an jenem Tag den Leugnern!", "spanish": " ¡Ay en ese día de quienes rechacen la verdad!", "urdu": " اس دن جھٹلانے والوں پر تباہی آئے گی (اس میں کوئی بھی شبہ نہیں)"}, {"arabic": " اِنۡطَلِقُوۡۤا اِلٰی مَا کُنۡتُمۡ بِہٖ تُکَذِّبُوۡنَ ﴿ۚ۳۰﴾", "english": " ‘Now move on towards that which you treated as a lie,", "french": " « Avancez maintenant vers ce que vous avez traité de mensonge.", "german": " „Gehet nun hin zu dem, was ihr nicht glaubtet.", "spanish": " “Acudid ahora hacia lo que tratasteis de falsedad”,", "urdu": " (ہم ان سے کہیں گے کہ) جس چیز کو تم جھٹلاتے تھے اسی کی طرف جاٶ۔"}, {"arabic": " اِنۡطَلِقُوۡۤا اِلٰی ظِلٍّ ذِیۡ ثَلٰثِ شُعَبٍ ﴿ۙ۳۱﴾", "english": " ‘ Aye , move on towards a shadow which has three sections,", "french": " Oui, avancez vers une sorte d’ ombre qui a trois parties,", "german": " Gehet hin zu einem Schatten, der drei Wandlungen hat,", "spanish": " “Ay, dirigios hacia la sombra que tiene tres partes”,", "urdu": " یعنی اس سائے کی طرف جاٶ‘ جس کے تین پہلو ہیں۔"}, {"arabic": " لَّا ظَلِیۡلٍ وَّ لَا یُغۡنِیۡ مِنَ اللَّہَبِ ﴿ؕ۳۲﴾", "english": " ‘Neither affording shade, nor protecting from the flame.’", "french": " Qui ne donne pas d’ombrage ni ne protège contre la flamme.", "german": " der keine Erleichterung bietet noch vor der Flamme schützt.\"</span> </div> </div> <div class=\"row links\" style=\"margin-top:10px;\"> <div class=\"col-lg-12 center\"> <font size=\"-1\" style=\"font-family:Arial, Helvetica, sans-serif; color: #777\"> Read: <a target=\"_blank\" href=\"/quran/tafseer/?verse=77:32&region=E1&CR=E3,E2\" title=\"English Translation with Detailed Commentary with Meanings of Some Key Words\">Detailed English Commentary</a> | <a href=\"/quran/tafseer/?verse=77:32&region=TS&CR=UR,P1,H1,T1\" title=\"Urdu Tafseer-e-Saghir alongwith other Tafaseer\" target=\"_blank\">Urdu Tafaseer <font style=\"font-family: 'Jameel Noori Nastaleeq', -apple-system, BlinkMacSystemFont, 'Urdu Naskh Asiatype', 'Nafees Web Naskh';\">اردو تفاسیر</font></a> </font> </div></div> <hr size='1'> <div class=\"row\" id=\"Arabic33\" class='indopak' style=\"padding: 5px\"> <div class=\"col-lg-1\"> <a name=\"Arabic33\"></a> <font color=\"#939598\" style=\"font-size:1.1em\"> [<a href='/quran/77:33' style='text-decoration:underline'>77:33</a>]</font> </div> <div class=\"col-lg-1\"> <button onclick=\"aud_play_pause(33)\"><i class=\"fa fa-play\" style=\"color: #777\" aria-hidden=\"true\" id=\"control33\"></i></button> <audio id=\"player33\" class=\"audioplayer\" /> </div><div class=\"col-lg-10\" align=\"right\" dir=\"rtl\"></div> </div> <div class=\"row\"> <div class=\"col-lg-12\" align=\"right\" dir=\"rtl\"> <p class=\"arabicverse\">اِنَّہَا تَرۡمِیۡ بِشَرَرٍ کَالۡقَصۡرِ ﴿ۚ۳۳﴾ </p> </div> </div> <div class=\"row english\" align=\"left\" dir=\"ltr\" style=\"margin-top:10px\"> <div class=\"col-lg-12\"> <span class=\"translationheading\">English</span><br> <span class=\"translationtext\">It throws up sparks like <em>huge</em> castles,</span> </div> </div> <div class=\"row english2\" align=\"left\" dir=\"ltr\" style=\"display:none; margin-top:10px\"> <div class=\"col-lg-12\"> <span class=\"translationheading\">English Short Commentary</span><br> <span class=\"translationtext\"> It throws up sparks like <i>huge </i>castles,<sup class='ref'>[<a class='ref' data-id='ref_77_33_3218' href='#'>3218</a>]</sup> <div class=\"footnote\"> <span class='collapsible plus' data-id='ref_77_33_3218'>3218</span></div> <div><a name='3218'></a><div class='reference' data-id='ref_77_33_3218' style='display:none'> <p><b>3218.</b> As disbelievers sought ease and comfort and took pride in castles and stately buildings, their sins and transgressions will take the form of flames of fire rising high like huge castles. (<a href='javascript:void(0)' data-id='ref_77_33_3218' class='ref'>close</a>)</p> </div> </div> </span> </div> </div> <div class=\"row urdu\" align=\"right\" dir=\"rtl\" style=\"margin-top:10px\"> <div class=\"col-lg-12\"> <span class=\"translationheading\">اُردو</span><br> <span class=\"urdutarjma\">یقیناً وہ ایک قلعہ کی طرح کا شعلہ پھینکتا ہے۔</span> </div> </div> <div class=\"row urdu2\" align=\"right\" dir=\"rtl\" style=\"display:none; margin-top:10px\"> <div class=\"col-lg-12\"> <span class=\"translationheading\">اُردو تفسیر صغیر</span><br> <span class=\"urdutarjma\">بلکہ وہ اتنے اونچے شعلے پھینکتا ہے جو قلعے کے برابر ہوتے ہیں۔ </span> </div> </div> <div class=\"row french\" align=\"left\" dir=\"ltr\" style=\"display:none; margin-top:10px\"> <div class=\"col-lg-12\"> <span class=\"translationheading\">Français</span><br> <span class=\"translationtext\">Elle jette en l’air des flammes <em>hautes</em> comme des châteaux,</span> </div> </div> <div class=\"row spanish\" align=\"left\" dir=\"ltr\" style=\"display:none; margin-top:10px\"> <div class=\"col-lg-12\"> <span class=\"translationheading\">Español</span><br> <span class=\"translationtext\">Lanza chispas como castillos,</span> </div> </div> <div class=\"row german\" align=\"left\" dir=\"ltr\" style=\"display:none; margin-top:10px\"> <div class=\"col-lg-12\"> <span class=\"translationheading\">Deutsch</span><br> <span class=\"translationtext\">Siehe, sie wirft Funken empor gleich Türmen,</span> </div> </div> <div class=\"row links\" style=\"margin-top:10px;\"> <div class=\"col-lg-12 center\"> <font size=\"-1\" style=\"font-family:Arial, Helvetica, sans-serif; color: #777\"> Read: <a target=\"_blank\" href=\"/quran/tafseer/?verse=77:33&region=E1&CR=E3,E2\" title=\"English Translation with Detailed Commentary with Meanings of Some Key Words\">Detailed English Commentary</a> | <a href=\"/quran/tafseer/?verse=77:33&region=TS&CR=UR,P1,H1,T1\" title=\"Urdu Tafseer-e-Saghir alongwith other Tafaseer\" target=\"_blank\">Urdu Tafaseer <font style=\"font-family: 'Jameel Noori Nastaleeq', -apple-system, BlinkMacSystemFont, 'Urdu Naskh Asiatype', 'Nafees Web Naskh';\">اردو تفاسیر</font></a> </font> </div></div> <hr size='1'> <div class=\"row\" id=\"Arabic34\" class='indopak' style=\"padding: 5px\"> <div class=\"col-lg-1\"> <a name=\"Arabic34\"></a> <font color=\"#939598\" style=\"font-size:1.1em\"> [<a href='/quran/77:34' style='text-decoration:underline'>77:34</a>]</font> </div> <div class=\"col-lg-1\"> <button onclick=\"aud_play_pause(34)\"><i class=\"fa fa-play\" style=\"color: #777\" aria-hidden=\"true\" id=\"control34\"></i></button> <audio id=\"player34\" class=\"audioplayer\" /> </div><div class=\"col-lg-10\" align=\"right\" dir=\"rtl\"></div> </div> <div class=\"row\"> <div class=\"col-lg-12\" align=\"right\" dir=\"rtl\"> <p class=\"arabicverse\">کَاَنَّہٗ جِمٰلَتٌ صُفۡرٌ ﴿ؕ۳۴﴾ </p> </div> </div> <div class=\"row english\" align=\"left\" dir=\"ltr\" style=\"margin-top:10px\"> <div class=\"col-lg-12\"> <span class=\"translationheading\">English</span><br> <span class=\"translationtext\">As if they were camels of dim colour.</span> </div> </div> <div class=\"row english2\" align=\"left\" dir=\"ltr\" style=\"display:none; margin-top:10px\"> <div class=\"col-lg-12\"> <span class=\"translationheading\">English Short Commentary</span><br> <span class=\"translationtext\"> As if they were tawny camels.<sup class='ref'>[<a class='ref' data-id='ref_77_34_3218A' href='#'>3218A</a>]</sup> <div class=\"footnote\"> <span class='collapsible plus' data-id='ref_77_34_3218A'>3218A</span></div> <div><a name='3218A'></a><div class='reference' data-id='ref_77_34_3218A' style='display:none'> <p><b>3218A.</b> The Arabs took pride in their camels which formed their greatest source of wealth. (<a href='javascript:void(0)' data-id='ref_77_34_3218A' class='ref'>close</a>)</p> </div> </div> </span> </div> </div> <div class=\"row urdu\" align=\"right\" dir=\"rtl\" style=\"margin-top:10px\"> <div class=\"col-lg-12\"> <span class=\"translationheading\">اُردو</span><br> <span class=\"urdutarjma\">گویا وہ جوگیا رنگ کے اُونٹوں کی طرح ہے۔</span> </div> </div> <div class=\"row urdu2\" align=\"right\" dir=\"rtl\" style=\"display:none; margin-top:10px\"> <div class=\"col-lg-12\"> <span class=\"translationheading\">اُردو تفسیر صغیر</span><br> <span class=\"urdutarjma\">اتنے اونچے کہ گویا وہ بڑے جہازوں کے باندھنے والے زرد رسے معلوم ہوتے ہیں۔ </span> </div> </div> <div class=\"row french\" align=\"left\" dir=\"ltr\" style=\"display:none; margin-top:10px\"> <div class=\"col-lg-12\"> <span class=\"translationheading\">Français</span><br> <span class=\"translationtext\">Comme si elles étaient faites des chameaux jaunes. »</span> </div> </div> <div class=\"row spanish\" align=\"left\" dir=\"ltr\" style=\"display:none; margin-top:10px\"> <div class=\"col-lg-12\"> <span class=\"translationheading\">Español</span><br> <span class=\"translationtext\">Semejantes a múltiples camellos de color cobrizo.</span> </div> </div> <div class=\"row german\" align=\"left\" dir=\"ltr\" style=\"display:none; margin-top:10px\"> <div class=\"col-lg-12\"> <span class=\"translationheading\">Deutsch</span><br> <span class=\"translationtext\">als wären sie Kamele von hellgelber Farbe.</span> </div> </div> <div class=\"row links\" style=\"margin-top:10px;\"> <div class=\"col-lg-12 center\"> <font size=\"-1\" style=\"font-family:Arial, Helvetica, sans-serif; color: #777\"> Read: <a target=\"_blank\" href=\"/quran/tafseer/?verse=77:34&region=E1&CR=E3,E2\" title=\"English Translation with Detailed Commentary with Meanings of Some Key Words\">Detailed English Commentary</a> | <a href=\"/quran/tafseer/?verse=77:34&region=TS&CR=UR,P1,H1,T1\" title=\"Urdu Tafseer-e-Saghir alongwith other Tafaseer\" target=\"_blank\">Urdu Tafaseer <font style=\"font-family: 'Jameel Noori Nastaleeq', -apple-system, BlinkMacSystemFont, 'Urdu Naskh Asiatype', 'Nafees Web Naskh';\">اردو تفاسیر</font></a> </font> </div></div> <hr size='1'> <div class=\"row\" id=\"Arabic35\" class='indopak' style=\"padding: 5px\"> <div class=\"col-lg-1\"> <a name=\"Arabic35\"></a> <font color=\"#939598\" style=\"font-size:1.1em\"> [<a href='/quran/77:35' style='text-decoration:underline'>77:35</a>]</font> </div> <div class=\"col-lg-1\"> <button onclick=\"aud_play_pause(35)\"><i class=\"fa fa-play\" style=\"color: #777\" aria-hidden=\"true\" id=\"control35\"></i></button> <audio id=\"player35\" class=\"audioplayer\" /> </div><div class=\"col-lg-10\" align=\"right\" dir=\"rtl\"></div> </div> <div class=\"row\"> <div class=\"col-lg-12\" align=\"right\" dir=\"rtl\"> <p class=\"arabicverse\">وَیۡلٌ یَّوۡمَئِذٍ لِّلۡمُکَذِّبِیۡنَ ﴿۳۵﴾ </p> </div> </div> <div class=\"row english\" align=\"left\" dir=\"ltr\" style=\"margin-top:10px\"> <div class=\"col-lg-12\"> <span class=\"translationheading\">English</span><br> <span class=\"translationtext\">Woe on that day unto those who reject <em>the truth</em>!</span> </div> </div> <div class=\"row english2\" align=\"left\" dir=\"ltr\" style=\"display:none; margin-top:10px\"> <div class=\"col-lg-12\"> <span class=\"translationheading\">English Short Commentary</span><br> <span class=\"translationtext\"> Woe on that day unto those who reject <i>the Truth</i>! </span> </div> </div> <div class=\"row urdu\" align=\"right\" dir=\"rtl\" style=\"margin-top:10px\"> <div class=\"col-lg-12\"> <span class=\"translationheading\">اُردو</span><br> <span class=\"urdutarjma\">ہلاکت ہے اُس دِن جھٹلانے والوں پر۔</span> </div> </div> <div class=\"row urdu2\" align=\"right\" dir=\"rtl\" style=\"display:none; margin-top:10px\"> <div class=\"col-lg-12\"> <span class=\"translationheading\">اُردو تفسیر صغیر</span><br> <span class=\"urdutarjma\">اس دن جھٹلانے والوں پر تباہی آئے گی (اس میں کوئی بھی شبہ نہیں) </span> </div> </div> <div class=\"row french\" align=\"left\" dir=\"ltr\" style=\"display:none; margin-top:10px\"> <div class=\"col-lg-12\"> <span class=\"translationheading\">Français</span><br> <span class=\"translationtext\">Malheur ce jour-là à ceux qui rejettent <em>la vérité</em> !</span> </div> </div> <div class=\"row spanish\" align=\"left\" dir=\"ltr\" style=\"display:none; margin-top:10px\"> <div class=\"col-lg-12\"> <span class=\"translationheading\">Español</span><br> <span class=\"translationtext\">¡Ay en ese día de quienes rechacen <em>la verdad!</em></span> </div> </div> <div class=\"row german\" align=\"left\" dir=\"ltr\" style=\"display:none; margin-top:10px\"> <div class=\"col-lg-12\"> <span class=\"translationheading\">Deutsch</span><br> <span class=\"translationtext\">Wehe an jenem Tag den Leugnern!</span> </div> </div> <div class=\"row links\" style=\"margin-top:10px;\"> <div class=\"col-lg-12 center\"> <font size=\"-1\" style=\"font-family:Arial, Helvetica, sans-serif; color: #777\"> Read: <a target=\"_blank\" href=\"/quran/tafseer/?verse=77:35&region=E1&CR=E3,E2\" title=\"English Translation with Detailed Commentary with Meanings of Some Key Words\">Detailed English Commentary</a> | <a href=\"/quran/tafseer/?verse=77:35&region=TS&CR=UR,P1,H1,T1\" title=\"Urdu Tafseer-e-Saghir alongwith other Tafaseer\" target=\"_blank\">Urdu Tafaseer <font style=\"font-family: 'Jameel Noori Nastaleeq', -apple-system, BlinkMacSystemFont, 'Urdu Naskh Asiatype', 'Nafees Web Naskh';\">اردو تفاسیر</font></a> </font> </div></div> <hr size='1'> <div class=\"row\" id=\"Arabic36\" class='indopak' style=\"padding: 5px\"> <div class=\"col-lg-1\"> <a name=\"Arabic36\"></a> <font color=\"#939598\" style=\"font-size:1.1em\"> [<a href='/quran/77:36' style='text-decoration:underline'>77:36</a>]</font> </div> <div class=\"col-lg-1\"> <button onclick=\"aud_play_pause(36)\"><i class=\"fa fa-play\" style=\"color: #777\" aria-hidden=\"true\" id=\"control36\"></i></button> <audio id=\"player36\" class=\"audioplayer\" /> </div><div class=\"col-lg-10\" align=\"right\" dir=\"rtl\"></div> </div> <div class=\"row\"> <div class=\"col-lg-12\" align=\"right\" dir=\"rtl\"> <p class=\"arabicverse\">ہٰذَا یَوۡمُ لَا یَنۡطِقُوۡنَ ﴿ۙ۳۶﴾ </p> </div> </div> <div class=\"row english\" align=\"left\" dir=\"ltr\" style=\"margin-top:10px\"> <div class=\"col-lg-12\"> <span class=\"translationheading\">English</span><br> <span class=\"translationtext\">This is a day when they shall not<I> be able to </I>speak;</span> </div> </div> <div class=\"row english2\" align=\"left\" dir=\"ltr\" style=\"display:none; margin-top:10px\"> <div class=\"col-lg-12\"> <span class=\"translationheading\">English Short Commentary</span><br> <span class=\"translationtext\"> This is a day when they <sup class='ref'>[<a class='ref' data-id='ref_77_36_a' href='#'>a</a>]</sup>shall not <i>be able to </i>speak,<sup class='ref'>[<a class='ref' data-id='ref_77_36_3219' href='#'>3219</a>]</sup> <div class=\"footnote\"> <span class='collapsible plus' data-id='ref_77_36_a'>a</span><span class='collapsible plus' data-id='ref_77_36_3219'>3219</span></div> <div><div class='reference' data-id='ref_77_36_a' style='display:none'> <p><b>a.</b> <a href='/quran/78:39' target=_blank>78:39</a>. (<a href='javascript:void(0)' data-id='ref_77_36_a' class='ref'>close</a>)</p> </div> </div><div><a name='3219'></a><div class='reference' data-id='ref_77_36_3219' style='display:none'> <p><b>3219.</b> See <a href='/quran/36:66#2457' target=_blank><b>2457</b></a>. (<a href='javascript:void(0)' data-id='ref_77_36_3219' class='ref'>close</a>)</p> </div> </div> </span> </div> </div> <div class=\"row urdu\" align=\"right\" dir=\"rtl\" style=\"margin-top:10px\"> <div class=\"col-lg-12\"> <span class=\"translationheading\">اُردو</span><br> <span class=\"urdutarjma\">یہ ہے وہ دن جب وہ گُنگ ہو جائیں گے۔</span> </div> </div> <div class=\"row urdu2\" align=\"right\" dir=\"rtl\" style=\"display:none; margin-top:10px\"> <div class=\"col-lg-12\"> <span class=\"translationheading\">اُردو تفسیر صغیر</span><br> <span class=\"urdutarjma\">یہ ایسا دن ہوگا (جس دن مجرم اپنی مرضی سے) بول نہیں سکیں گے۔ </span> </div> </div> <div class=\"row french\" align=\"left\" dir=\"ltr\" style=\"display:none; margin-top:10px\"> <div class=\"col-lg-12\"> <span class=\"translationheading\">Français</span><br> <span class=\"translationtext\">Ceci est un jour où ils ne pourront pas parler,</span> </div> </div> <div class=\"row spanish\" align=\"left\" dir=\"ltr\" style=\"display:none; margin-top:10px\"> <div class=\"col-lg-12\"> <span class=\"translationheading\">Español</span><br> <span class=\"translationtext\">Éste es el día en el que no <em>podrán</em> hablar;</span> </div> </div> <div class=\"row german\" align=\"left\" dir=\"ltr\" style=\"display:none; margin-top:10px\"> <div class=\"col-lg-12\"> <span class=\"translationheading\">Deutsch</span><br> <span class=\"translationtext\">Das ist ein Tag, da sie nicht (fähig sein werden zu) sprechen,</span> </div> </div> <div class=\"row links\" style=\"margin-top:10px;\"> <div class=\"col-lg-12 center\"> <font size=\"-1\" style=\"font-family:Arial, Helvetica, sans-serif; color: #777\"> Read: <a target=\"_blank\" href=\"/quran/tafseer/?verse=77:36&region=E1&CR=E3,E2\" title=\"English Translation with Detailed Commentary with Meanings of Some Key Words\">Detailed English Commentary</a> | <a href=\"/quran/tafseer/?verse=77:36&region=TS&CR=UR,P1,H1,T1\" title=\"Urdu Tafseer-e-Saghir alongwith other Tafaseer\" target=\"_blank\">Urdu Tafaseer <font style=\"font-family: 'Jameel Noori Nastaleeq', -apple-system, BlinkMacSystemFont, 'Urdu Naskh Asiatype', 'Nafees Web Naskh';\">اردو تفاسیر</font></a> </font> </div></div> <hr size='1'> <div class=\"row\" id=\"Arabic37\" class='indopak' style=\"padding: 5px\"> <div class=\"col-lg-1\"> <a name=\"Arabic37\"></a> <font color=\"#939598\" style=\"font-size:1.1em\"> [<a href='/quran/77:37' style='text-decoration:underline'>77:37</a>]</font> </div> <div class=\"col-lg-1\"> <button onclick=\"aud_play_pause(37)\"><i class=\"fa fa-play\" style=\"color: #777\" aria-hidden=\"true\" id=\"control37\"></i></button> <audio id=\"player37\" class=\"audioplayer\" /> </div><div class=\"col-lg-10\" align=\"right\" dir=\"rtl\"></div> </div> <div class=\"row\"> <div class=\"col-lg-12\" align=\"right\" dir=\"rtl\"> <p class=\"arabicverse\">وَ لَا یُؤۡذَنُ لَہُمۡ فَیَعۡتَذِرُوۡنَ ﴿۳۷﴾ </p> </div> </div> <div class=\"row english\" align=\"left\" dir=\"ltr\" style=\"margin-top:10px\"> <div class=\"col-lg-12\"> <span class=\"translationheading\">English</span><br> <span class=\"translationtext\">Nor shall they be permitted to offer excuses.</span> </div> </div> <div class=\"row english2\" align=\"left\" dir=\"ltr\" style=\"display:none; margin-top:10px\"> <div class=\"col-lg-12\"> <span class=\"translationheading\">English Short Commentary</span><br> <span class=\"translationtext\"> <sup class='ref'>[<a class='ref' data-id='ref_77_37_b' href='#'>b</a>]</sup>Nor shall they be permitted to offer excuses.<sup class='ref'>[<a class='ref' data-id='ref_77_37_3220' href='#'>3220</a>]</sup> <div class=\"footnote\"> <span class='collapsible plus' data-id='ref_77_37_b'>b</span><span class='collapsible plus' data-id='ref_77_37_3220'>3220</span></div> <div><div class='reference' data-id='ref_77_37_b' style='display:none'> <p><b>b.</b> <a href='/quran/9:66' target=_blank>9:66</a>; <a href='/quran/66:8' target=_blank>66:8</a>. (<a href='javascript:void(0)' data-id='ref_77_37_b' class='ref'>close</a>)</p> </div> </div><div><a name='3220'></a><div class='reference' data-id='ref_77_37_3220' style='display:none'> <p><b>3220.</b> The guilt of disbelievers having been fully established, they will not be allowed to offer any excuse or explanation. (<a href='javascript:void(0)' data-id='ref_77_37_3220' class='ref'>close</a>)</p> </div> </div> </span> </div> </div> <div class=\"row urdu\" align=\"right\" dir=\"rtl\" style=\"margin-top:10px\"> <div class=\"col-lg-12\"> <span class=\"translationheading\">اُردو</span><br> <span class=\"urdutarjma\">اور ان کو اجازت نہیں دی جائے گی کہ وہ اپنے عذر پیش کریں۔</span> </div> </div> <div class=\"row urdu2\" align=\"right\" dir=\"rtl\" style=\"display:none; margin-top:10px\"> <div class=\"col-lg-12\"> <span class=\"translationheading\">اُردو تفسیر صغیر</span><br> <span class=\"urdutarjma\">اور ان کو (خدا کی طرف سے بھی بولنے کی) اجازت نہیں دی جائے گی کہ وہ کوئی عذر کر سکیں۔ </span> </div> </div> <div class=\"row french\" align=\"left\" dir=\"ltr\" style=\"display:none; margin-top:10px\"> <div class=\"col-lg-12\"> <span class=\"translationheading\">Français</span><br> <span class=\"translationtext\">Ni n’auront-ils la permission de présenter des excuses.</span> </div> </div> <div class=\"row spanish\" align=\"left\" dir=\"ltr\" style=\"display:none; margin-top:10px\"> <div class=\"col-lg-12\"> <span class=\"translationheading\">Español</span><br> <span class=\"translationtext\">Ni se les permitirá ofrecer excusas.</span> </div> </div> <div class=\"row german\" align=\"left\" dir=\"ltr\" style=\"display:none; margin-top:10px\"> <div class=\"col-lg-12\"> <span class=\"translationheading\">Deutsch</span><br> <span class=\"translationtext\">noch wird ihnen erlaubt sein, Entschuldigungen vorzubringen.</span> </div> </div> <div class=\"row links\" style=\"margin-top:10px;\"> <div class=\"col-lg-12 center\"> <font size=\"-1\" style=\"font-family:Arial, Helvetica, sans-serif; color: #777\"> Read: <a target=\"_blank\" href=\"/quran/tafseer/?verse=77:37&region=E1&CR=E3,E2\" title=\"English Translation with Detailed Commentary with Meanings of Some Key Words\">Detailed English Commentary</a> | <a href=\"/quran/tafseer/?verse=77:37&region=TS&CR=UR,P1,H1,T1\" title=\"Urdu Tafseer-e-Saghir alongwith other Tafaseer\" target=\"_blank\">Urdu Tafaseer <font style=\"font-family: 'Jameel Noori Nastaleeq', -apple-system, BlinkMacSystemFont, 'Urdu Naskh Asiatype', 'Nafees Web Naskh';\">اردو تفاسیر</font></a> </font> </div></div> <hr size='1'> <div class=\"row\" id=\"Arabic38\" class='indopak' style=\"padding: 5px\"> <div class=\"col-lg-1\"> <a name=\"Arabic38\"></a> <font color=\"#939598\" style=\"font-size:1.1em\"> [<a href='/quran/77:38' style='text-decoration:underline'>77:38</a>]</font> </div> <div class=\"col-lg-1\"> <button onclick=\"aud_play_pause(38)\"><i class=\"fa fa-play\" style=\"color: #777\" aria-hidden=\"true\" id=\"control38\"></i></button> <audio id=\"player38\" class=\"audioplayer\" /> </div><div class=\"col-lg-10\" align=\"right\" dir=\"rtl\"></div> </div> <div class=\"row\"> <div class=\"col-lg-12\" align=\"right\" dir=\"rtl\"> <p class=\"arabicverse\">وَیۡلٌ یَّوۡمَئِذٍ لِّلۡمُکَذِّبِیۡنَ ﴿۳۸﴾ </p> </div> </div> <div class=\"row english\" align=\"left\" dir=\"ltr\" style=\"margin-top:10px\"> <div class=\"col-lg-12\"> <span class=\"translationheading\">English</span><br> <span class=\"translationtext\">Woe on that day unto those who reject <em>the truth</em>!</span> </div> </div> <div class=\"row english2\" align=\"left\" dir=\"ltr\" style=\"display:none; margin-top:10px\"> <div class=\"col-lg-12\"> <span class=\"translationheading\">English Short Commentary</span><br> <span class=\"translationtext\"> Woe on that day unto those who reject <i>the Truth</i>! </span> </div> </div> <div class=\"row urdu\" align=\"right\" dir=\"rtl\" style=\"margin-top:10px\"> <div class=\"col-lg-12\"> <span class=\"translationheading\">اُردو</span><br> <span class=\"urdutarjma\">ہلاکت ہے اُس دِن جھٹلانے والوں پر۔</span> </div> </div> <div class=\"row urdu2\" align=\"right\" dir=\"rtl\" style=\"display:none; margin-top:10px\"> <div class=\"col-lg-12\"> <span class=\"translationheading\">اُردو تفسیر صغیر</span><br> <span class=\"urdutarjma\">اس دن جھٹلانے والوں پر تباہی آئے گی (اس میں کوئی بھی شبہ نہیں) </span> </div> </div> <div class=\"row french\" align=\"left\" dir=\"ltr\" style=\"display:none; margin-top:10px\"> <div class=\"col-lg-12\"> <span class=\"translationheading\">Français</span><br> <span class=\"translationtext\">Malheur ce jour-là à ceux qui rejettent <em>la vérité</em> !</span> </div> </div> <div class=\"row spanish\" align=\"left\" dir=\"ltr\" style=\"display:none; margin-top:10px\"> <div class=\"col-lg-12\"> <span class=\"translationheading\">Español</span><br> <span class=\"translationtext\">¡Ay en ese día de quienes rechacen <em>la verdad</em>!</span> </div> </div> <div class=\"row german\" align=\"left\" dir=\"ltr\" style=\"display:none; margin-top:10px\"> <div class=\"col-lg-12\"> <span class=\"translationheading\">Deutsch</span><br> <span class=\"translationtext\">Wehe an jenem Tag den Leugnern!</span> </div> </div> <div class=\"row links\" style=\"margin-top:10px;\"> <div class=\"col-lg-12 center\"> <font size=\"-1\" style=\"font-family:Arial, Helvetica, sans-serif; color: #777\"> Read: <a target=\"_blank\" href=\"/quran/tafseer/?verse=77:38&region=E1&CR=E3,E2\" title=\"English Translation with Detailed Commentary with Meanings of Some Key Words\">Detailed English Commentary</a> | <a href=\"/quran/tafseer/?verse=77:38&region=TS&CR=UR,P1,H1,T1\" title=\"Urdu Tafseer-e-Saghir alongwith other Tafaseer\" target=\"_blank\">Urdu Tafaseer <font style=\"font-family: 'Jameel Noori Nastaleeq', -apple-system, BlinkMacSystemFont, 'Urdu Naskh Asiatype', 'Nafees Web Naskh';\">اردو تفاسیر</font></a> </font> </div></div> <hr size='1'> <div class=\"row\" id=\"Arabic39\" class='indopak' style=\"padding: 5px\"> <div class=\"col-lg-1\"> <a name=\"Arabic39\"></a> <font color=\"#939598\" style=\"font-size:1.1em\"> [<a href='/quran/77:39' style='text-decoration:underline'>77:39</a>]</font> </div> <div class=\"col-lg-1\"> <button onclick=\"aud_play_pause(39)\"><i class=\"fa fa-play\" style=\"color: #777\" aria-hidden=\"true\" id=\"control39\"></i></button> <audio id=\"player39\" class=\"audioplayer\" /> </div><div class=\"col-lg-10\" align=\"right\" dir=\"rtl\"></div> </div> <div class=\"row\"> <div class=\"col-lg-12\" align=\"right\" dir=\"rtl\"> <p class=\"arabicverse\">ہٰذَا یَوۡمُ الۡفَصۡلِ ۚ جَمَعۡنٰکُمۡ وَ الۡاَوَّلِیۡنَ ﴿۳۹﴾ </p> </div> </div> <div class=\"row english\" align=\"left\" dir=\"ltr\" style=\"margin-top:10px\"> <div class=\"col-lg-12\"> <span class=\"translationheading\">English</span><br> <span class=\"translationtext\">‘This is the Day of Decision; We have gathered you and all the earlier peoples together.</span> </div> </div> <div class=\"row english2\" align=\"left\" dir=\"ltr\" style=\"display:none; margin-top:10px\"> <div class=\"col-lg-12\"> <span class=\"translationheading\">English Short Commentary</span><br> <span class=\"translationtext\"> <sup class='ref'>[<a class='ref' data-id='ref_77_39_c' href='#'>c</a>]</sup>‘This is the Day of Decision. We have gathered you and all the earlier peoples together; <div class=\"footnote\"> <span class='collapsible plus' data-id='ref_77_39_c'>c</span></div> <div><div class='reference' data-id='ref_77_39_c' style='display:none'> <p><b>c.</b> <a href='/quran/37:22' target=_blank>37:22</a>. (<a href='javascript:void(0)' data-id='ref_77_39_c' class='ref'>close</a>)</p> </div> </div> </span> </div> </div> <div class=\"row urdu\" align=\"right\" dir=\"rtl\" style=\"margin-top:10px\"> <div class=\"col-lg-12\"> <span class=\"translationheading\">اُردو</span><br> <span class=\"urdutarjma\">یہ ہے فیصلہ کا دن جس کے لئے ہم نے تمہیں اکٹھا کیا اور پہلوں کو بھی۔</span> </div> </div> <div class=\"row urdu2\" align=\"right\" dir=\"rtl\" style=\"display:none; margin-top:10px\"> <div class=\"col-lg-12\"> <span class=\"translationheading\">اُردو تفسیر صغیر</span><br> <span class=\"urdutarjma\">یہ فیصلہ کا دن ہوگا جس میں ہم تم کو بھی اور پہلی قوموں کو بھی جمع کر دیں گے۔ </span> </div> </div> <div class=\"row french\" align=\"left\" dir=\"ltr\" style=\"display:none; margin-top:10px\"> <div class=\"col-lg-12\"> <span class=\"translationheading\">Français</span><br> <span class=\"translationtext\">« Ceci est le Jour de la Décision ; Nous vous avons rassemblés ensemble, vous et tous les hommes antérieurs.</span> </div> </div> <div class=\"row spanish\" align=\"left\" dir=\"ltr\" style=\"display:none; margin-top:10px\"> <div class=\"col-lg-12\"> <span class=\"translationheading\">Español</span><br> <span class=\"translationtext\">“Éste es el Día de la Decisión; os hemos reunido a vosotros y a todos los pueblos anteriores”.</span> </div> </div> <div class=\"row german\" align=\"left\" dir=\"ltr\" style=\"display:none; margin-top:10px\"> <div class=\"col-lg-12\"> <span class=\"translationheading\">Deutsch</span><br> <span class=\"translationtext\">„Dies ist der Tag der Entscheidung. Wir haben euch und die Früheren versammelt.</span> </div> </div> <div class=\"row links\" style=\"margin-top:10px;\"> <div class=\"col-lg-12 center\"> <font size=\"-1\" style=\"font-family:Arial, Helvetica, sans-serif; color: #777\"> Read: <a target=\"_blank\" href=\"/quran/tafseer/?verse=77:39&region=E1&CR=E3,E2\" title=\"English Translation with Detailed Commentary with Meanings of Some Key Words\">Detailed English Commentary</a> | <a href=\"/quran/tafseer/?verse=77:39&region=TS&CR=UR,P1,H1,T1\" title=\"Urdu Tafseer-e-Saghir alongwith other Tafaseer\" target=\"_blank\">Urdu Tafaseer <font style=\"font-family: 'Jameel Noori Nastaleeq', -apple-system, BlinkMacSystemFont, 'Urdu Naskh Asiatype', 'Nafees Web Naskh';\">اردو تفاسیر</font></a> </font> </div></div> <hr size='1'> <div class=\"row\" id=\"Arabic40\" class='indopak' style=\"padding: 5px\"> <div class=\"col-lg-1\"> <a name=\"Arabic40\"></a> <font color=\"#939598\" style=\"font-size:1.1em\"> [<a href='/quran/77:40' style='text-decoration:underline'>77:40</a>]</font> </div> <div class=\"col-lg-1\"> <button onclick=\"aud_play_pause(40)\"><i class=\"fa fa-play\" style=\"color: #777\" aria-hidden=\"true\" id=\"control40\"></i></button> <audio id=\"player40\" class=\"audioplayer\" /> </div><div class=\"col-lg-10\" align=\"right\" dir=\"rtl\"></div> </div> <div class=\"row\"> <div class=\"col-lg-12\" align=\"right\" dir=\"rtl\"> <p class=\"arabicverse\">فَاِنۡ کَانَ لَکُمۡ کَیۡدٌ فَکِیۡدُوۡنِ ﴿۴۰﴾ </p> </div> </div> <div class=\"row english\" align=\"left\" dir=\"ltr\" style=\"margin-top:10px\"> <div class=\"col-lg-12\"> <span class=\"translationheading\">English</span><br> <span class=\"translationtext\">‘If now you have any stratagem, use it against Me.’</span> </div> </div> <div class=\"row english2\" align=\"left\" dir=\"ltr\" style=\"display:none; margin-top:10px\"> <div class=\"col-lg-12\"> <span class=\"translationheading\">English Short Commentary</span><br> <span class=\"translationtext\"> ‘If now you have any stratagem, try <i>your </i>stratagem against me.<sup class='ref'>[<a class='ref' data-id='ref_77_40_3221' href='#'>3221</a>]</sup> <div class=\"footnote\"> <span class='collapsible plus' data-id='ref_77_40_3221'>3221</span></div> <div><a name='3221'></a><div class='reference' data-id='ref_77_40_3221' style='display:none'> <p><b>3221.</b> The Holy Prophet’s enemies have been challenged to do their worst against him. (<a href='javascript:void(0)' data-id='ref_77_40_3221' class='ref'>close</a>)</p> </div> </div> </span> </div> </div> <div class=\"row urdu\" align=\"right\" dir=\"rtl\" style=\"margin-top:10px\"> <div class=\"col-lg-12\"> <span class=\"translationheading\">اُردو</span><br> <span class=\"urdutarjma\">پس اگر تمہارے پاس کوئی تدبیر ہے تو مجھ پر آزما دیکھو۔ </span> </div> </div> <div class=\"row urdu2\" align=\"right\" dir=\"rtl\" style=\"display:none; margin-top:10px\"> <div class=\"col-lg-12\"> <span class=\"translationheading\">اُردو تفسیر صغیر</span><br> <span class=\"urdutarjma\">پس اگر تمہارے پاس کوئی تدبیر ہے تو اس تدبیر کو میرے خلاف چلاٶ۔ </span> </div> </div> <div class=\"row french\" align=\"left\" dir=\"ltr\" style=\"display:none; margin-top:10px\"> <div class=\"col-lg-12\"> <span class=\"translationheading\">Français</span><br> <span class=\"translationtext\">Si vous avez maintenant quelque stratagème, employez-le contre Moi. »</span> </div> </div> <div class=\"row spanish\" align=\"left\" dir=\"ltr\" style=\"display:none; margin-top:10px\"> <div class=\"col-lg-12\"> <span class=\"translationheading\">Español</span><br> <span class=\"translationtext\">“Si disponéis ahora de cualquier estratagema, utilizadla contra mí”.</span> </div> </div> <div class=\"row german\" align=\"left\" dir=\"ltr\" style=\"display:none; margin-top:10px\"> <div class=\"col-lg-12\"> <span class=\"translationheading\">Deutsch</span><br> <span class=\"translationtext\">Habt ihr nun eine List, so brauchet sie wider Mich.\"", "spanish": " “Que ni da sombra ni protege de la llama”.", "urdu": " نہ تو وہ سایہ دیتا ہے اور نہ تپش سے محفوظ رکھتا ہے۔"}, {"arabic": " اِنَّہَا تَرۡمِیۡ بِشَرَرٍ کَالۡقَصۡرِ ﴿ۚ۳۳﴾", "english": " It throws up sparks like huge castles,", "french": " Elle jette en l’air des flammes hautes comme des châteaux,", "german": " Siehe, sie wirft Funken empor gleich Türmen,", "spanish": " Lanza chispas como castillos,", "urdu": " بلکہ وہ اتنے اونچے شعلے پھینکتا ہے جو قلعے کے برابر ہوتے ہیں۔"}, {"arabic": " کَاَنَّہٗ جِمٰلَتٌ صُفۡرٌ ﴿ؕ۳۴﴾", "english": " As if they were camels of dim colour.", "french": " Comme si elles étaient faites des chameaux jaunes. »", "german": " als wären sie Kamele von hellgelber Farbe.", "spanish": " Semejantes a múltiples camellos de color cobrizo.", "urdu": " اتنے اونچے کہ گویا وہ بڑے جہازوں کے باندھنے والے زرد رسے معلوم ہوتے ہیں۔"}, {"arabic": " وَیۡلٌ یَّوۡمَئِذٍ لِّلۡمُکَذِّبِیۡنَ ﴿۳۵﴾", "english": " Woe on that day unto those who reject the truth !", "french": " Malheur ce jour-là à ceux qui rejettent la vérité !", "german": " Wehe an jenem Tag den Leugnern!", "spanish": " ¡Ay en ese día de quienes rechacen la verdad!", "urdu": " اس دن جھٹلانے والوں پر تباہی آئے گی (اس میں کوئی بھی شبہ نہیں)"}, {"arabic": " ہٰذَا یَوۡمُ لَا یَنۡطِقُوۡنَ ﴿ۙ۳۶﴾", "english": " This is a day when they shall not be able to speak;", "french": " Ceci est un jour où ils ne pourront pas parler,", "german": " Das ist ein Tag, da sie nicht (fähig sein werden zu) sprechen,", "spanish": " Éste es el día en el que no podrán hablar;", "urdu": " یہ ایسا دن ہوگا (جس دن مجرم اپنی مرضی سے) بول نہیں سکیں گے۔"}, {"arabic": " وَ لَا یُؤۡذَنُ لَہُمۡ فَیَعۡتَذِرُوۡنَ ﴿۳۷﴾", "english": " Nor shall they be permitted to offer excuses.", "french": " Ni n’auront-ils la permission de présenter des excuses.", "german": " noch wird ihnen erlaubt sein, Entschuldigungen vorzubringen.", "spanish": " Ni se les permitirá ofrecer excusas.", "urdu": " اور ان کو (خدا کی طرف سے بھی بولنے کی) اجازت نہیں دی جائے گی کہ وہ کوئی عذر کر سکیں۔"}, {"arabic": " وَیۡلٌ یَّوۡمَئِذٍ لِّلۡمُکَذِّبِیۡنَ ﴿۳۸﴾", "english": " Woe on that day unto those who reject the truth !", "french": " Malheur ce jour-là à ceux qui rejettent la vérité !", "german": " Wehe an jenem Tag den Leugnern!", "spanish": " ¡Ay en ese día de quienes rechacen la verdad !", "urdu": " اس دن جھٹلانے والوں پر تباہی آئے گی (اس میں کوئی بھی شبہ نہیں)"}, {"arabic": " ہٰذَا یَوۡمُ الۡفَصۡلِ ۚ جَمَعۡنٰکُمۡ وَ الۡاَوَّلِیۡنَ ﴿۳۹﴾", "english": " ‘This is the Day of Decision; We have gathered you and all the earlier peoples together.", "french": " « Ceci est le Jour de la Décision ; Nous vous avons rassemblés ensemble, vous et tous les hommes antérieurs.", "german": " „Dies ist der Tag der Entscheidung. Wir haben euch und die Früheren versammelt.", "spanish": " “Éste es el Día de la Decisión; os hemos reunido a vosotros y a todos los pueblos anteriores”.", "urdu": " یہ فیصلہ کا دن ہوگا جس میں ہم تم کو بھی اور پہلی قوموں کو بھی جمع کر دیں گے۔"}, {"arabic": " فَاِنۡ کَانَ لَکُمۡ کَیۡدٌ فَکِیۡدُوۡنِ ﴿۴۰﴾", "english": " ‘If now you have any stratagem, use it against Me.’", "french": " Si vous avez maintenant quelque stratagème, employez-le contre Moi. »", "german": "", "spanish": " “Si disponéis ahora de cualquier estratagema, utilizadla contra mí”.", "urdu": " پس اگر تمہارے پاس کوئی تدبیر ہے تو اس تدبیر کو میرے خلاف چلاٶ۔"}, {"arabic": " وَیۡلٌ یَّوۡمَئِذٍ لِّلۡمُکَذِّبِیۡنَ ﴿٪۴۱﴾", "english": " Woe on that day unto those who reject the truth !", "french": " Malheur ce jour-là à ceux qui rejettent la vérité !", "german": " Wehe an jenem Tag den Leugnern!", "spanish": " ¡Ay en ese día de quienes rechacen la verdad!", "urdu": " اس دن جھٹلانے والوں پر تباہی آئے گی (اس میں کوئی بھی شبہ نہیں)"}, {"arabic": " اِنَّ الۡمُتَّقِیۡنَ فِیۡ ظِلٰلٍ وَّ عُیُوۡنٍ ﴿ۙ۴۲﴾", "english": " The righteous will be in the midst of shades and springs,", "french": " Les pieux seront au milieu d’ombrages et de fontaines,", "german": " Die Gerechten werden inmitten von Schatten und Quellen sein,", "spanish": " Los justos estarán en medio de sombras y manantiales.", "urdu": " اس دن متقی یقیناً سایوں اور چشموں والی جگہوں میں ہوں گے۔"}, {"arabic": " وَّ فَوَاکِہَ مِمَّا یَشۡتَہُوۡنَ ﴿ؕ۴۳﴾", "english": " And fruits, such as they will desire.", "french": " Et de fruits, comme ils le désireront.", "german": " und Früchten, wie sie sich wünschen.", "spanish": " Y frutos, todos los que deseen.", "urdu": " اور اپنے پسندیدہ پھلوں میں (گھرے ہوئے) ہونگے (جو ان کی مرضی کے مطابق ان کو ملیں گے)"}, {"arabic": " کُلُوۡا وَ اشۡرَبُوۡا ہَنِیۡٓــًٔۢا بِمَا کُنۡتُمۡ تَعۡمَلُوۡنَ ﴿۴۴﴾", "english": " ‘Eat and drink pleasantly as a reward for what you did.’", "french": " « Mangez et buvez agréablement, c'est une récompense pour ce que vous faisiez. »", "german": " Esset und trinkt in Gesundheit, um dessentwillen, was ihr getan.", "spanish": " “Comed y bebed placenteramente, como premio por lo que hicisteis”.", "urdu": " اور ان سے کہا جائے گا کہ دل کو لبھانے والے میوے کھاٶ اور اچھا پانی پیو‘ یہ تمہارے عملوں کی جزا ہوگی۔"}, {"arabic": " اِنَّا کَذٰلِکَ نَجۡزِی الۡمُحۡسِنِیۡنَ ﴿۴۵﴾", "english": " Thus surely do We reward those who do good.", "french": " En vérité, c’est ainsi que Nous récompensons ceux qui font le bien.", "german": " So fürwahr lohnen Wir denen, die Gutes tun.", "spanish": " Así ciertamente recompensamos a quienes practican el bien.", "urdu": " ہم محسنوں کو اسی طرح بدلہ دیا کرتے ہیں۔"}, {"arabic": " وَیۡلٌ یَّوۡمَئِذٍ لِّلۡمُکَذِّبِیۡنَ ﴿۴۶﴾", "english": " Woe on that day unto those who reject the truth !", "french": " Malheur ce jour-là à ceux qui rejettent la vérité !", "german": " Wehe an jenem Tag den Leugnern!", "spanish": " ¡Ay en ese día de quienes rechacen la verdad!", "urdu": " اس دن جھٹلانے والوں پر تباہی آئے گی (اس میں کوئی بھی شبہ نہیں)"}, {"arabic": " کُلُوۡا وَ تَمَتَّعُوۡا قَلِیۡلًا اِنَّکُمۡ مُّجۡرِمُوۡنَ ﴿۴۷﴾", "english": " ‘Eat and enjoy yourselves a little while in this world , O rejectors of truth ; surely you are the guilty ones.’", "french": " « Mangez et jouissez pour un certain temps ; assurément, vous êtes des coupables. »", "german": " Esset und ergötzt euch (auf Erden) eine kleine Weile. Gewiss, ihr seid die Schuldigen.", "spanish": " “Comed y disfrutad un poco; en verdad sois los culpables”.", "urdu": " (ہم ان سے کہتے ہیں کہ) کھاٶ اور اس دنیا کا تھوڑا سا فائدہ حاصل کرلو‘ تم مجرم ہو۔"}, {"arabic": " وَیۡلٌ یَّوۡمَئِذٍ لِّلۡمُکَذِّبِیۡنَ ﴿۴۸﴾", "english": " Woe on that day unto those who reject the truth !", "french": " Malheur ce jour-là à ceux qui rejettent la vérité !", "german": " Wehe an jenem Tag den Leugnern!", "spanish": " ¡Ay en ese día de quienes rechacen la verdad!", "urdu": " اس دن جھٹلانے والوں پر تباہی آئے گی (اس میں کوئی بھی شبہ نہیں)"}, {"arabic": " وَ اِذَا قِیۡلَ لَہُمُ ارۡکَعُوۡا لَا یَرۡکَعُوۡنَ ﴿۴۹﴾", "english": " And when it is said unto them, ‘Bow down,’ they do not bow down.", "french": " Et lorsqu’il leur est dit : « Inclinez-vous, » ils ne se s’inclinent pas.", "german": " Und wenn zu ihnen gesprochen wird: \"Beuget euch!\", sie beugen sich nicht.", "spanish": " Y cuando se les dice: “Inclinaos”, no se inclinan.", "urdu": " ان لوگوں پر جن سے جب کبھی کہا جاتا ہے کہ توحید پر قائم ہو جاٶ‘ تو وہ توحید پر قائم نہیں ہوتے (بلکہ شرک کی طرف لوٹ جاتے ہیں)"}, {"arabic": " وَیۡلٌ یَّوۡمَئِذٍ لِّلۡمُکَذِّبِیۡنَ ﴿۵۰﴾", "english": " Woe on that day unto those who reject the truth !", "french": " Malheur ce jour-la à ceux qui rejettent la vérité !", "german": " Wehe an jenem Tag den Leugnern!", "spanish": " ¡Ay en ese día de quienes rechacen la verdad!", "urdu": " اس دن جھٹلانے والوں پر تباہی آئے گی (اس میں کوئی بھی شبہ نہیں)"}], "Surah": 77}