{"Ayats": [{"arabic": " بِسۡمِ اللّٰہِ الرَّحۡمٰنِ الرَّحِیۡمِ﴿۱﴾", "english": " In the name of Allah, the Gracious, the Merciful.", "french": " Au nom d’Allāh, le Gracieux, le Miséricordieux.", "german": " Im Namen Allahs, des Gnädigen, des Barmherzigen.", "spanish": " En el nombre de Al‑lah, el Clemente, el Misericordioso.", "urdu": " (میں) اللہ کا نام لے کر جو بے حد کرم کرنے والا (اور) باربار رحم کرنے والا ہے (پڑھتا ہوں)"}, {"arabic": " وَیۡلٌ لِّکُلِّ ہُمَزَۃٍ لُّمَزَۃِ ۣ ۙ﴿۲﴾", "english": " Woe to every backbiter, slanderer,", "french": " Malheur à tout médisant, calomniateur,", "german": " Wehe jedem Lästerer, Verleumder,", "spanish": " ¡Ay de todo detractor, ca­lumniador!,", "urdu": " ہر غیبت کرنے والے (اور) عیب چینی کرنے والے کے لئے عذاب (ہی عذاب) ہے۔"}, {"arabic": " الَّذِیۡ جَمَعَ مَالًا وَّ عَدَّدَہٗ ۙ﴿۳﴾", "english": " Who amasses wealth and counts it time after time.", "french": " Qui amasse des richesses, et les compte et les recompte.", "german": " der Reichtum zusammengeschart hat und ihn berechnet Mal um Mal.", "spanish": " Que amontona riqueza y la cuenta una y otra vez.", "urdu": " جو مال کو جمع کرتا ہے اور اس کو شمار کرتا رہتا ہے۔"}, {"arabic": " یَحۡسَبُ اَنَّ مَالَہٗۤ اَخۡلَدَہٗ ۚ﴿۴﴾", "english": " He thinks that his wealth will make him immortal.", "french": " Il s’imagine que ses richesses le rendront immortel.", "german": " Er wähnt, sein Reichtum habe ihn unsterblich gemacht.", "spanish": " Piensa que su riqueza lo hará inmortal.", "urdu": " وہ خیال کرتا ہے کہ اس کا مال اس (کے نام) کو باقی رکھے گا۔"}, {"arabic": " کَلَّا لَیُنۡۢبَذَنَّ فِی الۡحُطَمَۃِ ۫﴿ۖ۵﴾", "english": " Nay! he shall surely be cast into the crushing punishment.", "french": " Non, mais il sera assurément jeté dans 'Al-Ḥuṭamah'.", "german": " Nein, er wird sicherlich bald in das Verzehrende geschleudert werden.", "spanish": " ¡No! En verdad será arrojado a “Al-Hutamah”.", "urdu": " ہرگز ایسا نہیں (جیسا اس کا خیال ہے بلکہ) وہ یقیناً (اپنے مال سمیت) حطمہ میں پھینکا جائے گا۔"}, {"arabic": " وَ مَاۤ اَدۡرٰٮکَ مَا الۡحُطَمَۃُ ؕ﴿۶﴾", "english": " And what should make thee know what the crushing punishment is?", "french": " Et qu’est-ce qui te ferait savoir ce qu’est 'Al-Ḥuṭamah' ?", "german": " Und was lehrt dich wissen, was das Verzehrende ist? –", "spanish": " Y ¿qué te dará a conocer qué es “Al Hutamah”?", "urdu": " اور (اے مخاطب)! تجھے کیا معلوم ہے کہ یہ حطمہ کیا شے ہے؟"}, {"arabic": " نَارُ اللّٰہِ الۡمُوۡقَدَۃُ ۙ﴿۷﴾", "english": " It is Allah’s kindled fire,", "french": " C’est le feu d’Allāh sous forme de combustible stocké,", "german": " Das Feuer Allahs, das entzündete,", "spanish": " Es el fuego encendido de Al‑lah,", "urdu": " یہ (حطمہ) اللہ کی خوب بھڑکائی ہوئی آگ ہے۔"}, {"arabic": " الَّتِیۡ تَطَّلِعُ عَلَی الۡاَفۡـِٕدَۃِ ؕ﴿۸﴾", "english": " Which rises over the hearts.", "french": " Qui, une fois libéré, atteindra les cœurs instantanément par la vibration de ses rayons .", "german": " das über Herzen hinweg züngelt.", "spanish": " Que salta sobre los corazones.", "urdu": " جو دلوں کے اندر تک جا پہنچے گی۔"}, {"arabic": " اِنَّہَا عَلَیۡہِمۡ مُّؤۡصَدَۃٌ ۙ﴿۹﴾", "english": " It will be closed in on them", "french": " En vérité, ce sera à leur détriment, ce qui est renfermé,", "german": " Es wird sich wölben über ihnen", "spanish": " Será encerrado contra ellos.", "urdu": " پھر وہ (آگ) سب طرف سے بند کر دی جائے گی تا کہ اس کی گرمی ان کو اور بھی زیادہ تکلیف دہ محسوس ہو۔"}, {"arabic": " فِیۡ عَمَدٍ مُّمَدَّدَۃٍ ٪﴿۱۰﴾", "english": " In the form of extended columns.", "french": " En colonnes étendues.", "german": " in ausgestreckten Säulen.", "spanish": " En columnas extendidas;", "urdu": " اور (وہ لوگ اس وقت) لمبے ستونوں کے ساتھ بندھے ہوئے ہونگے۔"}], "Surah": 104}