{"Ayats": [{"arabic": " بِسۡمِ اللّٰہِ الرَّحۡمٰنِ الرَّحِیۡمِ﴿۱﴾", "english": " In the name of Allah, the Gracious, the Merciful.", "french": " Au nom d’Allāh, le Gracieux, le Miséricordieux.", "german": " Im Namen Allahs, des Gnädigen, des Barmherzigen.", "spanish": " En el nombre de Al-lah, el Clemente, el Misericordioso.", "urdu": " (میں) اللہ کا نام لے کر جو بے حد کرم کرنے والا (اور) باربار رحم کرنے والا ہے (پڑھتا ہوں)"}, {"arabic": " وَالذّٰرِیٰتِ ذَرۡوًا ۙ﴿۲﴾", "english": " By the winds that scatter seeds with a true scattering,", "french": " Par ceux qui dispersent d’une bonne dispersion,", "german": " Bei den (Winden), die (die Wolken) heftig wegwehen,", "spanish": " Por esparcidores que esparcen: una gran dispersión,", "urdu": " ہم ان (ہواٶں) کو شہادت کے طور پر پیش کرتے ہیں جو (بادلوں کو) اڑائے پھرتی ہیں۔"}, {"arabic": " فَالۡحٰمِلٰتِ وِقۡرًا ۙ﴿۳﴾", "english": " Then by the clouds that carry the load of moisture ,", "french": " Puis par ceux qui portent des poids lourds,", "german": " dann die Last (des Regens) tragen,", "spanish": " También por aquellos que transportan cargas pesadas,", "urdu": " پھر (بارش کا) بوجھ اٹھالیتی ہیں۔"}, {"arabic": " فَالۡجٰرِیٰتِ یُسۡرًا ۙ﴿۴﴾", "english": " Then by the rivers that flow gently,", "french": " Puis par ceux qui avancent aisément,", "german": " dann leicht dahinwehen,", "spanish": " También por los que avanzan sin esfuerzo,", "urdu": " پھر آہستگی کے ساتھ چلتی ہیں۔"}, {"arabic": " فَالۡمُقَسِّمٰتِ اَمۡرًا ۙ﴿۵﴾", "english": " And then by the angels that finally administer and execute affairs,", "french": " Puis par ceux qui répartissent l’autorité,", "german": " und schließlich den Befehl ausführen,", "spanish": " También por los que distribuyen la autoridad,", "urdu": " اور آخر ہمارے حکم (یعنی بارش) کو (زمین میں) تقسیم کر دیتی ہیں۔"}, {"arabic": " اِنَّمَا تُوۡعَدُوۡنَ لَصَادِقٌ ۙ﴿۶﴾", "english": " Surely, that which you are promised is true;", "french": " Sûrement, ce qui vous est promis est vrai ;", "german": " wahrlich, was euch verheißen wird, ist wahr,", "spanish": " En verdad, todo lo que se os ha prometido es cierto;", "urdu": " تم سے جو وعدہ کیا جاتا ہے وہ ضرور پورا ہو کر رہے گا۔"}, {"arabic": " وَّ اِنَّ الدِّیۡنَ لَوَاقِعٌ ؕ﴿۷﴾", "english": " And the Judgment will surely come to pass.", "french": " Et le Jugement aura certainement lieu.", "german": " und das Gericht wird ganz sicherlich eintreffen.", "spanish": " Pues el Juicio ocurrirá ciertamente.", "urdu": " اور جزا سزا ضرور واقع ہو کر رہے گی۔"}, {"arabic": " وَ السَّمَآءِ ذَاتِ الۡحُبُکِ ۙ﴿۸﴾", "english": " And by the heaven full of tracks,", "french": " Par le ciel sillonné de routes et d’orbites,", "german": " Bei dem Himmel voll von Pfaden,", "spanish": " Y por el cielo lleno de caminos,", "urdu": " اس کے ثبوت میں ہم اس آسمان کو پیش کرتے ہیں جس میں ستاروں کے راستے ہیں۔"}, {"arabic": " اِنَّکُمۡ لَفِیۡ قَوۡلٍ مُّخۡتَلِفٍ ۙ﴿۹﴾", "english": " Truly you are discordant in your utterances.", "french": " En vérité, vous avez des opinions divergentes.", "german": " wahrlich, ihr seid in widerspruchsvolle Rede verwickelt.", "spanish": " En verdad mantenéis puntos de vista diferentes.", "urdu": " تم سب ایک اختلافی بات میں مبتلا ہو۔"}, {"arabic": " یُّؤۡفَکُ عَنۡہُ مَنۡ اُفِکَ ﴿ؕ۱۰﴾", "english": " He alone is turned away from the truth who is destined to be thus turned away.", "french": " Lui seul est détourné de la vérité qui veut en être détourné.", "german": " Der allein wird von der (Wahrheit) abwendig gemacht, der abwendig gemacht werden sollte.", "spanish": " Sólo será apartado de la verdad prometida el que merece ser apartado.", "urdu": " جس کی وجہ سے وہی شخص حق سے پھیرا جاتا ہے جس کے حق سے پھیرائے جانے کا حکم صادر ہو جاتا ہے۔"}, {"arabic": " قُتِلَ الۡخَرّٰصُوۡنَ ﴿ۙ۱۱﴾", "english": " Cursed be the liars,", "french": " Maudits soient ceux qui font des conjectures,", "german": " Verflucht seien die Erzeuger von Lügengespinsten,", "spanish": " Malditos sean los que hacen conjeturas,", "urdu": " اٹکل پچو باتیں کرنے والے ہلاک ہوگئے‘"}, {"arabic": " الَّذِیۡنَ ہُمۡ فِیۡ غَمۡرَۃٍ سَاہُوۡنَ ﴿ۙ۱۲﴾", "english": " Who are heedless in the depth of ignorance .", "french": " Qui sont noyés dans les profondeurs de la négligence !", "german": " die achtlos sind in Unwissenheit.", "spanish": " Que permanecen profundamente sumidos en la negligencia.", "urdu": " جو گمراہی کی گہرائیوں میں پڑے ہوئے حق کو بھلا رہے ہیں۔"}, {"arabic": " یَسۡـَٔلُوۡنَ اَیَّانَ یَوۡمُ الدِّیۡنِ ﴿ؕ۱۳﴾", "english": " They ask: ‘When will be the Day of Judgment?’", "french": " Ils demandent : « A quand le Jour du Jugement ? »", "german": " Sie fragen: \"Wann wird der Tag des Gerichtes sein?\"", "spanish": " Preguntan: “¿Cuándo será el Día del Juicio?”.", "urdu": " وہ پوچھتے ہیں کہ جزا سزا کا وقت کب آئے گا؟"}, {"arabic": " یَوۡمَ ہُمۡ عَلَی النَّارِ یُفۡتَنُوۡنَ ﴿۱۴﴾", "english": " It will be the day when they will be tormented at the Fire.", "french": " Ce sera le jour où ils seront tourmentés par le Feu.", "german": " Es wird der Tag sein, an dem sie im Feuer gepeinigt werden.", "spanish": " Será el día en que sean atormentados en el Fuego.", "urdu": " (تو کہدے) اس وقت (آئے گا) جب انہیں آگ کے عذاب میں مبتلا کیا جائے گا۔"}, {"arabic": " ذُوۡقُوۡا فِتۡنَتَکُمۡ ؕ ہٰذَا الَّذِیۡ کُنۡتُمۡ بِہٖ تَسۡتَعۡجِلُوۡنَ ﴿۱۵﴾", "english": " ‘Taste ye your torment. This is what you would hasten.’", "french": " « Goûtez donc les consequences de votre méchanceté. Ceci est ce que vous aviez désiré hâter. »", "german": " Kostet nun eure Pein. Das ist´s, was ihr zu beschleunigen wünschtet.", "spanish": " “Probad la consecuencia de vuestra perversidad. Esto es lo que intentabais apresurar”.", "urdu": " (اور کہا جائے گا کہ) اپنا عذاب چکھو یہ وہی (عذاب ہے) جس کو تم جلدی سے مانگا کرتے تھے۔"}, {"arabic": " اِنَّ الۡمُتَّقِیۡنَ فِیۡ جَنّٰتٍ وَّ عُیُوۡنٍ ﴿ۙ۱۶﴾", "english": " But surely the righteous will be in the midst of gardens and springs,", "french": " Assurément les pieux seront au milieu de Jardins et de fontaines,", "german": " Die Gerechten aber werden inmitten von Gärten und Quellen sein,", "spanish": " En verdad, el justo estará en medio de jardines y manantiales,", "urdu": " متقی باغوں اور چشموں میں رہیں گے۔"}, {"arabic": " اٰخِذِیۡنَ مَاۤ اٰتٰہُمۡ رَبُّہُمۡ ؕ اِنَّہُمۡ کَانُوۡا قَبۡلَ ذٰلِکَ مُحۡسِنِیۡنَ ﴿ؕ۱۷﴾", "english": " Receiving what their Lord will give them; for they used to do good before that.", "french": " Recevant ce que leur Seigneur leur accordera ; parce qu’avant cela ils faisaient le bien.", "german": " empfangend, was ihr Herr ihnen geben wird, weil sie, vordem, Gutes zu tun pflegten.", "spanish": " Recibiendo lo que les dará Su Señor; pues antes de ello solían hacer el bien,", "urdu": " (اور) ان کا رب انہیں جو کچھ دے گا وہ لیتے جائیں گے۔ وہ اس وقت سے پہلے پوری طرح احکام بجا لانے والے تھے۔"}, {"arabic": " کَانُوۡا قَلِیۡلًا مِّنَ الَّیۡلِ مَا یَہۡجَعُوۡنَ ﴿۱۸﴾", "english": " They used to sleep but a little of the night;", "french": " Ils ne dormaient qu’une petite partie de la nuit ;", "german": " Sie schliefen nur einen kleinen Teil der Nacht;", "spanish": " Dormían, pero sólo un poco durante la noche;", "urdu": " راتوں کو کم ہی سوتے تھے۔"}, {"arabic": " وَ بِالۡاَسۡحَارِ ہُمۡ یَسۡتَغۡفِرُوۡنَ ﴿۱۹﴾", "english": " And at the dawn of the day they sought forgiveness;", "french": " Et dans les dernières heures de la nuit, ils imploraient le pardon ;", "german": " und vor Tagesanbruch suchten sie stets Vergebung;", "spanish": " Y al amanecer pedían perdón;", "urdu": " اور صبح کے وقت بھی وہ استغفار کیا کرتے تھے۔"}, {"arabic": " وَ فِیۡۤ اَمۡوَالِہِمۡ حَقٌّ لِّلسَّآئِلِ وَ الۡمَحۡرُوۡمِ ﴿۲۰﴾", "english": " And in their wealth was a share for one who asked for help and for one who could not.", "french": " Et dans leurs biens, il y avait une part pour le mendiant et pour l’indigent qui ne mendie pas.", "german": " und in ihrem Vermögen war ein Anteil für den, der bat, wie für den, der es nicht konnte.", "spanish": " Y en su riqueza hay una parte que corresponde al mendigo y al necesitado.", "urdu": " اور ان کے مالوں میں مانگنے والوں کا بھی حق تھا اور جو مانگ نہیں سکتے تھے ان کا بھی (حق تھا)۔"}, {"arabic": " وَ فِی الۡاَرۡضِ اٰیٰتٌ لِّلۡمُوۡقِنِیۡنَ ﴿ۙ۲۱﴾", "english": " And in the earth are Signs for those who have certainty of faith,", "french": " Et sur la terre il y a des Signes pour ceux qui ont la certitude de la foi,", "german": " Und auf Erden sind Zeichen für jene, die fest im Glauben sind,", "spanish": " Y en la tierra hay Signos para quienes tienen certeza en la fe,", "urdu": " اور زمین میں یقین کرنے والوں کے لئے بہت سے نشان ہیں۔"}, {"arabic": " وَ فِیۡۤ اَنۡفُسِکُمۡ ؕ اَفَلَا تُبۡصِرُوۡنَ ﴿۲۲﴾", "english": " And also in your own selves. Will you not then see?", "french": " Et aussi en vous-mêmes. Ne voulez-vous donc pas voir ?", "german": " und in euch selber. Wollt ihr denn nicht sehen?", "spanish": " Y también en vosotros mismos. ¿Acaso no veis?", "urdu": " اور تمہاری اپنی جانوں میں بھی‘ کیا تم دیکھتے نہیں؟"}, {"arabic": " وَ فِی السَّمَآءِ رِزۡقُکُمۡ وَ مَا تُوۡعَدُوۡنَ ﴿۲۳﴾", "english": " And in heaven is your sustenance, and also that which you are promised.", "french": " Et au ciel se trouve votre subsistance, et aussi ce qui vous est promis.", "german": " Und im Himmel ist eure Versorgung, und das, was euch verheißen wird.", "spanish": " En el cielo está vuestro sustento, y también lo que se os promete.", "urdu": " اور آسمان میں تمہارا رزق بھی ہے اور جو کچھ (اس کے علاوہ) وعدہ کیا جاتا ہے‘ وہ بھی (ہے)"}, {"arabic": " فَوَ رَبِّ السَّمَآءِ وَ الۡاَرۡضِ اِنَّہٗ لَحَقٌّ مِّثۡلَ مَاۤ اَنَّکُمۡ تَنۡطِقُوۡنَ ﴿٪۲۴﴾", "english": " And by the Lord of the heaven and the earth, it is certainly the truth, even as it is true that you speak.", "french": " Et par le Seigneur du ciel et de la terre, c’est bien la vérité, tout comme il est vrai que vous parlez.", "german": " Darum, bei dem Herrn des Himmels und der Erde, dies ist gewisslich wahr, eben wie (es wahr ist) dass ihr redet.", "spanish": " Por el Señor del cielo y la tierra, esto es ciertamente la verdad, tan cierto como que habláis.", "urdu": " سو آسمانوں اور زمین کے رب کی قسم (کہ جب یہ باتیں پوری ہوں گی تو پتہ لگ جائے گا کہ) یہ (قرآن) اسی طرح ایک حقیقت ہے جس طرح تمہارا باتیں کرنا۔"}, {"arabic": " ہَلۡ اَتٰٮکَ حَدِیۡثُ ضَیۡفِ اِبۡرٰہِیۡمَ الۡمُکۡرَمِیۡنَ ﴿ۘ۲۵﴾", "english": " Has the story of Abraham’s honoured guests reached thee?", "french": " Le récit des visiteurs honorés d’Abraham est-il parvenu jusqu’à toi ?", "german": " Ist die Geschichte von Abrahams geehrten Gästen nicht zu dir gedrungen?", "spanish": " ¿Te ha llegado la historia de los honorables huéspedes de Abraham?", "urdu": " کیا تیرے پاس ابراہیم کے معزز مہمانوں کی خبر پہنچی ہے۔"}, {"arabic": " اِذۡ دَخَلُوۡا عَلَیۡہِ فَقَالُوۡا سَلٰمًا ؕ قَالَ سَلٰمٌ ۚ قَوۡمٌ مُّنۡکَرُوۡنَ ﴿ۚ۲۶﴾", "english": " When they entered upon him and said, ‘Peace!’ he said, ‘Peace!’ They were all strangers.", "french": " Lorsqu’ils entrèrent en sa présence et dirent : « Paix !, » il répondit : « Paix ! » C’était un groupe d’étrangers.", "german": " Da sie bei ihm eintraten und sprachen: \"Frieden!\", sprach er: \"Frieden!\" (Es waren) alles fremde Leute.", "spanish": " Cuando se presentaron a él y dijeron: “¡Paz!”. Él respondió: “¡Paz!”. Eran todos extraños.", "urdu": " جب وہ اس کے پاس آئے تو انہوں نے کہا (ہم تجھے) سلام (کہتے ہیں) اس نے کہا (میں بھی کہتا ہوں کہ) تمہارے لئے (خدا کی طرف سے) دائمی سلامتی مقدر ہے (اور دل میں کہا کہ) یہ لوگ اجنبی معلوم ہوتے ہیں۔"}, {"arabic": " فَرَاغَ اِلٰۤی اَہۡلِہٖ فَجَآءَ بِعِجۡلٍ سَمِیۡنٍ ﴿ۙ۲۷﴾", "english": " And he went quietly to his household, and brought a fatted calf,", "french": " Et il alla discrètement à sa famille, et ramena un veau gras,", "german": " Und er ging stillschweigend zu den Seinen und brachte ein gemästetes Kalb.", "spanish": " Se fue silenciosamente a su hogar y trajo un ternero cebado,", "urdu": " پھر وہ چپکے سے اپنے گھروں کی طرف چلا گیا اور ایک بھنا ہوا بچھڑا لے آیا۔"}, {"arabic": " فَقَرَّبَہٗۤ اِلَیۡہِمۡ قَالَ اَلَا تَاۡکُلُوۡنَ ﴿۫۲۸﴾", "english": " And he placed it before them. He said, ‘Will you not eat?’", "french": " Et il le plaça devant eux. Il dit : « Ne voulez-vous pas manger ? »", "german": " Und er setzte es ihnen vor. Er sprach: \"Wollt ihr nicht essen?\"", "spanish": " Y lo colocó ante ellos. Dijo: “¿No coméis?”.", "urdu": " اور اسے ان کے سامنے رکھ دیا (پھر) کہا‘ کیا آپ کچھ نوش نہیں فرمائیں گے؟"}, {"arabic": " فَاَوۡجَسَ مِنۡہُمۡ خِیۡفَۃً ؕ قَالُوۡا لَا تَخَفۡ ؕ وَ بَشَّرُوۡہُ بِغُلٰمٍ عَلِیۡمٍ ﴿۲۹﴾", "english": " And he felt a fear on account of them. They said, ‘Fear not.’ And they gave him glad tidings of the birth of a son possessing knowledge.", "french": " Et il prit peur d’eux. Ils dirent : « Ne crains pas. » Et ils lui annoncèrent la bonne nouvelle de la naissance d’un fils possédant le savoir.", "german": " Es erfasste ihn Furcht vor ihnen. Sie sprachen: \"Fürchte dich nicht.\" Dann gaben sie ihm die Nachricht von einem weisen Sohn.", "spanish": " Mas sintió desconfianza de ellos. Le dijeron: “No temas”. Y le dieron la buena nueva del nacimiento de un hijo erudito.", "urdu": " اور (دل میں) ان سے کچھ ڈرا (وہ اس حالت کو سمجھ گئے) اور کہنے لگے‘ ڈر نہیں۔ اور اسے ایک علم والے لڑکے کی بشارت دی۔"}, {"arabic": " فَاَقۡبَلَتِ امۡرَاَتُہٗ فِیۡ صَرَّۃٍ فَصَکَّتۡ وَجۡہَہَا وَ قَالَتۡ عَجُوۡزٌ عَقِیۡمٌ ﴿۳۰﴾", "english": " Then his wife came forward crying and smote her face and said, ‘A barren old woman!’", "french": " Alors son épouse s’approcha en criant, elle se frappa le visage de la main et dit : « Je ne suis qu’ une vieille femme stérile ! »", "german": " Da kam seine Frau heran, scheu, und sie schlug ihr Angesicht und sprach: \"Ein unfruchtbares altes Weib!\"", "spanish": " Entonces se presentó su mujer gritando y abofeteándose el rostro y dijo: “¡Una anciana estéril!”.", "urdu": " اتنے میں اس کی بیوی آگے آئی جس کے چہرہ پر شرم کے آثار تھے۔ پس اس نے زور سے اپنے ہاتھ چہرے پر مارے اور بولی۔ میں تو ایک بانجھ بڑھیا ہوں۔"}, {"arabic": " قَالُوۡا کَذٰلِکِ ۙ قَالَ رَبُّکِ ؕ اِنَّہٗ ہُوَ الۡحَکِیۡمُ الۡعَلِیۡمُ ﴿۳۱﴾", "english": " They said, ‘Even so has thy Lord said. Surely, He is the Wise, the All- Knowing.’", "french": " Ils dirent : « C’est ainsi qu’a parlé ton Seigneur. Assurément Il est le Sage, l’Omniscient. »", "german": " Sie sprachen: \"Das ist so, aber dein Herr hat´s gesprochen. Siehe, Er ist der Allweise, der Allwissende.\"", "spanish": " Ellos dijeron: “Aún así lo ha dicho tu Señor. En verdad, Él es el sabio, el Omnisciente.", "urdu": " انہوں نے کہا (یہ سچ ہے کہ) تو ایسی ہی ہے لیکن تیرے رب نے (وہی) کہا ہے (جو ہم نے کہا ہے) وہ یقیناً بڑی حکمت والا (اور) بڑے علم والا ہے۔"}, {"arabic": " قَالَ فَمَا خَطۡبُکُمۡ اَیُّہَا الۡمُرۡسَلُوۡنَ ﴿۳۲﴾", "english": " Abraham said, ‘Now what is your errand, O ye messengers?’", "french": " Abraham dit : « Quelle est donc votre mission, ô messagers ? »", "german": " (Abraham) sprach: \"Wohlan, was ist euer Auftrag, ihr Boten?\"", "spanish": " Abraham dijo: “¡Cuál es, pues, vuestra misión, Oh mensajeros?”.", "urdu": " (اس پر ابراہیم نے) کہا‘ اے رسولو! تمہارے ذمہ کیا بڑا کام لگایا گیا ہے۔"}, {"arabic": " قَالُوۡۤا اِنَّاۤ اُرۡسِلۡنَاۤ اِلٰی قَوۡمٍ مُّجۡرِمِیۡنَ ﴿ۙ۳۳﴾", "english": " They said, ‘We have been sent to a sinful people,", "french": " Ils dirent : « Nous avons été envoyés vers un peuple pécheur,", "german": " Sie sprachen: \"Wir sind zu einem sündigen Volke entsandt worden,</span> </div> </div> <div class=\"row links\" style=\"margin-top:10px;\"> <div class=\"col-lg-12 center\"> <font size=\"-1\" style=\"font-family:Arial, Helvetica, sans-serif; color: #777\"> Read: <a target=\"_blank\" href=\"/quran/tafseer/?verse=51:33&region=E1&CR=E3,E2\" title=\"English Translation with Detailed Commentary with Meanings of Some Key Words\">Detailed English Commentary</a> | <a href=\"/quran/tafseer/?verse=51:33&region=TS&CR=UR,P1,H1,T1\" title=\"Urdu Tafseer-e-Saghir alongwith other Tafaseer\" target=\"_blank\">Urdu Tafaseer <font style=\"font-family: 'Jameel Noori Nastaleeq', -apple-system, BlinkMacSystemFont, 'Urdu Naskh Asiatype', 'Nafees Web Naskh';\">اردو تفاسیر</font></a> </font> </div></div> <hr size='1'> <div class=\"row\" id=\"Arabic34\" class='indopak' style=\"padding: 5px\"> <div class=\"col-lg-1\"> <a name=\"Arabic34\"></a> <font color=\"#939598\" style=\"font-size:1.1em\"> [<a href='/quran/51:34' style='text-decoration:underline'>51:34</a>]</font> </div> <div class=\"col-lg-1\"> <button onclick=\"aud_play_pause(34)\"><i class=\"fa fa-play\" style=\"color: #777\" aria-hidden=\"true\" id=\"control34\"></i></button> <audio id=\"player34\" class=\"audioplayer\" /> </div><div class=\"col-lg-10\" align=\"right\" dir=\"rtl\"></div> </div> <div class=\"row\"> <div class=\"col-lg-12\" align=\"right\" dir=\"rtl\"> <p class=\"arabicverse\">لِنُرۡسِلَ عَلَیۡہِمۡ حِجَارَۃً مِّنۡ طِیۡنٍ ﴿ۙ۳۴﴾ </p> </div> </div> <div class=\"row english\" align=\"left\" dir=\"ltr\" style=\"margin-top:10px\"> <div class=\"col-lg-12\"> <span class=\"translationheading\">English</span><br> <span class=\"translationtext\">‘That we may send down upon them stones of clay,</span> </div> </div> <div class=\"row english2\" align=\"left\" dir=\"ltr\" style=\"display:none; margin-top:10px\"> <div class=\"col-lg-12\"> <span class=\"translationheading\">English Short Commentary</span><br> <span class=\"translationtext\"> ‘That we may send down upon them <sup class='ref'>[<a class='ref' data-id='ref_51_34_c' href='#'>c</a>]</sup>stones of clay,’ <div class=\"footnote\"> <span class='collapsible plus' data-id='ref_51_34_c'>c</span></div> <div><div class='reference' data-id='ref_51_34_c' style='display:none'> <p><b>c.</b> <a href='/quran/11:83' target=_blank>11:83</a>. (<a href='javascript:void(0)' data-id='ref_51_34_c' class='ref'>close</a>)</p> </div> </div> </span> </div> </div> <div class=\"row urdu\" align=\"right\" dir=\"rtl\" style=\"margin-top:10px\"> <div class=\"col-lg-12\"> <span class=\"translationheading\">اُردو</span><br> <span class=\"urdutarjma\">تاکہ ہم مٹی کے بنے ہوئے کنکر اُن کی طرف چلائیں۔</span> </div> </div> <div class=\"row urdu2\" align=\"right\" dir=\"rtl\" style=\"display:none; margin-top:10px\"> <div class=\"col-lg-12\"> <span class=\"translationheading\">اُردو تفسیر صغیر</span><br> <span class=\"urdutarjma\">تا کہ ان پر گیلی مٹی سے بنے ہوئے کنکر (پے در پے) برسائیں۔ </span> </div> </div> <div class=\"row french\" align=\"left\" dir=\"ltr\" style=\"display:none; margin-top:10px\"> <div class=\"col-lg-12\"> <span class=\"translationheading\">Français</span><br> <span class=\"translationtext\">Pour lancer sur eux des pierres d’argile,</span> </div> </div> <div class=\"row spanish\" align=\"left\" dir=\"ltr\" style=\"display:none; margin-top:10px\"> <div class=\"col-lg-12\"> <span class=\"translationheading\">Español</span><br> <span class=\"translationtext\">“Para lanzar sobre ellos piedras de barro,</span> </div> </div> <div class=\"row german\" align=\"left\" dir=\"ltr\" style=\"display:none; margin-top:10px\"> <div class=\"col-lg-12\"> <span class=\"translationheading\">Deutsch</span><br> <span class=\"translationtext\">auf dass wir Steine von Ton auf sie niedersenden,</span> </div> </div> <div class=\"row links\" style=\"margin-top:10px;\"> <div class=\"col-lg-12 center\"> <font size=\"-1\" style=\"font-family:Arial, Helvetica, sans-serif; color: #777\"> Read: <a target=\"_blank\" href=\"/quran/tafseer/?verse=51:34&region=E1&CR=E3,E2\" title=\"English Translation with Detailed Commentary with Meanings of Some Key Words\">Detailed English Commentary</a> | <a href=\"/quran/tafseer/?verse=51:34&region=TS&CR=UR,P1,H1,T1\" title=\"Urdu Tafseer-e-Saghir alongwith other Tafaseer\" target=\"_blank\">Urdu Tafaseer <font style=\"font-family: 'Jameel Noori Nastaleeq', -apple-system, BlinkMacSystemFont, 'Urdu Naskh Asiatype', 'Nafees Web Naskh';\">اردو تفاسیر</font></a> </font> </div></div> <hr size='1'> <div class=\"row\" id=\"Arabic35\" class='indopak' style=\"padding: 5px\"> <div class=\"col-lg-1\"> <a name=\"Arabic35\"></a> <font color=\"#939598\" style=\"font-size:1.1em\"> [<a href='/quran/51:35' style='text-decoration:underline'>51:35</a>]</font> </div> <div class=\"col-lg-1\"> <button onclick=\"aud_play_pause(35)\"><i class=\"fa fa-play\" style=\"color: #777\" aria-hidden=\"true\" id=\"control35\"></i></button> <audio id=\"player35\" class=\"audioplayer\" /> </div><div class=\"col-lg-10\" align=\"right\" dir=\"rtl\"></div> </div> <div class=\"row\"> <div class=\"col-lg-12\" align=\"right\" dir=\"rtl\"> <p class=\"arabicverse\">مُّسَوَّمَۃً عِنۡدَ رَبِّکَ لِلۡمُسۡرِفِیۡنَ ﴿۳۵﴾ </p> </div> </div> <div class=\"row english\" align=\"left\" dir=\"ltr\" style=\"margin-top:10px\"> <div class=\"col-lg-12\"> <span class=\"translationheading\">English</span><br> <span class=\"translationtext\">‘Marked, with thy Lord, for those guilty of excesses.’</span> </div> </div> <div class=\"row english2\" align=\"left\" dir=\"ltr\" style=\"display:none; margin-top:10px\"> <div class=\"col-lg-12\"> <span class=\"translationheading\">English Short Commentary</span><br> <span class=\"translationtext\"> <sup class='ref'>[<a class='ref' data-id='ref_51_35_d' href='#'>d</a>]</sup>‘Marked, with thy Lord, for those guilty of excesses.’ <div class=\"footnote\"> <span class='collapsible plus' data-id='ref_51_35_d'>d</span></div> <div><div class='reference' data-id='ref_51_35_d' style='display:none'> <p><b>d.</b> <a href='/quran/11:84' target=_blank>11:84</a>. (<a href='javascript:void(0)' data-id='ref_51_35_d' class='ref'>close</a>)</p> </div> </div> </span> </div> </div> <div class=\"row urdu\" align=\"right\" dir=\"rtl\" style=\"margin-top:10px\"> <div class=\"col-lg-12\"> <span class=\"translationheading\">اُردو</span><br> <span class=\"urdutarjma\">جو نشان زدہ ہیں تیرے ربّ کے حضور اِسراف کرنے والوں کے لئے۔</span> </div> </div> <div class=\"row urdu2\" align=\"right\" dir=\"rtl\" style=\"display:none; margin-top:10px\"> <div class=\"col-lg-12\"> <span class=\"translationheading\">اُردو تفسیر صغیر</span><br> <span class=\"urdutarjma\">جن پر تیرے رب کی طرف سے حد سے بڑھنے والوں کو سزا دینے کے لئے نشان لگایا گیا ہے۔ </span> </div> </div> <div class=\"row french\" align=\"left\" dir=\"ltr\" style=\"display:none; margin-top:10px\"> <div class=\"col-lg-12\"> <span class=\"translationheading\">Français</span><br> <span class=\"translationtext\">Réservées, au regard de ton Seigneur, pour ceux qui sont coupables d’excès. »</span> </div> </div> <div class=\"row spanish\" align=\"left\" dir=\"ltr\" style=\"display:none; margin-top:10px\"> <div class=\"col-lg-12\"> <span class=\"translationheading\">Español</span><br> <span class=\"translationtext\">“Marcadas, de parte de tu Señor, para los culpables de excesos”,</span> </div> </div> <div class=\"row german\" align=\"left\" dir=\"ltr\" style=\"display:none; margin-top:10px\"> <div class=\"col-lg-12\"> <span class=\"translationheading\">Deutsch</span><br> <span class=\"translationtext\">bezeichnet von deinem Herrn für die Ruchlosen.\"", "spanish": " Respondieron: “Hemos sido enviados a un pueblo pecador,", "urdu": " انہوں نے کہا ہم ایک مجرم قوم کی طرف بھیجے گئے ہیں۔"}, {"arabic": " فَاَخۡرَجۡنَا مَنۡ کَانَ فِیۡہَا مِنَ الۡمُؤۡمِنِیۡنَ ﴿ۚ۳۶﴾", "english": " And We brought forth therefrom such of the believers as were there,", "french": " Et Nous fîmes sortir de là les croyants qui s’y trouvaient,", "german": " Und Wir ließen alle die Gläubigen, die dort waren, fortgehen,", "spanish": " Sacamos de aquel lugar a los creyentes que allí había,", "urdu": " اورہم نے اس بستی میں جتنے مومن تھے ان کونکال لیا۔"}, {"arabic": " فَمَا وَجَدۡنَا فِیۡہَا غَیۡرَ بَیۡتٍ مِّنَ الۡمُسۡلِمِیۡنَ ﴿ۚ۳۷﴾", "english": " And We found not there except only one house of Muslims.", "french": " Et Nous n’y avons trouvé qu’une seule famille qui Nous obéissait.", "german": " allein Wir fanden dort nur ein Haus von den Gottergebenen.", "spanish": " Pero no encontramos allí más que una sola casa de musulmanes.", "urdu": " اور ہم نے اس بستی میں اپنے فرمانبرداروں کا صرف ایک گھر پایا۔"}, {"arabic": " وَ تَرَکۡنَا فِیۡہَاۤ اٰیَۃً لِّلَّذِیۡنَ یَخَافُوۡنَ الۡعَذَابَ الۡاَلِیۡمَ ﴿ؕ۳۸﴾", "english": " And We left therein a Sign for those who fear the painful punishment.", "french": " Et Nous y avons laissé un Signe pour ceux qui craignent le châtiment douloureux.", "german": " Und Wir hinterließen darin ein Zeichen für jene, die die qualvolle Strafe fürchten.", "spanish": " Y dejamos allí un Signo para quienes temen el castigo doloroso.", "urdu": " اور ہم نے اس (بستی) میں ایک ایسا نشان چھوڑا جو ہمیشہ ان لوگوں کے کام آئے گا جو کہ دردناک عذاب سے ڈرنے والے ہوں گے۔"}, {"arabic": " وَ فِیۡ مُوۡسٰۤی اِذۡ اَرۡسَلۡنٰہُ اِلٰی فِرۡعَوۡنَ بِسُلۡطٰنٍ مُّبِیۡنٍ ﴿۳۹﴾", "english": " And We left another Sign in Moses when We sent him to Pharaoh with clear authority,", "french": " Et en Moïse Nous avons laissé un autre Signe , lorsque Nous l’avons envoyé à Pharaon avec une preuve claire et convaincante,", "german": " Und (ein weiteres Zeichen) in Moses, da Wir ihn zu Pharao sandten mit offenkundigem Beweis.", "spanish": " Y dejamos otro Signo con Moisés, cuando lo enviamos al Faraón con una autoridad manifiesta,", "urdu": " اور موسیٰ کے واقعہ میں بھی (بہت سی نشانیاں تھیں) جب ہم نے اس کو فرعون کی طرف ایک کھلی کھلی دلیل دے کر بھیجا۔"}, {"arabic": " فَتَوَلّٰی بِرُکۡنِہٖ وَ قَالَ سٰحِرٌ اَوۡ مَجۡنُوۡنٌ ﴿۴۰﴾", "english": " But he turned away from Moses in his pride of power, and said, ‘A sorcerer, or a madman.’", "french": " Mais, avec ses commandants, il se détourna en disant : « Un magicien, ou un fou ! »", "german": " Da wandte er sich zu seiner Säule (Tempel) und sprach: \"Ein Zauberer oder ein Wahnsinniger!\"", "spanish": " Mas se alejó junto con sus caciques y dijo: “Un brujo o un loco”.", "urdu": " اور وہ (فرعون) اپنے بت خانہ کی طرف پیٹھ پھیر کر لوٹ گیا اور کہنے لگا کہ (موسیٰ) بڑی ملمع سازی کی باتیں کرنے والا اور مجنون ہے۔"}, {"arabic": " فَاَخَذۡنٰہُ وَ جُنُوۡدَہٗ فَنَبَذۡنٰہُمۡ فِی الۡیَمِّ وَ ہُوَ مُلِیۡمٌ ﴿ؕ۴۱﴾", "english": " So We seized him and his hosts and threw them into the sea; and he himself was to blame.", "french": " Nous les saisîmes donc, lui et ses armées, et Nous les jetâmes à la mer ; et la faute en était à Pharaon lui-même.", "german": " So fassten Wir ihn und seine Heerscharen und warfen sie ins Meer; und er ist zu tadeln.", "spanish": " Por ello caímos sobre él y sus huestes y los arrojamos al mar; pues él mismo era culpable.", "urdu": " اس پر ہم نے اس کو اور اس کے لشکروں کو (اپنے قہر سے) پکڑ لیا اور ان سب کو سمندر میں پھینک دیا اور (آج تک) اس پر ملامت ہو رہی ہے۔"}, {"arabic": " وَ فِیۡ عَادٍ اِذۡ اَرۡسَلۡنَا عَلَیۡہِمُ الرِّیۡحَ الۡعَقِیۡمَ ﴿ۚ۴۲﴾", "english": " And there was a Sign in the tribe of ‘Ad, when We sent against them the destructive wind.", "french": " Et il y avait un Signe chez les ‘Ād, lorsque Nous envoyâmes contre eux le vent destructeur.", "german": " Und (ein Zeichen war) in den ´Âd, da Wir den verheerenden Wind wider sie sandten.", "spanish": " Y hubo un Signo en la tribu de Ad, cuando enviamos contra ellos el viento destructor.", "urdu": " اور عاد کے واقعہ میں بھی (ہم نے بہت سے نشان چھوڑے ہیں۔ اس وقت) جبکہ ہم نے ان پر ایک سخت آندھی چلائی تھی۔"}, {"arabic": " مَا تَذَرُ مِنۡ شَیۡءٍ اَتَتۡ عَلَیۡہِ اِلَّا جَعَلَتۡہُ کَالرَّمِیۡمِ ﴿ؕ۴۳﴾", "english": " It left nothing whatever that it visited, but made it like a rotten bone.", "french": " Il n’épargna absolument rien sur son passage sans l’avoir rendu comme des ossements pourris.", "german": " Er ließ nichts von allem, was er heimsuchte, zurück, ohne dass er es gleich einem vermoderten Knochen gemacht hätte.", "spanish": " Que no sólo no dejó nada de lo que azotó, sino que lo convirtió en algo similar a un hueso podrido.", "urdu": " وہ جس چیز پر چلتی تھی اس کو (تباہ کر دیتی تھی اور اسے) گلی ہوئی ہڈیوں کی طرح کر دیتی تھی۔"}, {"arabic": " وَ فِیۡ ثَمُوۡدَ اِذۡ قِیۡلَ لَہُمۡ تَمَتَّعُوۡا حَتّٰی حِیۡنٍ ﴿۴۴﴾", "english": " And a Sign there was in the tribe of Thamud when it was said to them, ‘Enjoy yourselves for a while.’", "french": " Et il y avait un Signe chez les Thamūd, lorsqu’il leur fut dit : « Jouissez des bénéfices pour quelque temps. »", "german": " Und (ein Zeichen war) in den Thamûd, da zu ihnen gesprochen ward: \"Lasst es euch eine Weile gut gehen.\"", "spanish": " Y también hubo un Signo en la tribu de Zamud, cuando se les dijo: “Disfrutad durante algún tiempo”.", "urdu": " اور ثمود میں بھی (ہم نے نشان چھوڑا) جب ان سے کہا گیا کہ ایک عرصہ تک فائدہ اٹھاٶ۔"}, {"arabic": " فَعَتَوۡا عَنۡ اَمۡرِ رَبِّہِمۡ فَاَخَذَتۡہُمُ الصّٰعِقَۃُ وَ ہُمۡ یَنۡظُرُوۡنَ ﴿۴۵﴾", "english": " But they rebelled against the command of their Lord. So the thunderbolt overtook them while they gazed;", "french": " Mais ils se révoltèrent contre le commandement de leur Seigneur. Alors la foudre les saisit, tandis qu’ils regardaient fixement.", "german": " Doch sie trotzten dem Befehl ihres Herrn. So ereilte sie der Donnerschlag, eben da sie schauten;", "spanish": " Mas se rebelaron contra el mandamiento de su Señor. Por eso el rayo cayó sobre ellos mientras miraban;", "urdu": " اور انہوں نے اپنے رب کے حکم کی نافرمانی کی اور ان کو ایک عذاب نے آپکڑا اور وہ دیکھتے کے دیکھتے رہے۔"}, {"arabic": " فَمَا اسۡتَطَاعُوۡا مِنۡ قِیَامٍ وَّ مَا کَانُوۡا مُنۡتَصِرِیۡنَ ﴿ۙ۴۶﴾", "english": " And they were not able to rise again , nor could they defend themselves.", "french": " Et ils ne purent se relever, ni purent-ils se venger.", "german": " und sie vermochten nicht (wieder) aufzustehn, noch fanden sie Hilfe.", "spanish": " Y no pudieron levantarse ni socorrerse.", "urdu": " اور نہ تو بچنے کے لئے کھڑے ہو سکے اور نہ وہ کسی کی مدد حاصل کر سکے۔"}, {"arabic": " وَ قَوۡمَ نُوۡحٍ مِّنۡ قَبۡلُ ؕ اِنَّہُمۡ کَانُوۡا قَوۡمًا فٰسِقِیۡنَ ﴿٪۴۷﴾", "english": " And We destroyed the people of Noah before them ; they were a disobedient people.", "french": " Et Nous avons anéanti le peuple de Noé avant eux ; c’était un peuple désobéissant.", "german": " Und vordem (vertilgten Wir) das Volk Noahs; denn sie waren ein widerspenstiges Volk.", "spanish": " Y destruimos al pueblo de Noé antes de ellos; eran un pueblo desobediente.", "urdu": " اور ان سے پہلے نوح کی قوم کو بھی (ہم ہلاک کر چکے تھے) وہ اطاعت سے نکلنے والی قوم تھی۔"}, {"arabic": " وَ السَّمَآءَ بَنَیۡنٰہَا بِاَیۡٮدٍ وَّ اِنَّا لَمُوۡسِعُوۡنَ ﴿۴۸﴾", "english": " And We have built the heaven with Our own hands, and verily We have vast powers.", "french": " Et, de Nos pouvoirs, Nous avons construit le ciel , et assurément, Nous continuons à l’étendre.", "german": " Und den Himmel haben Wir erbaut mit (Unseren) Kräften, und Unsere Kräfte sind wahrlich gewaltig.", "spanish": " Hemos creado el cielo con poder y ciertamente continuamos expandiéndolo.", "urdu": " اور آسمانوں کو بھی ہم نے کئی صفات سے بنایا ہے اور ہم بڑی وسیع طاقت رکھتے ہیں۔"}, {"arabic": " وَ الۡاَرۡضَ فَرَشۡنٰہَا فَنِعۡمَ الۡمٰہِدُوۡنَ ﴿۴۹﴾", "english": " And the earth We have spread out, and how excellently do We prepare things !", "french": " Et Nous avons étendu la terre, et combien excellemment Nous la préparons tel un lit !", "german": " Und die Erde haben Wir ausgebreitet, und wie schön breiten Wir aus!", "spanish": " Dilatamos la tierra, pues ¡qué bien sabemos preparar las cosas!", "urdu": " اور زمین کو ہم نے ایک بچھونے کی طرح بنایا ہے اور ہم بہت اچھا بچھونا بنانے والے ہیں۔"}, {"arabic": " وَ مِنۡ کُلِّ شَیۡءٍ خَلَقۡنَا زَوۡجَیۡنِ لَعَلَّکُمۡ تَذَکَّرُوۡنَ ﴿۵۰﴾", "english": " And of everything have We created pairs, that you may reflect.", "french": " Et de chaque chose Nous avons créé deux éléments formant une paire, afin que vous réfléchissiez.", "german": " Und von jeglichem Ding haben Wir Paare erschaffen, auf dass ihr euch vielleicht doch besinnen möchtet.", "spanish": " Y de todo creamos parejas para que reflexionéis.", "urdu": " اور ہر ایک چیز کے ہم نے نر و مادہ بنائے ہیں تا کہ تم نصیحت حاصل کرو۔"}, {"arabic": " فَفِرُّوۡۤا اِلَی اللّٰہِ ؕ اِنِّیۡ لَکُمۡ مِّنۡہُ نَذِیۡرٌ مُّبِیۡنٌ ﴿ۚ۵۱﴾", "english": " Flee ye therefore unto Allah. Surely, I am a plain Warner unto you from Him.", "french": " Courez donc vers Allāh. Assurément, je suis pour vous, de Sa part, un Avertisseur qui avertit clairement.", "german": " Fliehet darum zu Allah. Ich bin euch von Ihm ein aufklärender Warner.", "spanish": " Apresuraos, pues, hacia Al-lah. En verdad, soy un simple Amonestador vuestro enviado por Él.", "urdu": " پس (چاہیئے کہ) تم اللہ کی طرف دوڑو۔ میں اس کی طرف سے تمہیں ببانگ بلند ہوشیار کرنے والا بن کر آیا ہوں۔"}, {"arabic": " وَ لَا تَجۡعَلُوۡا مَعَ اللّٰہِ اِلٰـہًا اٰخَرَ ؕ اِنِّیۡ لَکُمۡ مِّنۡہُ نَذِیۡرٌ مُّبِیۡنٌ ﴿ۚ۵۲﴾", "english": " And do not set up another God along with Allah. Surely, I am a plain Warner unto you from Him.", "french": " Et n’associez à Allāh aucun autre dieu ; je suis pour vous, de Sa part, un Avertisseur qui avertit clairement.", "german": " Und setzet nicht einen anderen Gott neben Allah. Ich bin euch von Ihm ein aufklärender Warner.", "spanish": " Y no pongáis ningún otro Dios junto a Al-lah. En verdad, soy un simple Amonestador para vosotros enviado por Él.", "urdu": " اور تم اللہ کے ساتھ کسی اور کو معبود نہ بناٶ۔ میں اس کی طرف سے تمہاری طرف ایک کھلا کھلا ہوشیار کرنے والا ہوں۔"}, {"arabic": " کَذٰلِکَ مَاۤ اَتَی الَّذِیۡنَ مِنۡ قَبۡلِہِمۡ مِّنۡ رَّسُوۡلٍ اِلَّا قَالُوۡا سَاحِرٌ اَوۡ مَجۡنُوۡنٌ ﴿ۚ۵۳﴾", "english": " Even so there came no Messenger to those before them, but they said, ‘A sorcerer, or a madman!’", "french": " Pareillement, aucun Messager n’est venu vers leurs devanciers, sans qu’ils n’aient dit : « Un magicien, ou un fou ! »", "german": " So auch kam zu denen vor ihnen kein Gesandter, ohne dass sie gesprochen hätten: \"Ein Zauberer oder ein Wahnsinniger!\"", "spanish": " No obstante, ningún Mensajero llegó a quienes les precedieron, sin que dijeran: “¡Un brujo o un loco!”.", "urdu": " اسی طرح ان سے پہلے جو رسول آتے رہے‘ ان کو لوگوں نے یہی کہا کہ وہ دلفریب باتیں بنانے والے یا مجنون ہیں۔"}, {"arabic": " اَتَوَاصَوۡا بِہٖ ۚ بَلۡ ہُمۡ قَوۡمٌ طَاغُوۡنَ ﴿ۚ۵۴﴾", "english": " Have they made it a legacy to one another? Nay, they are all a rebellious people.", "french": " Se sont-ils donc légué cela les uns aux autres ? Non , mais ils sont tous un peuple rebelle.", "german": " Haben sie es etwa einander vermacht? Sie sind vielmehr (alle) ein widerspenstiges Volk.", "spanish": " ¿Lo han convertido acaso en un legado mutuo? No, es que todos son un pueblo rebelde.", "urdu": " کیا وہ اس (بات کے کہنے) کی ایک دوسرے کو وصیت کر گئے تھے (ہرگز نہیں) بلکہ وہ سب کے سب سرکش لوگ ہیں (اسی لئے ایک ہی قسم کے گندے خیال ان کے دل میں پیدا ہوتے ہیں) ۔"}, {"arabic": " فَتَوَلَّ عَنۡہُمۡ فَمَاۤ اَنۡتَ بِمَلُوۡمٍ ﴿٭۫۵۵﴾", "english": " So turn away from them; and there will be no blame on thee.", "french": " Alors détourne-toi d’eux ; et il n’y aura aucun blâme sur toi.", "german": " So kehre dich ab von ihnen; und dich soll kein Tadel treffen.", "spanish": " Apártate, pues, de ellos; y no habrá culpa alguna en ti.", "urdu": " پس (اے نبی)! تو ان سے منہ پھیر لے اور تجھ کو (ان کے کاموں کی وجہ سے) کوئی ملامت نہیں کی جائے گی۔"}, {"arabic": " وَّ ذَکِّرۡ فَاِنَّ الذِّکۡرٰی تَنۡفَعُ الۡمُؤۡمِنِیۡنَ ﴿۵۶﴾", "english": " And keep on exhorting; for verily, exhortation benefits those who would believe.", "french": " Mais continue à exhorter ; car en vérité, le rappel profite aux croyants.", "german": " Doch fahre fort, zu ermahnen, denn Ermahnung nützt denen, die glauben mögen.", "spanish": " Continúa exhortándolos; ciertamente la exhortación beneficia a los creyentes.", "urdu": " اور یاد دلاتا رہ۔ کیونکہ یاد دلانا مومنوں کو نفع بخشا کرتا ہے۔"}, {"arabic": " وَ مَا خَلَقۡتُ الۡجِنَّ وَ الۡاِنۡسَ اِلَّا لِیَعۡبُدُوۡنِ ﴿۵۷﴾", "english": " And I have not created the Jinn and the men but that they may worship Me.", "french": " Et Je n’ai créé les djinns et les hommes que pour qu’ils M’adorent.", "german": " Und Ich habe die Jinn und die Menschen nur darum erschaffen, dass sie Mir dienen.", "spanish": " Pues sólo he creado a los Yinn y a los hombres para que Me adoren.", "urdu": " اور میں نے جنوں اور انسانوں کو صرف اپنی عبادت کے لئے پیدا کیا ہے۔"}, {"arabic": " مَاۤ اُرِیۡدُ مِنۡہُمۡ مِّنۡ رِّزۡقٍ وَّ مَاۤ اُرِیۡدُ اَنۡ یُّطۡعِمُوۡنِ ﴿۵۸﴾", "english": " I desire no sustenance from them, nor do I desire that they should feed Me.", "french": " Je ne désire aucune subsistance d’eux, et Je ne désire pas non plus qu’ils Me nourrissent.", "german": " Ich wünsche keine Versorgung von ihnen, noch wünsche Ich, dass sie Mich speisen.", "spanish": " No deseo apoyo alguno de ellos, ni tampoco deseo que Me alimenten.", "urdu": " نہ میں ان سے کوئی رزق مانگتا ہوں اور نہ میں ان سے یہ چاہتا ہوں کہ وہ مجھے کھانا کھلائیں۔"}, {"arabic": " اِنَّ اللّٰہَ ہُوَ الرَّزَّاقُ ذُو الۡقُوَّۃِ الۡمَتِیۡنُ ﴿۵۹﴾", "english": " Surely, it is Allah Himself Who is the Great Sustainer, the Powerful, the Strong.", "french": " Assurément, c’est Allāh Lui-Même Qui est le Grand Pourvoyeur, le Seigneur de la Puissance, le Fort.", "german": " Allah allein ist der große Versorger, der Allmächtige, der Starke.", "spanish": " En verdad Al-lah es el Gran Sostenedor, el Poderoso, el Fuerte.", "urdu": " اللہ ہی سب کو کھانا کھلانے والا (ہے اور) بڑی زبردست طاقت والا ہے۔"}, {"arabic": " فَاِنَّ لِلَّذِیۡنَ ظَلَمُوۡا ذَنُوۡبًا مِّثۡلَ ذَنُوۡبِ اَصۡحٰبِہِمۡ فَلَا یَسۡتَعۡجِلُوۡنِ ﴿۶۰﴾", "english": " And for those who do wrong there is a share of comfort like the share enjoyed by their fellows of the earlier times ; so let them not ask Me to hasten on the punishment .", "french": " Par conséquent, le sort de ceux qui font le mal sera sûrement comme le sort de leurs semblables ; donc, qu’ils ne Me demandent pas de hâter le châtiment .", "german": " Und für jene, die Unrecht tun, ist ein Los wie das Los ihrer Gefährten; möchten sie Mich darum nicht bitten (die Strafe) zu beschleunigen.", "spanish": " Ciertamente la suerte de los que hicieron el mal será similar a la de los de su género; ¡que no Me pidan, pues, que apresure el castigo!", "urdu": " پس جنہوں نے ظلم کیا ہے ان کے لئے بھی ویسے ہی ڈول ہیں جیسا کہ ان کے ساتھیوں کے لئے ڈول تھے پس چاہیئے کہ وہ عذاب طلب کرنے کی مجھ سے جلدی نہ کریں۔"}], "Surah": 51}