{"Ayats": [{"arabic": " بِسۡمِ اللّٰہِ الرَّحۡمٰنِ الرَّحِیۡمِ﴿۱﴾", "english": " In the name of Allah, the Gracious, the Merciful.", "french": " Au nom d’Allāh, le Gracieux, le Miséricordieux.", "german": " Im Namen Allahs, des Gnädigen, des Barmherzigen.", "spanish": " En el nombre de Al-lah, el Clemente, el Misericordioso.", "urdu": " (میں) اللہ کا نام لے کر جو بے حد کرم کرنے والا (اور) باربار رحم کرنے والا ہے (پڑھتا ہوں)"}, {"arabic": " وَ النّٰزِعٰتِ غَرۡقًا ۙ﴿۲﴾", "english": " By those beings who draw people to true faith vigorously,", "french": " Par ceux qui se meuvent submergés et qui traînent et tirent pour faire couler,", "german": " Bei den mit aller Macht (zur Wahrheit) Ziehenden,", "spanish": " Por los que se mueven sumergidos y arrastran y empujan con el propósito de hundir,", "urdu": " میں ان ہستیوں کو شہادت کے طور پر پیش کرتا ہوں جو پوری توجہ سے علوم دینیہ کو کھینچتی ہیں۔"}, {"arabic": " وَّ النّٰشِطٰتِ نَشۡطًا ۙ﴿۳﴾", "english": " And by those who tie their knots firmly,", "french": " Et par ceux qui se déplacent rapidement parcourant des pays ,", "german": " und bei denen, die (ihre) Knoten fest binden,", "spanish": " Y por los que se mueven rápidamente a lo largo de territorios,", "urdu": " اور ان (ہستیوں) کو جو خوب اچھی طرح گرہ باندھتی ہیں۔"}, {"arabic": " وَّ السّٰبِحٰتِ سَبۡحًا ۙ﴿۴﴾", "english": " And by those who glide along swiftly,", "french": " Et par ceux qui voguent rapidement à la surface des océans, couvrant de grandes distances,", "german": " und den schnell einher Schwebenden,", "spanish": " Y por los que recorren ágilmente largas distancias sobre la superficie de los océanos,", "urdu": " اور ان (ہستیوں) کو جو دور دور نکل جاتی ہیں۔"}, {"arabic": " فَالسّٰبِقٰتِ سَبۡقًا ۙ﴿۵﴾", "english": " Then they advance and greatly excel others ,", "french": " Et par ceux qui luttent entre eux pour la suprématie,", "german": " dann bei den Voraneilenden und Übertreffenden,", "spanish": " Y por los que compiten entre sí por la supremacía ,", "urdu": " پھر (مقابلہ کرکے اپنے مدمقابل سے) خوب آگے نکل جاتی ہیں۔"}, {"arabic": " فَالۡمُدَبِّرٰتِ اَمۡرًا ۘ﴿۶﴾", "english": " Then they manage the affair entrusted to them .", "french": " Et par ceux qui planifient et exécutent de façon excellente leur tâche.", "german": " dann bei den die Sachen Lenkenden.", "spanish": " Y por los que preparan un plan y ejecutan bien su tarea .", "urdu": " پھر (دنیا کا) کام (چلانے) کی تدبیروں میں لگ جاتی ہیں۔"}, {"arabic": " یَوۡمَ تَرۡجُفُ الرَّاجِفَۃُ ۙ﴿۷﴾", "english": " This will happen on the day when the quaking earth shall quake,", "french": " Le jour où ce qui est en proie à des tremblements sera secoué violemment,", "german": " Am Tage, wenn die bebende (Erde) schwanken wird,", "spanish": " Esto sucederá en el día en que tiemble la tierra temblorosa,", "urdu": " (ان صفات والی قوم کے ظہور کا وہ دن ہوگا) جس دن جنگ (کی تیاری) کرنے والی (قوم) جنگ کی تیاری کرے گی۔"}, {"arabic": " تَتۡبَعُہَا الرَّادِفَۃُ ؕ﴿۸﴾", "english": " And a second quaking shall follow it.", "french": " Et un autre tremblement lui succédera,", "german": " (und) ein zweites (Beben) drauf folgt,", "spanish": " Y le seguirá un segundo temblor,", "urdu": " اس (جنگ کی تیاری) کے بعد (اسی قسم کی) پیچھے آنے والی (ایک اور) گھڑی آئے گی۔"}, {"arabic": " قُلُوۡبٌ یَّوۡمَئِذٍ وَّاجِفَۃٌ ۙ﴿۹﴾", "english": " On that day hearts will tremble,", "french": " Ce jour-là les cœurs trembleront,", "german": " Herzen werden an jenem Tage zittern,", "spanish": " En ese día temblarán los corazones,", "urdu": " اس دن کچھ (لوگوں کے) دل دھڑک رہے ہونگے۔"}, {"arabic": " اَبۡصَارُہَا خَاشِعَۃٌ ۘ﴿۱۰﴾", "english": " And their eyes will be cast down —", "french": " Et leurs regards s’abaisseront.", "german": " und ihre Augen werden niedergeschlagen sein.", "spanish": " Con la mirada baja,", "urdu": " اور ان کی نظریں خوف سے جھکی ہوئی ہوں گی۔"}, {"arabic": " یَقُوۡلُوۡنَ ءَاِنَّا لَمَرۡدُوۡدُوۡنَ فِی الۡحَافِرَۃِ ﴿ؕ۱۱﴾", "english": " They say, ‘Shall we really be restored to our former state?", "french": " Ils diront : « Serons-nous réellement rétablis à notre premier état ?", "german": " Sie sprechen: \"Sollen wir wirklich in unseren früheren Zustand zurückgebracht werden?</span> </div> </div> <div class=\"row links\" style=\"margin-top:10px;\"> <div class=\"col-lg-12 center\"> <font size=\"-1\" style=\"font-family:Arial, Helvetica, sans-serif; color: #777\"> Read: <a target=\"_blank\" href=\"/quran/tafseer/?verse=79:11&region=E1&CR=E3,E2\" title=\"English Translation with Detailed Commentary with Meanings of Some Key Words\">Detailed English Commentary</a> | <a href=\"/quran/tafseer/?verse=79:11&region=TS&CR=UR,P1,H1,T1\" title=\"Urdu Tafseer-e-Saghir alongwith other Tafaseer\" target=\"_blank\">Urdu Tafaseer <font style=\"font-family: 'Jameel Noori Nastaleeq', -apple-system, BlinkMacSystemFont, 'Urdu Naskh Asiatype', 'Nafees Web Naskh';\">اردو تفاسیر</font></a> </font> </div></div> <hr size='1'> <div class=\"row\" id=\"Arabic12\" class='indopak' style=\"padding: 5px\"> <div class=\"col-lg-1\"> <a name=\"Arabic12\"></a> <font color=\"#939598\" style=\"font-size:1.1em\"> [<a href='/quran/79:12' style='text-decoration:underline'>79:12</a>]</font> </div> <div class=\"col-lg-1\"> <button onclick=\"aud_play_pause(12)\"><i class=\"fa fa-play\" style=\"color: #777\" aria-hidden=\"true\" id=\"control12\"></i></button> <audio id=\"player12\" class=\"audioplayer\" /> </div><div class=\"col-lg-10\" align=\"right\" dir=\"rtl\"></div> </div> <div class=\"row\"> <div class=\"col-lg-12\" align=\"right\" dir=\"rtl\"> <p class=\"arabicverse\">ءَ اِذَا کُنَّا عِظَامًا نَّخِرَۃً ﴿ؕ۱۲﴾</p> </div> </div> <div class=\"row english\" align=\"left\" dir=\"ltr\" style=\"margin-top:10px\"> <div class=\"col-lg-12\"> <span class=\"translationheading\">English</span><br> <span class=\"translationtext\">‘What! even when we are rotten bones?’</span> </div> </div> <div class=\"row english2\" align=\"left\" dir=\"ltr\" style=\"display:none; margin-top:10px\"> <div class=\"col-lg-12\"> <span class=\"translationheading\">English Short Commentary</span><br> <span class=\"translationtext\"> <sup class='ref'>[<a class='ref' data-id='ref_79_12_c' href='#'>c</a>]</sup>‘What! even when we are rotten bones?’ <div class=\"footnote\"> <span class='collapsible plus' data-id='ref_79_12_c'>c</span></div> <div><div class='reference' data-id='ref_79_12_c' style='display:none'> <p><b>c.</b> <a href='/quran/17:50' target=_blank>17:50</a>; <a href='/quran/36:79' target=_blank>36:79</a>. (<a href='javascript:void(0)' data-id='ref_79_12_c' class='ref'>close</a>)</p> </div> </div> </span> </div> </div> <div class=\"row urdu\" align=\"right\" dir=\"rtl\" style=\"margin-top:10px\"> <div class=\"col-lg-12\"> <span class=\"translationheading\">اُردو</span><br> <span class=\"urdutarjma\">کیا جب ہم گلی سڑی ہڈیاں بن چکے ہوں گے؟</span> </div> </div> <div class=\"row urdu2\" align=\"right\" dir=\"rtl\" style=\"display:none; margin-top:10px\"> <div class=\"col-lg-12\"> <span class=\"translationheading\">اُردو تفسیر صغیر</span><br> <span class=\"urdutarjma\">کیا (اس حالت میں بھی کہ) جب ہم بوسیدہ ہڈیاں ہو جائیں گے (ایسا ہوگا)؟ </span> </div> </div> <div class=\"row french\" align=\"left\" dir=\"ltr\" style=\"display:none; margin-top:10px\"> <div class=\"col-lg-12\"> <span class=\"translationheading\">Français</span><br> <span class=\"translationtext\">Comment ! même quand nous serons des ossements pourris ? »</span> </div> </div> <div class=\"row spanish\" align=\"left\" dir=\"ltr\" style=\"display:none; margin-top:10px\"> <div class=\"col-lg-12\"> <span class=\"translationheading\">Español</span><br> <span class=\"translationtext\">“¡Cómo! ¿Aunque seamos huesos podridos?”.</span> </div> </div> <div class=\"row german\" align=\"left\" dir=\"ltr\" style=\"display:none; margin-top:10px\"> <div class=\"col-lg-12\"> <span class=\"translationheading\">Deutsch</span><br> <span class=\"translationtext\">Wie! selbst wenn wir verwestes Gebein sind?\"", "spanish": " Dirán: “¿Seremos realmente de­vuel­tos a nuestro estado anterior?", "urdu": " (اور) وہ کہیں گے کیا ہمیں اپنے رستے پر الٹے پاٶں لوٹایا جائے گا۔"}, {"arabic": " قَالُوۡا تِلۡکَ اِذًا کَرَّۃٌ خَاسِرَۃٌ ﴿ۘ۱۳﴾", "english": " They say, ‘Then that indeed would be a losing return.’", "french": " Ils disent : « Alors cela serait un retour plein de perte. »", "german": " Sie sprechen: \"Das wäre dann eine verlustbringende Wiederkehr.\"", "spanish": " Dicen: “Entonces sería en verdad un retorno desgraciado”.", "urdu": " وہ کہتے ہیں (اگر ایسا ہوا) تب تو یہ بڑی گھاٹے والی واپسی ہوگی۔"}, {"arabic": " فَاِنَّمَا ہِیَ زَجۡرَۃٌ وَّاحِدَۃٌ ﴿ۙ۱۴﴾", "english": " It will only be a single cry,", "french": " Ce ne sera qu’un seul appel avec reproche.", "german": " Es wird nur ein einziger Schrei der Drohung sein", "spanish": " Habrá sólo un único grito.", "urdu": " (اور یہ بھی یاد رکھو کہ) یہ جنگ کی خبر تو صرف ایک ڈانٹ تھی۔"}, {"arabic": " فَاِذَا ہُمۡ بِالسَّاہِرَۃِ ﴿ؕ۱۵﴾", "english": " And behold! they will all come out in the open.", "french": " Et voilà ! ils seront tous sur une Plaine.", "german": " und siehe, sie werden sich (alle) zusammen im Freien scharen.", "spanish": " Y ¡he aquí que todos saldrán al exterior!", "urdu": " چنانچہ (اس ڈانٹ کے بعد) وہ یکدم پھر (جنگ کے) میدان میں آموجود ہونگے۔"}, {"arabic": " ہَلۡ اَتٰٮکَ حَدِیۡثُ مُوۡسٰی ﴿ۘ۱۶﴾", "english": " Has the story of Moses reached thee?", "french": " L’histoire de Moïse est-elle venue jusqu’à toi ?", "german": " Ist die Kunde von Moses zu dir gedrungen?", "spanish": " ¿Te ha llegado la historia de Moisés?", "urdu": " کیا تجھے موسیٰ کی بات (بھی) پہنچی ہے؟"}, {"arabic": " اِذۡ نَادٰٮہُ رَبُّہٗ بِالۡوَادِ الۡمُقَدَّسِ طُوًی ﴿ۚ۱۷﴾", "english": " When his Lord called him in the holy Valley of Tuwa, saying ,", "french": " Lorsque son Seigneur l’appela dans la vallée sacrée de Ṭuwā et lui dit :", "german": " Da sein Herr ihn im heiligen Tale Tuwâ rief:", "spanish": " Cuando su Señor lo llamó en el Valle Santo de Tuwa, diciéndole:", "urdu": " جبکہ اسے اس کے رب نے وادی مقدس یعنی طویٰ میں پکارا تھا۔"}, {"arabic": " اِذۡہَبۡ اِلٰی فِرۡعَوۡنَ اِنَّہٗ طَغٰی ﴿۫ۖ۱۸﴾", "english": " “Go thou to Pharaoh; he has rebelled.", "french": " « Va auprès de Pharaon ; il s’est rebellé,", "german": " «Geh hin zu Pharao, denn er ist widerspenstig,", "spanish": " “Ve al Faraón; se ha rebelado”.", "urdu": " (اور فرمایا تھا کہ) فرعون کی طرف جا کیونکہ وہ باغی ہو رہا ہے۔"}, {"arabic": " فَقُلۡ ہَلۡ لَّکَ اِلٰۤی اَنۡ تَزَکّٰی ﴿ۙ۱۹﴾", "english": " “And say to him , ‘Wouldst thou like to be purified?", "french": " Et dis- lui : 'Voudrais-tu être purifié ?", "german": " und sprich: \"Willst du dich nicht reinigen?</span> </div> </div> <div class=\"row links\" style=\"margin-top:10px;\"> <div class=\"col-lg-12 center\"> <font size=\"-1\" style=\"font-family:Arial, Helvetica, sans-serif; color: #777\"> Read: <a target=\"_blank\" href=\"/quran/tafseer/?verse=79:19&region=E1&CR=E3,E2\" title=\"English Translation with Detailed Commentary with Meanings of Some Key Words\">Detailed English Commentary</a> | <a href=\"/quran/tafseer/?verse=79:19&region=TS&CR=UR,P1,H1,T1\" title=\"Urdu Tafseer-e-Saghir alongwith other Tafaseer\" target=\"_blank\">Urdu Tafaseer <font style=\"font-family: 'Jameel Noori Nastaleeq', -apple-system, BlinkMacSystemFont, 'Urdu Naskh Asiatype', 'Nafees Web Naskh';\">اردو تفاسیر</font></a> </font> </div></div> <hr size='1'> <div class=\"row\" id=\"Arabic20\" class='indopak' style=\"padding: 5px\"> <div class=\"col-lg-1\"> <a name=\"Arabic20\"></a> <font color=\"#939598\" style=\"font-size:1.1em\"> [<a href='/quran/79:20' style='text-decoration:underline'>79:20</a>]</font> </div> <div class=\"col-lg-1\"> <button onclick=\"aud_play_pause(20)\"><i class=\"fa fa-play\" style=\"color: #777\" aria-hidden=\"true\" id=\"control20\"></i></button> <audio id=\"player20\" class=\"audioplayer\" /> </div><div class=\"col-lg-10\" align=\"right\" dir=\"rtl\"></div> </div> <div class=\"row\"> <div class=\"col-lg-12\" align=\"right\" dir=\"rtl\"> <p class=\"arabicverse\">وَ اَہۡدِیَکَ اِلٰی رَبِّکَ فَتَخۡشٰی ﴿ۚ۲۰﴾</p> </div> </div> <div class=\"row english\" align=\"left\" dir=\"ltr\" style=\"margin-top:10px\"> <div class=\"col-lg-12\"> <span class=\"translationheading\">English</span><br> <span class=\"translationtext\">‘And I will guide thee to thy Lord so that thou mayest fear Him.’”</span> </div> </div> <div class=\"row english2\" align=\"left\" dir=\"ltr\" style=\"display:none; margin-top:10px\"> <div class=\"col-lg-12\"> <span class=\"translationheading\">English Short Commentary</span><br> <span class=\"translationtext\"> ‘And I will guide thee to thy Lord so that thou mayest fear Him.” </span> </div> </div> <div class=\"row urdu\" align=\"right\" dir=\"rtl\" style=\"margin-top:10px\"> <div class=\"col-lg-12\"> <span class=\"translationheading\">اُردو</span><br> <span class=\"urdutarjma\">ور میں تجھے تیرے ربّ کی طرف ہدایت دوں تاکہ تُو ڈرے؟</span> </div> </div> <div class=\"row urdu2\" align=\"right\" dir=\"rtl\" style=\"display:none; margin-top:10px\"> <div class=\"col-lg-12\"> <span class=\"translationheading\">اُردو تفسیر صغیر</span><br> <span class=\"urdutarjma\">اور (اس کے نتیجہ میں) میں تجھے تیرے رب کی طرف راستہ دکھاٶں اور تو (خدا سے) ڈرنے لگے۔ </span> </div> </div> <div class=\"row french\" align=\"left\" dir=\"ltr\" style=\"display:none; margin-top:10px\"> <div class=\"col-lg-12\"> <span class=\"translationheading\">Français</span><br> <span class=\"translationtext\">Et <em>que</em> je te guide vers ton Seigneur afin que tu puisses <em>Le</em> craindre.' «</span> </div> </div> <div class=\"row spanish\" align=\"left\" dir=\"ltr\" style=\"display:none; margin-top:10px\"> <div class=\"col-lg-12\"> <span class=\"translationheading\">Español</span><br> <span class=\"translationtext\">“Pues yo te guiaré hasta tu Señor para que puedas temerlo”.”</span> </div> </div> <div class=\"row german\" align=\"left\" dir=\"ltr\" style=\"display:none; margin-top:10px\"> <div class=\"col-lg-12\"> <span class=\"translationheading\">Deutsch</span><br> <span class=\"translationtext\">Und ich werde dich zu deinem Herrn führen, auf dass du dich fürchtest.\"»", "spanish": " “Y dile: “¿No te gustaría ser purificado?", "urdu": " اور (اسے) کہہ کہ کیا تجھے (اس بات کی بھی کچھ) خواہش ہے کہ تو پاک ہو جائے۔"}], "Surah": 79}