{"Ayats": [{"arabic": " بِسۡمِ اللّٰہِ الرَّحۡمٰنِ الرَّحِیۡمِ﴿۱﴾", "english": " In the name of Allah, the Gracious, the Merciful.", "french": " Au nom d’Allāh, le Gracieux. le Miséricordieux.", "german": " Im Namen Allahs, des Gnädigen, des Barmherzigen.", "spanish": " En el nombre de Al-lah, el Clemente, el Misericordioso.", "urdu": " (میں) اللہ کا نام لے کر جو بے حد کرم کرنے والا (اور) باربار رحم کرنے والا ہے (پڑھتا ہوں)"}, {"arabic": " اِذَا وَقَعَتِ الۡوَاقِعَۃُ ۙ﴿۲﴾", "english": " When the Event comes to pass —", "french": " Quand l’Evénement arrivera –", "german": " Wenn das Ereignis eintrifft –", "spanish": " Cuando suceda el Acontecimiento,", "urdu": " جب وہ (بات) جس کے اٹل ہونے کا فیصلہ ہے عملاً ہو جائے گی۔"}, {"arabic": " لَیۡسَ لِوَقۡعَتِہَا کَاذِبَۃٌ ۘ﴿۳﴾", "english": " None can say that its coming to pass is a lie —", "french": " On ne peut dénier son avènement –", "german": " es gibt nichts, das sein Eintreffen verhindern könnte –,", "spanish": " No hay quien niegue su acaecimiento.", "urdu": " اس کے واقع ہونے کو اپنے وقت سے ٹلانے والی کوئی (چیز) نہیں۔"}, {"arabic": " خَافِضَۃٌ رَّافِعَۃٌ ۙ﴿۴﴾", "english": " Some it will bring low, others it will exalt.", "french": " Il abaissera certains , et élèvera d’autres .", "german": " dann wird es (die einen) erniedrigen, (andere) wird es erhöhen.", "spanish": " Rebajando a unos y exaltando a otros.", "urdu": " وہ بعض کو نیچا کرنے والی اور بعض کو اونچا کرنے والی ہے۔"}, {"arabic": " اِذَا رُجَّتِ الۡاَرۡضُ رَجًّا ۙ﴿۵﴾", "english": " When the earth will be shaken with a terrible shaking,", "french": " Quand la terre sera secouée d’une secousse violente,", "german": " Wenn die Erde heftig erschüttert wird,", "spanish": " Cuando la tierra sea sacudida con un terrible temblor.", "urdu": " جس دن ملک کو ہلا دیا جائے گا۔"}, {"arabic": " وَّ بُسَّتِ الۡجِبَالُ بَسًّا ۙ﴿۶﴾", "english": " And the mountains will be shattered — a complete shattering.", "french": " Et que les montagnes seront totalement pulvérisées,", "german": " und die Berge gänzlich zertrümmert werden,", "spanish": " Y las montañas se pulvericen, con un completo desmoronamiento.", "urdu": " اور پہاڑوں کو ریزہ ریزہ کر دیا جائے گا۔"}, {"arabic": " فَکَانَتۡ ہَبَآءً مُّنۡۢبَثًّا ۙ﴿۷﴾", "english": " They shall all become like dust particles scattered about,", "french": " Alors, elles deviendront toutes comme de la poussière éparpillée,", "german": " dann sollen sie zu Staub werden, weithin verstreutem,", "spanish": " Se convertirán todas en partículas de polvo dispersadas,", "urdu": " سو وہ ایسے ہو جائیں گے جیسے ہوا میں چاروں طرف اڑنے والے باریک ذرے۔"}, {"arabic": " وَّ کُنۡتُمۡ اَزۡوَاجًا ثَلٰثَۃً ؕ﴿۸﴾", "english": " And you shall be divided into three groups:", "french": " Et vous serez divisés en trois groupes :", "german": " und ihr sollt in drei Ränge (gestellt) werden:", "spanish": " Y seréis divididos en tres grupos:", "urdu": " اور تم تین گروہوں میں تقسیم ہو جاٶ گے۔"}, {"arabic": " فَاَصۡحٰبُ الۡمَیۡمَنَۃِ ۬ۙ مَاۤ اَصۡحٰبُ الۡمَیۡمَنَۃِ ؕ﴿۹﴾", "english": " First , those on the right hand — how lucky are those on the right hand! —", "french": " Premièrement , ceux du côté droit – que sont ceux du côté droit ? –", "german": " Die zur Rechten – was (wisst ihr) von denen, die zur Rechten sein werden? –,", "spanish": " Los de la derecha -¡Oh los de la derecha!-", "urdu": " ایک تو داہنے ہاتھ والے ہونگے اور تجھ کو کیا معلوم کہ داہنے ہاتھ والے کیسے ہونگے؟"}, {"arabic": " وَ اَصۡحٰبُ الۡمَشۡـَٔمَۃِ ۬ۙ مَاۤ اَصۡحٰبُ الۡمَشۡـَٔمَۃِ ؕ﴿۱۰﴾", "english": " Second , those on the left hand — how unlucky are those on the left hand! —", "french": " Deuxièmement , ceux du côté gauche – que sont ceux du côté gauche ? –", "german": " Die zur Linken – was (wisst ihr) von denen, die zur Linken sein werden? –,", "spanish": " Y los de la izquierda -¡Oh los de la izquierda!-", "urdu": " اور ایک بائیں ہاتھ والے‘ اور تجھے کیا معلوم کہ بائیں ہاتھ والے کیسے ہونگے؟"}, {"arabic": " وَ السّٰبِقُوۡنَ السّٰبِقُوۡنَ ﴿ۚۙ۱۱﴾", "english": " Third , the foremost; they are the foremost;", "french": " Troisièmement , les plus en avant ; ils sont les plus en avant ;", "german": " Die Vordersten werden die Vordersten sein;", "spanish": " Y los principales; son ellos los principales;", "urdu": " اور ایک گروہ (ایمان اور عمل میں) آگے نکل جانے والوں کا ہوگا ‘ سو وہ تو بہرحال دوسروں سے آگے ہی رہیں گے۔"}, {"arabic": " اُولٰٓئِکَ الۡمُقَرَّبُوۡنَ ﴿ۚ۱۲﴾", "english": " They will have achieved nearness to God .", "french": " Ceux-là seront les plus rapprochés d'Allāh .", "german": " das sind die, die (Gott) nahe sein werden", "spanish": " Habrán conseguido la cercanía de Dios.", "urdu": " اور وہ لوگ (خدا کے) مقرب ہوں گے۔"}, {"arabic": " فِیۡ جَنّٰتِ النَّعِیۡمِ ﴿۱۳﴾", "english": " They will be in the Gardens of Bliss —", "french": " Ils seront dans les Jardins de la Félicité –", "german": " in den Gärten der Wonne.", "spanish": " Estarán en los Jardines de Felicidad,", "urdu": " نعمت والی جنتوں میں (رہیں گے)"}, {"arabic": " ثُلَّۃٌ مِّنَ الۡاَوَّلِیۡنَ ﴿ۙ۱۴﴾", "english": " A large party from among the early Muslims ,", "french": " Un grand groupe provenant du peuple précédent,", "german": " Eine große Schar der Früheren,", "spanish": " Una gran parte de entre los primeros pueblos ,", "urdu": " پہلے ایمان لانے والوں میں ان کی تعداد زیادہ ہوگی۔"}, {"arabic": " وَ قَلِیۡلٌ مِّنَ الۡاٰخِرِیۡنَ ﴿ؕ۱۵﴾", "english": " And a few from the later ones,", "french": " Et un petit nombre provenant du peuple des Derniers Temps,", "german": " und einige wenige der Späteren,", "spanish": " Y un pequeño número de entre los pueblos de los últimos días.", "urdu": " اور بعد میں ایمان لانے والوں میں سے ان کی تعداد تھوڑی ہوگی۔"}, {"arabic": " عَلٰی سُرُرٍ مَّوۡضُوۡنَۃٍ ﴿ۙ۱۶﴾", "english": " Seated on couches inwrought with gold and jewels ,", "french": " Sur des canapés incrustés d'or et de pierres précieuses ,", "german": " auf durchwobenen Polstern,", "spanish": " Sentados en lechos incrustados de oro y pedrería,", "urdu": " وہ جڑاٶ چھپرکھٹوں پر"}, {"arabic": " مُّتَّکِـِٕیۡنَ عَلَیۡہَا مُتَقٰبِلِیۡنَ ﴿۱۷﴾", "english": " Reclining thereon facing each other.", "french": " Ils seront allongés là-dessus, accoudés sur des coussins , se faisant face.", "german": " lehnend auf diesen, einander gegenüber.", "spanish": " Reclinados sobre ellos, cara a cara.", "urdu": " تکیہ لگا کر آمنے سامنے بیٹھے ہونگے۔"}, {"arabic": " یَطُوۡفُ عَلَیۡہِمۡ وِلۡدَانٌ مُّخَلَّدُوۡنَ ﴿ۙ۱۸﴾", "english": " There will wait on them youths, who will not age,", "french": " Des adolescents qui ne vieilliront pas circuleront parmi eux pour les servir,", "german": " Ihnen aufwarten werden Jünglinge, die nicht altern,", "spanish": " Serán servidos por jóvenes, que no envejecen,", "urdu": " ان کے پاس خدمت کے لئے کثرت سے نوجوان خادم آئیں گے جو کہ ہمیشہ اپنی نیکی پر قائم رکھے جائیں گے۔"}, {"arabic": " بِاَکۡوَابٍ وَّ اَبَارِیۡقَ ۬ۙ وَ کَاۡسٍ مِّنۡ مَّعِیۡنٍ ﴿ۙ۱۹﴾", "english": " Carrying goblets and ewers and cups filled out of a flowing spring —", "french": " Portant des gobelets, des aiguières et des coupes remplis à une source ruisselante –", "german": " mit Bechern und Krügen und Trinkschalen (gefüllt) aus einem fließenden Born –", "spanish": " Con vasos, jarras y copas llenos de un manantial que fluye sin cesar,", "urdu": " (وہ) گلاس اور آفتابے اور چشموں سے بھرے ہوئے پیالے لے کر (آئیں گے) ۔"}, {"arabic": " لَّا یُصَدَّعُوۡنَ عَنۡہَا وَ لَا یُنۡزِفُوۡنَ ﴿ۙ۲۰﴾", "english": " No headache will they get therefrom, nor will they be intoxicated —", "french": " Ils n’en auront pas mal à la tête et n’ en seront point enivrés –", "german": " keinen Kopfschmerz werden sie davon haben, noch werden sie berauscht sein –", "spanish": " Que no les producirá dolor de cabeza, ni les embriagará.", "urdu": " (ان پیالوں اور آبخوروں کو پی کر) نہ تو جنتیوں کو خمار ہوگا اور نہ وہ لغو کلام کریں گے۔"}, {"arabic": " وَ فَاکِہَۃٍ مِّمَّا یَتَخَیَّرُوۡنَ ﴿ۙ۲۱﴾", "english": " And carrying such fruits as they choose,", "french": " Et portant des fruits de leur choix –", "german": " und (mit den) Früchten, die sie vorziehen,", "spanish": " Y con las frutas que deseen.", "urdu": " (اور اسی طرح نوجوان خادم) ان (جنتیوں) کے پاس ایسے پھلوں کے طشت لے کر آئیں گے ‘ جن کو وہ پسند کریں گے۔"}, {"arabic": " وَ لَحۡمِ طَیۡرٍ مِّمَّا یَشۡتَہُوۡنَ ﴿ؕ۲۲﴾", "english": " And flesh of birds as they may desire.", "french": " Et de la chair d’oiseaux comme ils le désireront.", "german": " und Fleisch vom Geflügel, das sie begehren mögen,", "spanish": " Y la carne de ave que deseen.", "urdu": " اور پرندوں میں سے ان پرندوں کے گوشت جن کو وہ (جنتی) پسند کریں گے۔"}, {"arabic": " وَ حُوۡرٌ عِیۡنٌ ﴿ۙ۲۳﴾", "english": " And there will be fair maidens with wide, lovely eyes,", "french": " Et il s’y trouvera de belles jeunes filles aux yeux grands et beaux,", "german": " und holdselige Mädchen mit großen, herrlichen Augen,", "spanish": " Y habrá allí doncellas agraciadas de ojos grandes y bellos.", "urdu": " اور کالی پتلیوں والی اور بڑی بڑی آنکھوں والی عورتیں ہوں گی۔"}, {"arabic": " کَاَمۡثَالِ اللُّؤۡلُوَٴ الۡمَکۡنُوۡنِ ﴿ۚ۲۴﴾", "english": " Like pearls, well preserved,", "french": " Pareilles à des perles bien cachées et protégées ,", "german": " gleich verborgenen Perlen,", "spanish": " Como perlas, bien ocultas y protegidas,", "urdu": " جو محفوظ موتیوں کی طرح ہونگی (جو اپنے قیمتی ہونے کی وجہ سے چھپا کر رکھے جاتے ہیں)"}, {"arabic": " جَزَآءًۢ بِمَا کَانُوۡا یَعۡمَلُوۡنَ ﴿۲۵﴾", "english": " As a reward for what they did.", "french": " Comme récompense pour ce qu’ils auront fait.", "german": " als eine Belohnung für das, was sie zu tun pflegten.", "spanish": " Como recompensa por lo que hicieron.", "urdu": " یہ سب کچھ مومنوں کے اعمال کی وجہ سے جزا کے طور پر ملے گا۔"}, {"arabic": " لَا یَسۡمَعُوۡنَ فِیۡہَا لَغۡوًا وَّ لَا تَاۡثِیۡمًا ﴿ۙ۲۶﴾", "english": " They will not hear therein any vain or sinful talk,", "french": " Ils n’y entendront aucune parole futile ou coupable,", "german": " Sie werden dort kein eitles Geschwätz noch sündige Rede hören,", "spanish": " No oirán allí ninguna conversación vana o pecaminosa.", "urdu": " وہ (مومن) جنتوں میں نہ تو کوئی لغو بات سنیں گے اور نہ گناہ کا کلمہ۔"}, {"arabic": " اِلَّا قِیۡلًا سَلٰمًا سَلٰمًا ﴿۲۷﴾", "english": " Except only the word of salutation , ‘Peace, peace.’", "french": " Sauf la parole de salutation : « Paix ! Paix ! »", "german": " nur das Wort: \"Frieden, Frieden!\"", "spanish": " Excepto la palabra del saludo: “Paz, paz”.", "urdu": " ہاں مگر ایسا قول سنیں گے جو سلام (یعنی سلامتی کی دعا) پر مشتمل ہوگا۔"}, {"arabic": " وَ اَصۡحٰبُ الۡیَمِیۡنِ ۬ۙ مَاۤ اَصۡحٰبُ الۡیَمِیۡنِ ﴿ؕ۲۸﴾", "english": " And as for those on the right hand — how lucky are those on the right hand! —", "french": " Et ceux du côté droit – que sont ceux du côté droit ? –", "german": " Und die zur Rechten – was (wisst ihr) von denen, die zur Rechten sein werden? –,", "spanish": " Los de la derecha -¡Oh los de la derecha!-", "urdu": " اور (تو) دائیں طرف کے آدمیوں کا بھی حال سن اور تجھے کیا معلوم ہے کہ دائیں طرف کے آدمی کیا ہیں؟"}, {"arabic": " فِیۡ سِدۡرٍ مَّخۡضُوۡدٍ ﴿ۙ۲۹﴾", "english": " They will be amidst thornless lote-trees,", "french": " Ils seront au milieu des jujubiers sans épines,", "german": " (Sie werden) unter dornenlosen Lotusbäumen (sein)", "spanish": " Estarán en medio de lotos sin espina,", "urdu": " وہ بغیر کانٹوں کی بیریوں کے باغوں میں رہیں گے۔"}, {"arabic": " وَّ طَلۡحٍ مَّنۡضُوۡدٍ ﴿ۙ۳۰﴾", "english": " And clustered bananas,", "french": " Et des régimes de bananes,", "german": " und gebüschelten Bananen", "spanish": " Plátanos llenos de racimos,", "urdu": " اور کیلوں (کے باغوں) میں جن کے پھل ایک دوسرے پر چڑھے ہوئے ہونگے۔"}, {"arabic": " وَّ ظِلٍّ مَّمۡدُوۡدٍ ﴿ۙ۳۱﴾", "english": " And extended shade,", "french": " Et de l’ombre étendue,", "german": " und ausgebreitetem Schatten", "spanish": " Sombras extendidas,", "urdu": " اور ایسی چھاٶں میں جو بہت لمبی ہوگی۔"}, {"arabic": " وَّ مَآءٍ مَّسۡکُوۡبٍ ﴿ۙ۳۲﴾", "english": " And flowing water,", "french": " Et de l’eau courante,", "german": " bei fließenden Wassern", "spanish": " Agua corriente,", "urdu": " اور ایسے پانیوں میں جو گرائے جا رہے ہوںگے۔"}, {"arabic": " وَّ فَاکِہَۃٍ کَثِیۡرَۃٍ ﴿ۙ۳۳﴾", "english": " And abundant fruit,", "french": " Et des fruits abondants,", "german": " und reichlichen Früchten,", "spanish": " Y frutas en abundancia,", "urdu": " اور بہت سے پھلوں میں۔"}, {"arabic": " لَّا مَقۡطُوۡعَۃٍ وَّ لَا مَمۡنُوۡعَۃٍ ﴿ۙ۳۴﴾", "english": " Neither failing, nor forbidden,", "french": " Qui ne manqueront pas, ni ne seront-ils interdits,", "german": " unaufhörlichen, unverbotenen.", "spanish": " Que ni faltarán ni estarán prohibidas,", "urdu": " نہ تو وہ کاٹے جائیں گے اور نہ ان سے ان (جنتیوں کو) روکا جائے گا (یعنی وہ انہی کی ملکیت قرار دئیے جائیں گے) ۔"}, {"arabic": " وَّ فُرُشٍ مَّرۡفُوۡعَۃٍ ﴿ؕ۳۵﴾", "english": " And they will have noble spouses —", "french": " Et ils auront des épouses nobles –", "german": " Und edlen Gattinnen –", "spanish": " Y tendrán nobles esposas,", "urdu": " اور شاندار بیویوں کے ساتھ رہیں گے۔"}, {"arabic": " اِنَّاۤ اَنۡشَاۡنٰہُنَّ اِنۡشَآءً ﴿ۙ۳۶﴾", "english": " Verily, We have created them a good creation,", "french": " En vérité, Nous les avons créées d’une façon excellente,", "german": " wir haben sie als eine wunderbare Schöpfung erschaffen", "spanish": " En verdad, las hemos creado como una maravillosa creación,", "urdu": " ہم نے ہی ان کو بنا رکھا ہے۔"}, {"arabic": " فَجَعَلۡنٰہُنَّ اَبۡکَارًا ﴿ۙ۳۷﴾", "english": " And made them virgins,", "french": " Et Nous les avons faites vierges,", "german": " und sie zu Jungfrauen gemacht,", "spanish": " Haciéndolas vírgenes,", "urdu": " اور کنواریاں پیدا کیا ہے۔"}, {"arabic": " عُرُبًا اَتۡرَابًا ﴿ۙ۳۸﴾", "english": " Loving, of equal age", "french": " Affectueuses, du même âge,", "german": " liebevollen Altersgenossinnen", "spanish": " Amantes de la misma edad,", "urdu": " نہایت خوبصورت اور جنتیوں کی ہم عمر"}, {"arabic": " لِّاَصۡحٰبِ الۡیَمِیۡنِ ﴿ؕ٪۳۹﴾", "english": " With those on the right hand:", "french": " Pour ceux du côté droit ;", "german": " derer zur Rechten;", "spanish": " Para los de la derecha.", "urdu": " (جن کو) دائیں طرف والے گروہ کے لئے (پیدا کیا گیا ہے) ۔"}, {"arabic": " ثُلَّۃٌ مِّنَ الۡاَوَّلِیۡنَ ﴿ۙ۴۰﴾", "english": " A large party from among the early Muslims ,", "french": " Un grand groupe de parmi le peuple précédent.", "german": " eine große Schar der Früheren,", "spanish": " Un gran grupo perteneciente a los primeros pueblos,", "urdu": " یہ گروہ شروع میں ایمان لانے والے لوگوں میں سے بھی کثرت سے ہوگا۔"}, {"arabic": " وَ ثُلَّۃٌ مِّنَ الۡاٰخِرِیۡنَ ﴿ؕ۴۱﴾", "english": " And a large party from the later ones.", "french": " Et un grand groupe de parmi le peuple des Derniers Temps.", "german": " und eine große Schar der Späteren.", "spanish": " Y un gran grupo de los posteriores.", "urdu": " اور آخر میں ایمان لانے والے لوگوں میں سے بھی کثرت سے ہوگا۔"}, {"arabic": " وَ اَصۡحٰبُ الشِّمَالِ ۬ۙ مَاۤ اَصۡحٰبُ الشِّمَالِ ﴿ؕ۴۲﴾", "english": " But as for those on the left hand — how unlucky are those on the left hand! —", "french": " Mais quant à ceux du côté gauche – que sont ceux du côté gauche ?", "german": " Und die zur Linken – was (wisst ihr) von denen, die zur Linken sein werden? –,", "spanish": " Mas en cuanto a los de la izquierda -¡ay de los de la izquierda!-", "urdu": " اور بائیں طرف والے (لوگوں کا بھی حال سن) اور تجھے کیا معلوم ہے کہ بائیں طرف کے لوگ کیسے ہونگے؟"}, {"arabic": " فِیۡ سَمُوۡمٍ وَّ حَمِیۡمٍ ﴿ۙ۴۳﴾", "english": " They will be in the midst of scorching winds and scalding water,", "french": " Ils seront au milieu des vents brûlants et d’eau bouillante,", "german": " (Sie werden) inmitten von glühenden Winden und siedendem Wasser (sein)", "spanish": " Estarán en medio de vientos abrasadores y agua hirviente,", "urdu": " وہ گرم ہواٶں اور گرم پانیوں میں رہیں گے۔"}, {"arabic": " وَّ ظِلٍّ مِّنۡ یَّحۡمُوۡمٍ ﴿ۙ۴۴﴾", "english": " And under the shadow of black smoke,", "french": " Et sous l’ombre d’une fumée noire,", "german": " und im Schatten schwarzen Rauches,", "spanish": " Y a la sombra de una negra humareda,", "urdu": " اور ایسے سایہ میں رہیں گے جو سیاہ دھوئیں کی طرح ہوگا۔"}, {"arabic": " لَّا بَارِدٍ وَّ لَا کَرِیۡمٍ ﴿۴۵﴾", "english": " Neither cool nor of any good.", "french": " Ni fraîche, ni bienfaisante.", "german": " weder kühl noch erfrischend.", "spanish": " Ni fresca ni agradable.", "urdu": " نہ وہ ٹھنڈا ہوگا اور نہ اس کے نیچے رہنا عزت بخشے گا۔"}, {"arabic": " اِنَّہُمۡ کَانُوۡا قَبۡلَ ذٰلِکَ مُتۡرَفِیۡنَ ﴿ۚۖ۴۶﴾", "english": " Before this they lived a life of ease and plenty", "french": " Avant ceci, ils menaient une vie d’aisance et d’abondance,", "german": " Vor diesem waren sie in der Tat verbraucht durch Üppigkeit", "spanish": " Antes de esto, llevaron una vida de comodidad y abundancia.", "urdu": " وہ اس سے پہلے دنیا میں بڑے آرام سے رہتے تھے۔"}, {"arabic": " وَ کَانُوۡا یُصِرُّوۡنَ عَلَی الۡحِنۡثِ الۡعَظِیۡمِ ﴿ۚ۴۷﴾", "english": " And used to persist in extreme sinfulness.", "french": " Et s’obstinaient dans le péché extrême.", "german": " und verharrten in der großen Sünde.", "spanish": " Y solían persistir en graves pecados.", "urdu": " اور بڑے گناہ (یعنی شرک) پر اصرار کرتے تھے۔"}, {"arabic": " وَ کَانُوۡا یَقُوۡلُوۡنَ ۬ۙ اَئِذَا مِتۡنَا وَ کُنَّا تُرَابًا وَّ عِظَامًا ءَاِنَّا لَمَبۡعُوۡثُوۡنَ ﴿ۙ۴۸﴾", "english": " And they were wont to say, ‘What! when we are dead and have become dust and bones, shall we indeed be raised again,", "french": " Et ils avaient coutume de dire : « Comment ! Quand nous serons morts, et que nous serons devenus poussière et ossements, serons-nous vraiment ressuscités ?", "german": " Und sie pflegten zu sprechen: \"Wie! wenn wir tot sind und zu Staub und Gebeine geworden, sollen wir dann wirklich auferweckt werden?</span> </div> </div> <div class=\"row links\" style=\"margin-top:10px;\"> <div class=\"col-lg-12 center\"> <font size=\"-1\" style=\"font-family:Arial, Helvetica, sans-serif; color: #777\"> Read: <a target=\"_blank\" href=\"/quran/tafseer/?verse=56:48&region=E1&CR=E3,E2\" title=\"English Translation with Detailed Commentary with Meanings of Some Key Words\">Detailed English Commentary</a> | <a href=\"/quran/tafseer/?verse=56:48&region=TS&CR=UR,P1,H1,T1\" title=\"Urdu Tafseer-e-Saghir alongwith other Tafaseer\" target=\"_blank\">Urdu Tafaseer <font style=\"font-family: 'Jameel Noori Nastaleeq', -apple-system, BlinkMacSystemFont, 'Urdu Naskh Asiatype', 'Nafees Web Naskh';\">اردو تفاسیر</font></a> </font> </div></div> <hr size='1'> <div class=\"row\" id=\"Arabic49\" class='indopak' style=\"padding: 5px\"> <div class=\"col-lg-1\"> <a name=\"Arabic49\"></a> <font color=\"#939598\" style=\"font-size:1.1em\"> [<a href='/quran/56:49' style='text-decoration:underline'>56:49</a>]</font> </div> <div class=\"col-lg-1\"> <button onclick=\"aud_play_pause(49)\"><i class=\"fa fa-play\" style=\"color: #777\" aria-hidden=\"true\" id=\"control49\"></i></button> <audio id=\"player49\" class=\"audioplayer\" /> </div><div class=\"col-lg-10\" align=\"right\" dir=\"rtl\"></div> </div> <div class=\"row\"> <div class=\"col-lg-12\" align=\"right\" dir=\"rtl\"> <p class=\"arabicverse\">اَوَ اٰبَآؤُنَا الۡاَوَّلُوۡنَ ﴿۴۹﴾ </p> </div> </div> <div class=\"row english\" align=\"left\" dir=\"ltr\" style=\"margin-top:10px\"> <div class=\"col-lg-12\"> <span class=\"translationheading\">English</span><br> <span class=\"translationtext\">‘And our fathers of yore too?’</span> </div> </div> <div class=\"row english2\" align=\"left\" dir=\"ltr\" style=\"display:none; margin-top:10px\"> <div class=\"col-lg-12\"> <span class=\"translationheading\">English Short Commentary</span><br> <span class=\"translationtext\"> <sup class='ref'>[<a class='ref' data-id='ref_56_49_a' href='#'>a</a>]</sup>‘And our fathers of yore <i>too</i>?’ <div class=\"footnote\"> <span class='collapsible plus' data-id='ref_56_49_a'>a</span></div> <div><div class='reference' data-id='ref_56_49_a' style='display:none'> <p><b>a.</b> <a href='/quran/37:18' target=_blank>37:18</a>. (<a href='javascript:void(0)' data-id='ref_56_49_a' class='ref'>close</a>)</p> </div> </div> </span> </div> </div> <div class=\"row urdu\" align=\"right\" dir=\"rtl\" style=\"margin-top:10px\"> <div class=\"col-lg-12\"> <span class=\"translationheading\">اُردو</span><br> <span class=\"urdutarjma\">کیا ہمارے پہلے آباءو اجداد بھی؟</span> </div> </div> <div class=\"row urdu2\" align=\"right\" dir=\"rtl\" style=\"display:none; margin-top:10px\"> <div class=\"col-lg-12\"> <span class=\"translationheading\">اُردو تفسیر صغیر</span><br> <span class=\"urdutarjma\">یا ہمارے باپ دادوں کے ساتھ بھی یہی معاملہ ہوگا۔ </span> </div> </div> <div class=\"row french\" align=\"left\" dir=\"ltr\" style=\"display:none; margin-top:10px\"> <div class=\"col-lg-12\"> <span class=\"translationheading\">Français</span><br> <span class=\"translationtext\">Et nos ancêtres d’antan <em>aussi</em> ? »</span> </div> </div> <div class=\"row spanish\" align=\"left\" dir=\"ltr\" style=\"display:none; margin-top:10px\"> <div class=\"col-lg-12\"> <span class=\"translationheading\">Español</span><br> <span class=\"translationtext\">“Al igual que nuestros padres que nos precedieron?”.</span> </div> </div> <div class=\"row german\" align=\"left\" dir=\"ltr\" style=\"display:none; margin-top:10px\"> <div class=\"col-lg-12\"> <span class=\"translationheading\">Deutsch</span><br> <span class=\"translationtext\">Und unsere Vorväter auch?\"", "spanish": " Acostumbraban a decir: “¡Cómo! ¿Cuándo hayamos muerto y nos hayamos convertido en polvo y huesos, seremos en verdad resucitados,", "urdu": " وہ کہا کرتے تھے کہ کیا جب ہم مر جائیں گے اور مٹی اور ہڈیاں بن جائیں گے کیا ہم کو پھر زندہ کرکے کھڑا کر دیا جائے گا۔"}, {"arabic": " قُلۡ اِنَّ الۡاَوَّلِیۡنَ وَ الۡاٰخِرِیۡنَ ﴿ۙ۵۰﴾", "english": " Say, ‘ Yes , the earlier ones and the later ones", "french": " Dis : « Oui , les premiers, et ceux qui sont venus plus tard,", "german": "", "spanish": " Diles: “ Sí, los anteriores y los posteriores,", "urdu": " تو کہہ دے کہ پہلے بھی اور پچھلے بھی‘"}, {"arabic": " لَمَجۡمُوۡعُوۡنَ ۬ۙ اِلٰی مِیۡقَاتِ یَوۡمٍ مَّعۡلُوۡمٍ ﴿۵۱﴾", "english": " ‘Will all be gathered together unto the fixed time of an appointed day.", "french": " Seront tous rassemblés à l’heure fixée d’un jour désigné.", "german": " werden alle versammelt werden zur gesetzten Frist eines bestimmten Tages.", "spanish": " “Serán todos reunidos en la hora fijada del día establecido”.", "urdu": " سب کے سب ایک معلوم دن کے وعدہ کی طرف اکٹھے کرکے لے جائے جائیں گے۔"}, {"arabic": " ثُمَّ اِنَّکُمۡ اَیُّہَا الضَّآلُّوۡنَ الۡمُکَذِّبُوۡنَ ﴿ۙ۵۲﴾", "english": " ‘Then, O ye that have gone astray and have rejected the truth ,", "french": " Alors, ô vous qui êtes égarés et avez rejeté la vérité ,", "german": " Dann, o ihr Irregegangenen und Leugner,", "spanish": " “Entonces ¡ay de vosotros los que os extraviasteis y rechazasteis la verdad”,", "urdu": " پھر تم اے جھٹلانے والے گمراہو!"}, {"arabic": " لَاٰکِلُوۡنَ مِنۡ شَجَرٍ مِّنۡ زَقُّوۡمٍ ﴿ۙ۵۳﴾", "english": " ‘You will surely eat of the tree of Zaqqum,", "french": " Vous mangerez sûrement de l’arbre de Zaqqūm,", "german": " essen sollt ihr vom Baume Saqqüm,", "spanish": " “Comeréis en verdad del árbol del Zaqqum”,", "urdu": " تھوہر کے درخت میں سے کھاٶ گے۔"}, {"arabic": " فَمَالِـُٔوۡنَ مِنۡہَا الۡبُطُوۡنَ ﴿ۚ۵۴﴾", "english": " ‘And will fill your bellies therewith,", "french": " Et en remplirez le ventre.", "german": " und damit die Bäuche füllen,", "spanish": " “Llenaréis con ello vuestros vientres”,", "urdu": " اور اس سے پیٹ بھرو گے۔"}, {"arabic": " فَشٰرِبُوۡنَ عَلَیۡہِ مِنَ الۡحَمِیۡمِ ﴿ۚ۵۵﴾", "english": " ‘And will drink thereon of boiling water,", "french": " Et boirez là-dessus de l’eau bouillante,", "german": " und darauf von siedendem Wasser trinken,", "spanish": " “Y beberéis allí agua hirviendo”,", "urdu": " اور پھر اس پر گرم پانی پیئو گے۔"}, {"arabic": " فَشٰرِبُوۡنَ شُرۡبَ الۡہِیۡمِ ﴿ؕ۵۶﴾", "english": " ‘Drinking like the drinking of the camels that suffer from an insatiable thirst.’", "french": " Buvant comme le chameau perpétuellement assoiffé. »", "german": "", "spanish": " “Bebiendo como hacen los camellos siempre sedientos”.", "urdu": " اور پیاسے اونٹ کی طرح پیتے جاٶ گے۔"}, {"arabic": " ہٰذَا نُزُلُہُمۡ یَوۡمَ الدِّیۡنِ ﴿ؕ۵۷﴾", "english": " This will be their entertainment on the Day of Judgment.", "french": " Ceci sera leur accueil au Jour du Jugement.", "german": " Das wird ihre Bewirtung sein am Tage des Gerichts.", "spanish": " Éste será su hospedaje en el Día del Juicio.", "urdu": " یہ ان کی جزا سزا کے دن مہمان نوازی ہوگی۔"}, {"arabic": " نَحۡنُ خَلَقۡنٰکُمۡ فَلَوۡ لَا تُصَدِّقُوۡنَ ﴿۵۸﴾", "english": " We have created you. Why, then, do you not accept the truth ?", "french": " C’est Nous Qui vous avons créés. Pourquoi donc ne voulez-vous pas reconnaître cela ?", "german": " Wir haben euch erschaffen. Warum wollt ihr da nicht die Wahrheit zugeben?", "spanish": " Nosotros os hemos creado. ¿Por qué, pues, no lo reconocéis?", "urdu": " ہم نے تم کو پیدا کیا ہے۔ پھر کیوں تم ہماری بات کو سچا قرار نہیں دیتے۔"}, {"arabic": " اَفَرَءَیۡتُمۡ مَّا تُمۡنُوۡنَ ﴿ؕ۵۹﴾", "english": " What think ye of the sperm-drop that you emit?", "french": " Que pensez-vous de ce que vous éjaculez ?", "german": " Habt ihr betrachtet, was ihr ausspritzt?", "spanish": " ¿Qué pensáis de la gota de esperma que eyaculáis?", "urdu": " اور اس چیز کی کیفیت تو بتاٶ‘ جو تم عورت کے پیٹ میں گراتے ہو۔"}, {"arabic": " ءَاَنۡتُمۡ تَخۡلُقُوۡنَہٗۤ اَمۡ نَحۡنُ الۡخٰلِقُوۡنَ ﴿۶۰﴾", "english": " Is it you who have created it or are We the Creator?", "french": " Est-ce vous qui l’avez créé, ou en sommes-Nous le Créateur ?", "german": " Schafft ihr es oder sind Wir die Schöpfer?", "spanish": " ¿Sois vosotros los que la habéis creado o somos Nosotros el Creador?", "urdu": " کیا تم اسے پیدا کرتے ہو یا ہم اسے پیدا کرتے ہیں؟"}, {"arabic": " نَحۡنُ قَدَّرۡنَا بَیۡنَکُمُ الۡمَوۡتَ وَ مَا نَحۡنُ بِمَسۡبُوۡقِیۡنَ ﴿ۙ۶۱﴾", "english": " We have ordained death for all of you; and We cannot be prevented", "french": " Nous avons décrété la mort pour vous tous ; et rien ne peut Nous empêcher", "german": " Wir haben bei euch den Tod verordnet, und Wir können nicht daran verhindert werden,", "spanish": " Hemos decretado la muerte para todos vosotros; y no se Nos puede impedir,", "urdu": " ہم نے تمہارے درمیان موت کا سلسلہ جاری کیا ہے اور ہم سے کوئی آگے نہیں نکل سکتا۔"}, {"arabic": " عَلٰۤی اَنۡ نُّبَدِّلَ اَمۡثَالَکُمۡ وَ نُنۡشِئَکُمۡ فِیۡ مَا لَا تَعۡلَمُوۡنَ ﴿۶۲﴾", "english": " From bringing in your place others like you, and from developing you into a form which at present you know not.", "french": " De changer votre forme présente , et de vous susciter sous une forme dont vous n’avez aucune idée.", "german": " dass Wir an eure Stelle andere bringen gleich euch und dass Wir euch in einen Zustand entwickeln, den ihr nicht kennt.", "spanish": " Que cambiemos vuestras formas actuales y os transformemos en algo de lo que no tenéis idea.", "urdu": " اور کوئی شخص اس بارہ میں کہ ہم تم کو بدل کر اور تمہارے جیسی قومیں لے آئیں ہمیں عاجز نہیں کر سکتا اور (نہ اس بات سے عاجز کر سکتا ہے کہ) ہم تم کو کسی ایسی صورت میں پیدا کر دیں کہ جس کو تم نہیں جانتے۔"}, {"arabic": " وَ لَقَدۡ عَلِمۡتُمُ النَّشۡاَۃَ الۡاُوۡلٰی فَلَوۡ لَا تَذَکَّرُوۡنَ ﴿۶۳﴾", "english": " And you have certainly known the first creation. Why, then, do you not reflect?", "french": " Et vous avez certainement connu la première création. Pourquoi donc ne méditez-vous pas sur cela ?", "german": " Und ihr kennet doch gewiss die erste Schöpfung. Warum also wollt ihr euch nicht besinnen?", "spanish": " Ciertamente habéis conocido la primera creación. ¿Por qué no reflexionáis, pues?", "urdu": " اور تم پہلی پیدائش کو تو جانتے ہی ہو۔ پھر تمہیں کیا ہوا ہے کہ تم نصیحت حاصل نہیں کرتے۔"}, {"arabic": " اَفَرَءَیۡتُمۡ مَّا تَحۡرُثُوۡنَ ﴿ؕ۶۴﴾", "english": " Do you see what you sow?", "french": " Voyez-vous ce que vous semez ?", "german": " Habt ihr betrachtet, was ihr aussäet?", "spanish": " ¿Habéis reparado en lo que sembráis?", "urdu": " کیا تم کو معلوم ہے جو تم بولتے ہو۔"}, {"arabic": " ءَاَنۡتُمۡ تَزۡرَعُوۡنَہٗۤ اَمۡ نَحۡنُ الزّٰرِعُوۡنَ ﴿۶۵﴾", "english": " Is it you who grow it or are We the Grower?", "french": " Est-ce vous qui le faites pousser, ou est-ce Nous Qui le faisons pousser ?", "german": " Seid ihr es, die ihr es wachsen lasset, oder lassen Wir es wachsen?", "spanish": " ¿Sois vosotros quienes lo hacéis germinar o somos Nosotros el Germinador?", "urdu": " کیا تم اس کو اگاتے ہو یا ہم اس کو اگاتے ہیں؟"}, {"arabic": " لَوۡ نَشَآءُ لَجَعَلۡنٰہُ حُطَامًا فَظَلۡتُمۡ تَفَکَّہُوۡنَ ﴿۶۶﴾", "english": " If We so pleased, We could reduce it all to broken pieces, then you would keep lamenting:", "french": " Si Nous le voulions, Nous pourrions le réduire entièrement en menue paille, et alors vous ne cesseriez de vous lamenter :", "german": " Wollten Wir es, Wir könnten es alles in Staub verwandeln, dann würdet ihr nicht aufhören, euch zu beklagen:", "spanish": " Si lo hubiésemos querido, podríamos haberlo reducirlo todo a cascajos, y luego quedaríais lamentándoos.", "urdu": " اگر ہم چاہتے تو اس کو بالکل جلا ہوا چورا بنا دیتے پھر تم باتیں بناتے رہ جاتے۔"}, {"arabic": " اِنَّا لَمُغۡرَمُوۡنَ ﴿ۙ۶۷﴾", "english": " ‘We are ruined!", "french": " « Nous sommes ruinés !", "german": " „Wir sind zugrunde gerichtet!", "spanish": " “En verdad, estamos cargados de deudas”.", "urdu": " اور کہتے کہ ہم پر تو چٹی پڑ گئی ہے۔"}, {"arabic": " بَلۡ نَحۡنُ مَحۡرُوۡمُوۡنَ ﴿۶۸﴾", "english": " ‘Nay, we are deprived of everything .’", "french": " Et même pire, nous sommes totalement démunis ! »", "german": "", "spanish": " “¡No!, hemos quedado en la indigencia”.", "urdu": " بلکہ حق یہ ہے کہ ہم اپنی محنت کے پھل سے بالکل محروم ہو گئے ہیں۔"}, {"arabic": " اَفَرَءَیۡتُمُ الۡمَآءَ الَّذِیۡ تَشۡرَبُوۡنَ ﴿ؕ۶۹﴾", "english": " Do you see the water which you drink?", "french": " Voyez-vous l’eau que vous buvez ?", "german": " Habt ihr das Wasser betrachtet, das ihr trinkt?", "spanish": " ¿Reparáis en el agua que bebéis?", "urdu": " ذرا اس پانی کو تو دیکھو جس کو تم پیتے ہو۔"}, {"arabic": " ءَاَنۡتُمۡ اَنۡزَلۡتُمُوۡہُ مِنَ الۡمُزۡنِ اَمۡ نَحۡنُ الۡمُنۡزِلُوۡنَ ﴿۷۰﴾", "english": " Is it you who send it down from the clouds, or are We the Sender?", "french": " Est-ce vous qui la faites descendre des nuages, ou est-ce Nous Qui la faisons descendre ?", "german": " Seid ihr es, die ihr es aus den Wolken niedersendet, oder sind Wir die Sendenden?", "spanish": " ¿Sois vosotros quienes la enviáis de la nubes o somos Nosotros quienes la enviamos?", "urdu": " کیا تم نے اسے بادل سے اتارا ہے یا ہم اسے اتارتے ہیں؟"}, {"arabic": " لَوۡ نَشَآءُ جَعَلۡنٰہُ اُجَاجًا فَلَوۡ لَا تَشۡکُرُوۡنَ ﴿۷۱﴾", "english": " If We so pleased, We could make it bitter. Why, then, are you not grateful?", "french": " Si Nous le voulions, Nous pourrions la rendre amère. Pourquoi donc n’êtes-vous pas reconnaissants ?", "german": " Wollten Wir es, Wir könnten es bitter machen. Warum also danket ihr nicht?", "spanish": " Si hubiésemos querido, podríamos haberla hecho amarga. ¿Por qué, pues, no sois agradecidos?", "urdu": " اگر ہم چاہتے تو اس کو کڑوا کر دیتے‘ پھر تم شکر کیوں نہیں کرتے۔"}, {"arabic": " اَفَرَءَیۡتُمُ النَّارَ الَّتِیۡ تُوۡرُوۡنَ ﴿ؕ۷۲﴾", "english": " Do you see the fire which you kindle?", "french": " Voyez-vous le feu que vous allumez ?", "german": " Habt ihr das Feuer betrachtet, das ihr zündet?", "spanish": " ¿Reparáis en el fuego que encendéis?", "urdu": " ذرا اس آگ کا حال تو بتاٶ جو تم جلاتے ہو۔"}, {"arabic": " ءَاَنۡتُمۡ اَنۡشَاۡتُمۡ شَجَرَتَہَاۤ اَمۡ نَحۡنُ الۡمُنۡشِـُٔوۡنَ ﴿۷۳﴾", "english": " Is it you who produce the tree for it, or are We the Producer?", "french": " Est-ce vous qui produisez l’arbre pour ce feu , ou est-ce Nous le Producteur ?", "german": " Seid ihr es, die ihr den Baum dazu hervorbrachtet, oder sind Wir die Schöpfer?", "spanish": " ¿Sois vosotros quienes producís el árbol para ello o somos Nosotros el Productor?", "urdu": " کیا تم نے اس (آگ) کے درخت کو پیدا کیا ہے یا ہم اس کو پیدا کرتے ہیں؟"}, {"arabic": " نَحۡنُ جَعَلۡنٰہَا تَذۡکِرَۃً وَّ مَتَاعًا لِّلۡمُقۡوِیۡنَ ﴿ۚ۷۴﴾", "english": " We have made it a reminder and a benefit for the wayfarers.", "french": " Nous en avons fait un rappel et un avantage pour les voyageurs.", "german": " Wir haben ihn zur Ermahnung erschaffen und zum Nutzen für die Wanderer durch Wildernisse.", "spanish": " Lo hemos creado como recordatorio y como beneficio para los viajeros.", "urdu": " اور ہم نے اس کو نصیحت اور مسافروں کے فائدہ کے لئے بنایا ہے۔"}, {"arabic": " فَسَبِّحۡ بِاسۡمِ رَبِّکَ الۡعَظِیۡمِ ﴿٪ؓ۷۵﴾", "english": " So glorify the name of thy Lord, the Great.", "french": " Alors glorifie le nom de ton Seigneur, le Grand.", "german": " Drum preise den Namen deines Herrn, des Großen.", "spanish": " Glorifica, pues, el nombre de tu Señor, el Grande.", "urdu": " پس تو اپنے عظمت والے رب کے نام کے ذریعہ سے تسبیح کر۔"}, {"arabic": " فَلَاۤ اُقۡسِمُ بِمَوٰقِعِ النُّجُوۡمِ ﴿ۙ۷۶﴾", "english": " Nay, I swear by the shooting of the stars —", "french": " Non , mais je cite comme preuve les galaxies - les amarres des étoiles –", "german": " Ich schwöre beim Herabschießen der Sterne –", "spanish": " ¡No!. Juro por el anclaje de las estrellas-", "urdu": " پس میں ستاروں کے ٹوٹنے کو شہادت کے طور پر پیش کرتا ہوں۔"}, {"arabic": " وَ اِنَّہٗ لَقَسَمٌ لَّوۡ تَعۡلَمُوۡنَ عَظِیۡمٌ ﴿ۙ۷۷﴾", "english": " And, indeed, that is a grand oath, if you only knew —", "french": " Et, en vérité, c’est là une très grande preuve, si seulement vous saviez –", "german": " und fürwahr, das ist ein großer Schwur, wenn ihr es nur wüßtet –,", "spanish": " Es, en verdad, un gran juramento, si lo supierais-", "urdu": " اگر تم جانتے ہو تو یہ شہادت بہت بڑی (شہادت) ہے۔"}, {"arabic": " اِنَّہٗ لَقُرۡاٰنٌ کَرِیۡمٌ ﴿ۙ۷۸﴾", "english": " That this is indeed a noble Qur’an,", "french": " Que ceci est en vérité un noble Coran,", "german": " dass dies wahrlich ein erhabener Qur-ân ist,", "spanish": " Que este es ciertamente un noble Corán,", "urdu": " یقیناً یہ قرآن بڑی عظمت والا ہے۔"}, {"arabic": " فِیۡ کِتٰبٍ مَّکۡنُوۡنٍ ﴿ۙ۷۹﴾", "english": " In a well-preserved Book,", "french": " Dans un Livre bien protégé,", "german": " in einem verborgenen Buche.", "spanish": " En un Libro bien conservado,", "urdu": " اور ایک چھپی ہوئی کتاب میں موجود ہے۔"}, {"arabic": " لَّا یَمَسُّہٗۤ اِلَّا الۡمُطَہَّرُوۡنَ ﴿ؕ۸۰﴾", "english": " Which none shall touch except those who are purified.", "french": " Que nul ne touchera sauf ceux qui sont purifiés.", "german": " Keiner kann es berühren, außer den Gereinigten –", "spanish": " Que nadie tocará excepto los que estén purificados.", "urdu": " اس (قرآن) کی حقیقت کو وہی لوگ پاتے ہیں جو مطہر ہوتے ہیں۔"}, {"arabic": " تَنۡزِیۡلٌ مِّنۡ رَّبِّ الۡعٰلَمِیۡنَ ﴿۸۱﴾", "english": " It is a revelation from the Lord of the worlds.", "french": " C’est une révélation de la part du Seigneur des mondes.", "german": " eine Offenbarung vom Herrn der Welten.", "spanish": " Es una revelación del Señor de los mundos.", "urdu": " اس کا اترنا رب العالمین خدا کی طرف سے ہے۔"}, {"arabic": " اَفَبِہٰذَا الۡحَدِیۡثِ اَنۡتُمۡ مُّدۡہِنُوۡنَ ﴿ۙ۸۲﴾", "english": " Is it this Divine discourse that you would reject?", "french": " Aborderez-vous ce discours divin avec hypocrisie ?", "german": " Und ihr wolltet gegenüber dieser (göttlichen) Verkündigung scheinheilig sein?", "spanish": " ¿Trataréis acaso este discurso divino con hipocresía?", "urdu": " کیا اس کلام کے بارہ میں تم مداہنت سے کام لے رہے ہو؟"}, {"arabic": " وَ تَجۡعَلُوۡنَ رِزۡقَکُمۡ اَنَّکُمۡ تُکَذِّبُوۡنَ ﴿۸۳﴾", "english": " And do you make the denial thereof your means of livelihood?", "french": " Et faites-vous de son rejet votre gagne -pain ?", "german": " Und dass ihr (sie) leugnet, macht ihr das zu eurem täglichen Brot?", "spanish": " ¿Y convertiréis su negativa en vuestro medio de vida?", "urdu": " اور اپنا حصہ تم نے صرف یہ بنا رکھا ہے کہ تم جھٹلاتے ہو۔"}, {"arabic": " فَلَوۡ لَاۤ اِذَا بَلَغَتِ الۡحُلۡقُوۡمَ ﴿ۙ۸۴﴾", "english": " Why, then, when the soul of the dying man reaches the throat,", "french": " Pourquoi donc, lorsque l’âme du mourant arrive à sa gorge,", "german": " Warum wohl, wenn (die Seele des Sterbenden) zur Kehle steigt", "spanish": " ¿Por qué, pues, cuando el alma del hombre moribundo le llega a la garganta,", "urdu": " پس کیوں نہ ہوا کہ جب جان گلے تک آپہنچی۔"}, {"arabic": " وَ اَنۡتُمۡ حِیۡنَئِذٍ تَنۡظُرُوۡنَ ﴿ۙ۸۵﴾", "english": " And you are at that moment looking on —", "french": " Et qu’à ce moment-là vous regardez –", "german": " und ihr in jenem Augenblick zuschaut –", "spanish": " Y estáis en ese momento mirando-", "urdu": " اور تم اس وقت (مایوس ہو کر چاروں طرف) دیکھنے لگے (کہ تم اپنے بچنے کا کوئی سامان کر سکتے)۔"}, {"arabic": " وَ نَحۡنُ اَقۡرَبُ اِلَیۡہِ مِنۡکُمۡ وَ لٰکِنۡ لَّا تُبۡصِرُوۡنَ ﴿۸۶﴾", "english": " And We are nearer to him than you, but you see not —", "french": " Et Nous sommes plus près de lui que vous, mais vous ne voyez pas –", "german": " und Wir sind ihm näher als ihr, nur dass ihr nicht sehet –,", "spanish": " Y Nosotros estamos más cerca de él que vosotros, pero no lo veis-", "urdu": " اور (اس وقت تم پر اور تمہارے رشتہ داروں پر کھل گیا کہ) ہم اس مرنے والے کی جان سے خود تمہاری ذات کی نسبت بھی زیادہ قریب ہیں لیکن تم پر یہ حقیقت پہلے روشن نہیں تھی۔"}, {"arabic": " فَلَوۡ لَاۤ اِنۡ کُنۡتُمۡ غَیۡرَ مَدِیۡنِیۡنَ ﴿ۙ۸۷﴾", "english": " Why, then, if you are not to be called to account,", "french": " Pourquoi alors, si vous n’avez pas de compte à rendre,", "german": " warum wohl, wenn ihr nicht zur Rechenschaft gezogen werden sollt,", "spanish": " Por qué, entonces, si no estáis destinados a rendir cuentas,", "urdu": " پس اگر تم کو کوئی جزا نہ ملنی تھی اور تم اس دعویٰ میں سچے ہو تو یہ کیوں نہ ہوا ۔"}, {"arabic": " تَرۡجِعُوۡنَہَاۤ اِنۡ کُنۡتُمۡ صٰدِقِیۡنَ ﴿۸۸﴾", "english": " You cannot bring it back, if you are truthful?", "french": " Vous ne pouvez pas la ramener si vous êtes véridiques ?", "german": " zwingt ihr sie nicht zurück, wenn ihr wahrhaftig seid?", "spanish": " No podéis devolverlo, si sois veraces?", "urdu": " کہ تم اس حالت کو (جو موت کے وقت آتی ہے) واپس لوٹا سکے۔"}, {"arabic": " فَاَمَّاۤ اِنۡ کَانَ مِنَ الۡمُقَرَّبِیۡنَ ﴿ۙ۸۹﴾", "english": " Now if he be of those who have attained nearness to God ,", "french": " Or si le mourant est de ceux qui sont les rapprochés d ' Allāh ,", "german": " Wenn er nun zu denen gehört, die (Gott) nahe sind,", "spanish": " Mas si fuese de quienes han alcanzado la cercanía a Dios,", "urdu": " پس جو کوئی خدا کا مقرب ہے۔"}, {"arabic": " فَرَوۡحٌ وَّ رَیۡحَانٌ ۬ۙ وَّ جَنَّتُ نَعِیۡمٍ ﴿۹۰﴾", "english": " Then for him is comfort and fragrance of happiness and a Garden of Bliss;", "french": " Alors, pour lui il y a du confort et du parfum du bonheur , et un Jardin de Félicité ;", "german": " dann (wird er) Glück (genießen) und Duft (der Seligkeit) und einen Garten der Wonne.", "spanish": " Para él sería el reposo y la fragancia de la felicidad y un Jardín de Delicias.", "urdu": " اس کے لئے تو آرام اور آسائش مقدر ہے اور اسی طرح نعمت پر مشتمل جنت۔"}, {"arabic": " وَ اَمَّاۤ اِنۡ کَانَ مِنۡ اَصۡحٰبِ الۡیَمِیۡنِ ﴿ۙ۹۱﴾", "english": " And if he be of those who are on the right hand,", "french": " Et s’il est de ceux du côté droit,", "german": " Und wenn er zu denen gehört, die zur Rechten sind,", "spanish": " Mas si fuese de quienes están a la derecha,", "urdu": " اور اگر وہ شخص دائیں طرف کے لوگوں میں سے ہے۔"}, {"arabic": " فَسَلٰمٌ لَّکَ مِنۡ اَصۡحٰبِ الۡیَمِیۡنِ ﴿ؕ۹۲﴾", "english": " Then ‘Peace be on thee, who is from those on the right hand.’", "french": " Alors « Paix soit sur toi, qui es de ceux du côté droit. »", "german": " (wird ihm ein) \"Friede sei mit dir, der du zu denen zur Rechten gehörst!\"", "spanish": " Entonces “la paz sea contigo, quien sea de los de la derecha”.", "urdu": " تو اسے کہا جاتا ہے کہ اے دائیں طرف کے گروہ والے! تجھ پر ہمیشہ سلامتی ہوتی رہے۔"}, {"arabic": " وَ اَمَّاۤ اِنۡ کَانَ مِنَ الۡمُکَذِّبِیۡنَ الضَّآلِّیۡنَ ﴿ۙ۹۳﴾", "english": " But if he be of those who reject the truth and are in error,", "french": " Mais s’il est de ceux qui rejettent la vérité et qui sont égarés,", "german": " Wenn er aber zu den Leugnern, Irregegangenen gehört,", "spanish": " Pero si fuese de los que rechazan la verdad y están en el error,", "urdu": " اور اگر وہ مرنے والا صداقت کا انکار کرنے والوں اور گمراہوں میں سے ہوگا۔"}, {"arabic": " فَنُزُلٌ مِّنۡ حَمِیۡمٍ ﴿ۙ۹۴﴾", "english": " Then for him will be an entertainment of boiling water,", "french": " Alors pour lui il y aura un accueil d’eau bouillante,", "german": " dann (wird ihm) eine Bewirtung mit siedendem Wasser", "spanish": " Entonces para él habrá una morada de agua hirviente,", "urdu": " تو ایسے شخص کی گرم پانی کے ساتھ دعوت کی جائے گی۔"}, {"arabic": " وَّ تَصۡلِیَۃُ جَحِیۡمٍ ﴿۹۵﴾", "english": " And burning in Hell.", "french": " Et il sera brûlé dans la Fournaise de l’Enfer .", "german": " und Brennen in der Hölle.", "spanish": " Y se quemará en el Infierno.", "urdu": " اور ٹھکانا کے طور پر اسے جہنم دی جائے گی۔"}, {"arabic": " اِنَّ ہٰذَا لَہُوَ حَقُّ الۡیَقِیۡنِ ﴿ۚ۹۶﴾", "english": " Verily, this is the certain truth.", "french": " Assurément, ceci est une vérité certaine.", "german": " Wahrlich, dies ist die Wahrheit selbst.", "spanish": " En verdad, ésta es la auténtica certeza.", "urdu": " یہ (بات) حق الیقین کے مطابق ہے۔"}, {"arabic": " فَسَبِّحۡ بِاسۡمِ رَبِّکَ الۡعَظِیۡمِ ﴿٪۹۷﴾", "english": " So glorify the name of thy Lord, the Great.", "french": " Aussi, glorifie le nom de ton Seigneur, le Grand.", "german": " Lobpreise darum den Namen deines Herrn, des Großen.", "spanish": " Glorifica, pues, el nombre de tu Señor, el Grande.", "urdu": " پس تو اپنے عظمت والے رب کے نام کے ذریعہ سے تسبیح کر۔"}], "Surah": 56}