{"Ayats": [{"arabic": " بِسۡمِ اللّٰہِ الرَّحۡمٰنِ الرَّحِیۡمِ﴿۱﴾", "english": " In the name of Allah, the Gracious, the Merciful.", "french": " Au nom d’Allāh, le Gracieux, le Miséricordieux.", "german": " Im Namen Allahs, des Gnädigen, des Barmherzigen.", "spanish": " En el nombre de Al-lah, el Clemente, el Misericordioso.", "urdu": " (میں) اللہ کا نام لے کر جو بے حد کرم کرنے والا (اور) باربار رحم کرنے والا ہے (پڑھتا ہوں)"}, {"arabic": " اَلۡحَآقَّۃُ ۙ﴿۲﴾", "english": " The Inevitable!", "french": " L’Inéluctable !", "german": " Das Unvermeidliche!", "spanish": " ¡Lo inevitable!", "urdu": " الحاقہ (یعنی وہ برحق خبر جو قرآن نے بتائی ہے) ۔"}, {"arabic": " مَا الۡحَآقَّۃُ ۚ﴿۳﴾", "english": " What is the Inevitable?", "french": " Qu’est-ce que l’Inéluctable ?", "german": " Was ist das Unvermeidliche?", "spanish": " ¿Qué es lo Inevitable?", "urdu": " (وہ) الحاقہ کیا ہے۔"}, {"arabic": " وَ مَاۤ اَدۡرٰٮکَ مَا الۡحَآقَّۃُ ؕ﴿۴﴾", "english": " And what should make thee know what the Inevitable is?", "french": " Et qu’est-ce qui te fera savoir, ce qu’est l’Inéluctable ?", "german": " Wie kannst du wissen, was das Unvermeidliche ist?", "spanish": " Y ¿qué puede darte a conocer qué es lo Inevitable?", "urdu": " اور تجھے کس چیز نے بتایا ہے کہ وہ پوری ہو کر رہنے والی خبر کیا ہے؟"}, {"arabic": " کَذَّبَتۡ ثَمُوۡدُ وَ عَادٌۢ بِالۡقَارِعَۃِ ﴿۵﴾", "english": " The tribe of Thamud and the tribe of ‘Ad treated as a lie the sudden calamity.", "french": " Les Thamūd et les ‘Ād traitèrent de mensonge la catastrophe écrasante.", "german": " Die Thamûd sowohl wie die ´Âd glaubten nicht an das dräuende Unheil.", "spanish": " La tribu de Zamud y la tribu de Ad rehusaron creer en la abrumadora calamidad.", "urdu": " ثمود اور عاد نے بھی قارعہ کو جھٹلایا تھا (جو اس زمانہ کے عذاب کی خبر تھی)"}, {"arabic": " فَاَمَّا ثَمُوۡدُ فَاُہۡلِکُوۡا بِالطَّاغِیَۃِ ﴿۶﴾", "english": " Then, as for Thamud, they were destroyed with a violent blast.", "french": " Alors, quant aux Thamūd, ils furent anéantis par un souffle d’une violence inouïe.", "german": " Dann, was die Thamûd anlangt, so wurden sie durch einen fürchterlichen Schall vernichtet.", "spanish": " Acto seguido, los Zamud fueron destruidos por un rayo fulminante.", "urdu": " جہاں تک ثمود کا تعلق ہے وہ ایک ایسے عذاب سے ہلاک کئے گئے جو اپنی شدت میں انتہا کو پہنچ گیا تھا۔"}, {"arabic": " وَ اَمَّا عَادٌ فَاُہۡلِکُوۡا بِرِیۡحٍ صَرۡصَرٍ عَاتِیَۃٍ ۙ﴿۷﴾", "english": " And as for ‘Ad, they were destroyed by a fierce roaring wind,", "french": " Et quant aux ‘Ād, ils furent anéantis par un vent glacial, rugissant et furieux,", "german": " Und was die ´Âd anlangt, so wurden sie durch einen gewaltigen Sturmwind vernichtet,", "spanish": " En cuanto a los Ad, fueron destruidos por un rugiente huracán.", "urdu": " اور عاد ایک ایسے عذاب سے ہلاک کیے گئے جو ہوا کی صورت میں آیا تھا جو یکساں چلتی جاتی تھی اور سخت تیز تھی۔"}, {"arabic": " سَخَّرَہَا عَلَیۡہِمۡ سَبۡعَ لَیَالٍ وَّ ثَمٰنِیَۃَ اَیَّامٍ ۙ حُسُوۡمًا ۙ فَتَرَی الۡقَوۡمَ فِیۡہَا صَرۡعٰی ۙ کَاَنَّہُمۡ اَعۡجَازُ نَخۡلٍ خَاوِیَۃٍ ۚ﴿۸﴾", "english": " Which He caused to blow against them for seven nights and eight days consecutively, so that thou mightest have seen the people therein lying prostrate, as though they were trunks of palm-trees fallen down.", "french": " Qu’Il fit souffler contre eux, pendant sept nuits et huit jours consécutifs, de sorte que tu aurais pu voir les habitants gisant prostrés, comme s’ils étaient des troncs de dattiers tombés par terre.", "german": " den Er sieben Nächte und acht Tage lang ununterbrochen gegen sie wüten ließ, so dass du das Volk niedergestreckt darin hättest liegen sehen können, als wären sie hohle Schäfte von Palmbäumen.", "spanish": " Que se hizo soplar contra ellos durante siete noches y siete días consecutivos, para que hubieras podido ver al pueblo allí postrado, como si fueran troncos de palmera derribados.", "urdu": " اس (اللہ) نے ہوا کو متواتر سات راتیں اور آٹھ دن ان کی تباہی کے لئے مقرر کر چھوڑا تھا۔ پس (اے دیکھنے والے) تو اس قوم کو ایک کٹی ہوئی گری پڑی حالت میں پائے گا۔ گویا کہ وہ کھجور کے ایک کھوکھلے درخت کی جڑیں ہیں جن کو تیز آندھی نے گرا کر رکھ دیا۔"}, {"arabic": " فَہَلۡ تَرٰی لَہُمۡ مِّنۡۢ بَاقِیَۃٍ ﴿۹﴾", "english": " Dost thou see any remnant of them?", "french": " Vois-tu quelque trace d’eux ?", "german": " Siehst du von ihnen einen übrig?", "spanish": " ¿Ves algún rastro de ellos?", "urdu": " (اے مخاطب!) اب بتا کہ کیا ان کا کوئی نشان تجھے نظر آتا ہے۔"}, {"arabic": " وَ جَآءَ فِرۡعَوۡنُ وَ مَنۡ قَبۡلَہٗ وَ الۡمُؤۡتَفِکٰتُ بِالۡخَاطِئَۃِ ۚ﴿۱۰﴾", "english": " And Pharaoh, and those who were before him, and the overthrown cities persistently committed sins.", "french": " Et Pharaon, et ceux qui l’avaient devancé, et les villes renversées avaient commis des péchés avec persistance .", "german": " Und Pharao und die vor ihm waren und die umgestürzten Städte waren großen Frevels schuldig;", "spanish": " El Faraón, los que existieron antes que él y las ciudades derruidas, cometieron incesantemente pecados.", "urdu": " اور فرعون اور جو لوگ اس سے پہلے تھے (اس دنیا میں) خطا کار ہو کر آئے اور (قوم لوط) کی وہ بستیاں بھی جو گناہ کی وجہ سے الٹائی گئی تھیں۔"}, {"arabic": " فَعَصَوۡا رَسُوۡلَ رَبِّہِمۡ فَاَخَذَہُمۡ اَخۡذَۃً رَّابِیَۃً ﴿۱۱﴾", "english": " And they disobeyed the Messenger of their Lord, therefore He seized them — a severe seizing.", "french": " Et ils désobéirent au Messager de leur Seigneur ; alors Il les saisit d’une étreinte qui continue à se resserrer.", "german": " und sie waren widerspenstig gegen den Gesandten ihres Herrn, darum erfasste Er sie mit würgendem Griff.", "spanish": " Y desobedecieron al Mensajero de su Señor, por lo que Él les atrapó con una mordaza cada vez mas tirante.", "urdu": " (اور انہوں نے (بھی قصور کیے تھے اور) اپنے رب کے رسول کی نافرمانی کی تھی۔ پس ان کو بھی اللہ نے ایک ایسے عذاب سے پکڑا جو بڑھتا چلا جاتا تھا‘ (اور بہت سخت تھا)"}, {"arabic": " اِنَّا لَمَّا طَغَا الۡمَآءُ حَمَلۡنٰکُمۡ فِی الۡجَارِیَۃِ ﴿ۙ۱۲﴾", "english": " Verily, when the waters rose high, We bore you in the boat,", "french": " En vérité, lorsque les eaux débordèrent, Nous vous transportâmes sur le bateau,", "german": " Siehe, als die Wasser schwollen, da trugen Wir euch in der Arche,", "spanish": " En verdad, cuando las aguas se desbordaron, os llevamos en la embarcación,", "urdu": " ہم نے (نوح کے وقت میں) جب پانی بلند ہونا شروع ہوا تو تم لوگوں کو ایک کشتی میں سوار کر دیا تھا۔"}, {"arabic": " لِنَجۡعَلَہَا لَکُمۡ تَذۡکِرَۃً وَّ تَعِیَہَاۤ اُذُنٌ وَّاعِیَۃٌ ﴿۱۳﴾", "english": " That We might make it a reminder for you, and that retaining ears might retain it.", "french": " Afin que Nous en fassions un rappel pour vous, et que les oreilles qui retiennent puissent le retenir.", "german": " dass Wir sie zu einem Mahnmal für euch machten, und dass bewahrende Ohren sie bewahren möchten.", "spanish": " Para convertíroslo en recordatorio y para que lo conserven los oídos atentos.", "urdu": " تا کہ اس (واقعہ) کو تمہارے لئے ایک نشان قرار دیں اور سننے والے کان سنیں (اور دل اسے یاد رکھیں)"}, {"arabic": " فَاِذَا نُفِخَ فِی الصُّوۡرِ نَفۡخَۃٌ وَّاحِدَۃٌ ﴿ۙ۱۴﴾", "english": " And when a single blast is sounded on the trumpet,", "french": " Et lorsque d’un seul souffle l’on sonnera de la trompe,", "german": " Und wenn in die Posaune gestoßen wird mit einem einzigen Stoß", "spanish": " Y cuando suene un solo toque de la trompeta,", "urdu": " پس جب صور میں زور سے ایک ہی دفعہ ہوا پھونکی جائے گی۔"}, {"arabic": " وَّ حُمِلَتِ الۡاَرۡضُ وَ الۡجِبَالُ فَدُکَّتَا دَکَّۃً وَّاحِدَۃً ﴿ۙ۱۵﴾", "english": " And the earth and the mountains are heaved up and then crushed in a single crash,", "french": " Et que la terre et les montagnes seront soulevées, puis écrasées d’un seul coup en morceaux,", "german": " und die Erde samt den Bergen emporgehoben und dann niedergeschmettert wird mit einem einzigen Schlag:", "spanish": " Y la tierra y las montañas se eleven y al punto queden trituradas de un sólo golpe,", "urdu": " اور زمین اور پہاڑوں کو ان کے مقام سے اٹھا لیا جائے گا‘ پس وہ ریزہ ریزہ ہو جائیں گے۔"}, {"arabic": " فَیَوۡمَئِذٍ وَّقَعَتِ الۡوَاقِعَۃُ ﴿ۙ۱۶﴾", "english": " On that day will the great Event come to pass.", "french": " Ce jour-là aura lieu le grand Evénement.", "german": " An jenem Tage wird das Ereignis eintreffen.", "spanish": " En ese día ocurrirá el gran Acontecimiento.", "urdu": " اس دن مقررہ واقعہ ظاہر ہو جائے گا۔"}, {"arabic": " وَ انۡشَقَّتِ السَّمَآءُ فَہِیَ یَوۡمَئِذٍ وَّاہِیَۃٌ ﴿ۙ۱۷﴾", "english": " And the heaven will cleave asunder, and it will become frail that day.", "french": " Et le ciel se fendra, et ce jour-là il deviendra fragile.", "german": " Und der Himmel wird sich spalten, denn an jenem Tage wird er brüchig werden.", "spanish": " El cielo se partirá en trozos y se hará frágil en ese día.", "urdu": " اور آسمان پھٹ جائے گا اور وہ اس دن بالکل بودا نظر آئے گا۔"}, {"arabic": " وَّ الۡمَلَکُ عَلٰۤی اَرۡجَآئِہَا ؕ وَ یَحۡمِلُ عَرۡشَ رَبِّکَ فَوۡقَہُمۡ یَوۡمَئِذٍ ثَمٰنِیَۃٌ ﴿ؕ۱۸﴾", "english": " And the angels will be standing on the sides thereof, and above them on that day eight angels will bear the throne of thy Lord.", "french": " Et les anges se tiendront sur ses côtés, et au-dessus d’eux ce jour-là, huit anges porteront le Trône de ton Seigneur.", "german": " Und die Engel werden zu seinen Seiten stehen, und acht (Engel) werden an jenem Tage den Thron deines Herrn über sich tragen.", "spanish": " Los ángeles estarán de pie a sus lados y en ese día, por encima de ellos, los ocho ángeles transportarán el trono de vuestro Señor.", "urdu": " اور فرشتے اس کے کناروں پر ہوں گے اور اس دن تیرے رب کے عرش کو آٹھ (فرشتے) اٹھا رہے ہوں گے۔"}, {"arabic": " یَوۡمَئِذٍ تُعۡرَضُوۡنَ لَا تَخۡفٰی مِنۡکُمۡ خَافِیَۃٌ ﴿۱۹﴾", "english": " On that day you will be presented before God ; and none of your secrets will remain hidden.", "french": " Ce jour-là vous serez présentés devant Dieu ; et aucun de vos secrets ne restera caché.", "german": " An jenem Tage werdet ihr (Gott) vorgeführt werden – keines eurer Geheimnisse wird verborgen bleiben.", "spanish": " En ese día seréis presentados ante Dios y ninguno de vuestros secretos permanecerá oculto.", "urdu": " اس دن تم خدا کے سامنے پیش کیے جاٶ گے اور کوئی بات تم سے چھپی نہیں رہے گی (یعنی تمہارا سارا حساب تمہارے سامنے پیش کر دیا جائے گا)"}, {"arabic": " فَاَمَّا مَنۡ اُوۡتِیَ کِتٰبَہٗ بِیَمِیۡنِہٖ ۙ فَیَقُوۡلُ ہَآؤُمُ اقۡرَءُوۡا کِتٰبِیَہۡ ﴿ۚ۲۰﴾", "english": " Then, as for him who is given his record in his right hand, he will say, ‘Come, read my record.", "french": " Alors, quant à celui à qui son dossier sera remis en sa main droite, il dira : « Venez, lisez mon dossier.", "german": "", "spanish": " Entonces, aquel a quien se le haya entregado su registro en la derecha, dirá: “Venid, leed mi registro”.", "urdu": " پس جس کے داہنے ہاتھ میں اس کا اعمال نامہ دیا جائے گا وہ باقی ساتھیوں سے کہے گا کہ آٶ آٶ! میرا اعمال نامہ دیکھو۔"}, {"arabic": " اِنِّیۡ ظَنَنۡتُ اَنِّیۡ مُلٰقٍ حِسَابِیَہۡ ﴿ۚ۲۱﴾", "english": " ‘Surely, I knew that I would meet my reckoning.’", "french": " Assurément, je savais que je serais confronté à mon compte. »", "german": " Wahrlich, ich wusste, dass ich meiner Rechenschaft begegnen würde.\"</span> </div> </div> <div class=\"row links\" style=\"margin-top:10px;\"> <div class=\"col-lg-12 center\"> <font size=\"-1\" style=\"font-family:Arial, Helvetica, sans-serif; color: #777\"> Read: <a target=\"_blank\" href=\"/quran/tafseer/?verse=69:21&region=E1&CR=E3,E2\" title=\"English Translation with Detailed Commentary with Meanings of Some Key Words\">Detailed English Commentary</a> | <a href=\"/quran/tafseer/?verse=69:21&region=TS&CR=UR,P1,H1,T1\" title=\"Urdu Tafseer-e-Saghir alongwith other Tafaseer\" target=\"_blank\">Urdu Tafaseer <font style=\"font-family: 'Jameel Noori Nastaleeq', -apple-system, BlinkMacSystemFont, 'Urdu Naskh Asiatype', 'Nafees Web Naskh';\">اردو تفاسیر</font></a> </font> </div></div> <hr size='1'> <div class=\"row\" id=\"Arabic22\" class='indopak' style=\"padding: 5px\"> <div class=\"col-lg-1\"> <a name=\"Arabic22\"></a> <font color=\"#939598\" style=\"font-size:1.1em\"> [<a href='/quran/69:22' style='text-decoration:underline'>69:22</a>]</font> </div> <div class=\"col-lg-1\"> <button onclick=\"aud_play_pause(22)\"><i class=\"fa fa-play\" style=\"color: #777\" aria-hidden=\"true\" id=\"control22\"></i></button> <audio id=\"player22\" class=\"audioplayer\" /> </div><div class=\"col-lg-10\" align=\"right\" dir=\"rtl\"></div> </div> <div class=\"row\"> <div class=\"col-lg-12\" align=\"right\" dir=\"rtl\"> <p class=\"arabicverse\">فَہُوَ فِیۡ عِیۡشَۃٍ رَّاضِیَۃٍ ﴿ۙ۲۲﴾ </p> </div> </div> <div class=\"row english\" align=\"left\" dir=\"ltr\" style=\"margin-top:10px\"> <div class=\"col-lg-12\"> <span class=\"translationheading\">English</span><br> <span class=\"translationtext\">So he will have a delightful life,</span> </div> </div> <div class=\"row english2\" align=\"left\" dir=\"ltr\" style=\"display:none; margin-top:10px\"> <div class=\"col-lg-12\"> <span class=\"translationheading\">English Short Commentary</span><br> <span class=\"translationtext\"> <sup class='ref'>[<a class='ref' data-id='ref_69_22_a' href='#'>a</a>]</sup>So he will <i>enjoy </i>a delightful life, <div class=\"footnote\"> <span class='collapsible plus' data-id='ref_69_22_a'>a</span></div> <div><div class='reference' data-id='ref_69_22_a' style='display:none'> <p><b>a.</b> <a href='/quran/88:10' target=_blank>88:10</a>; <a href='/quran/101:8' target=_blank>101:8</a>. (<a href='javascript:void(0)' data-id='ref_69_22_a' class='ref'>close</a>)</p> </div> </div> </span> </div> </div> <div class=\"row urdu\" align=\"right\" dir=\"rtl\" style=\"margin-top:10px\"> <div class=\"col-lg-12\"> <span class=\"translationheading\">اُردو</span><br> <span class=\"urdutarjma\">پس وہ پسندیدہ زندگی میں ہوگا۔</span> </div> </div> <div class=\"row urdu2\" align=\"right\" dir=\"rtl\" style=\"display:none; margin-top:10px\"> <div class=\"col-lg-12\"> <span class=\"translationheading\">اُردو تفسیر صغیر</span><br> <span class=\"urdutarjma\">پس ایسا شخص بڑی پسندیدہ زندگی کے دن دیکھے گا۔ </span> </div> </div> <div class=\"row french\" align=\"left\" dir=\"ltr\" style=\"display:none; margin-top:10px\"> <div class=\"col-lg-12\"> <span class=\"translationheading\">Français</span><br> <span class=\"translationtext\">Il aura donc une vie agréable,</span> </div> </div> <div class=\"row spanish\" align=\"left\" dir=\"ltr\" style=\"display:none; margin-top:10px\"> <div class=\"col-lg-12\"> <span class=\"translationheading\">Español</span><br> <span class=\"translationtext\">Y tendrá una vida deliciosa,</span> </div> </div> <div class=\"row german\" align=\"left\" dir=\"ltr\" style=\"display:none; margin-top:10px\"> <div class=\"col-lg-12\"> <span class=\"translationheading\">Deutsch</span><br> <span class=\"translationtext\">So wird er ein erfreuliches Leben haben,</span> </div> </div> <div class=\"row links\" style=\"margin-top:10px;\"> <div class=\"col-lg-12 center\"> <font size=\"-1\" style=\"font-family:Arial, Helvetica, sans-serif; color: #777\"> Read: <a target=\"_blank\" href=\"/quran/tafseer/?verse=69:22&region=E1&CR=E3,E2\" title=\"English Translation with Detailed Commentary with Meanings of Some Key Words\">Detailed English Commentary</a> | <a href=\"/quran/tafseer/?verse=69:22&region=TS&CR=UR,P1,H1,T1\" title=\"Urdu Tafseer-e-Saghir alongwith other Tafaseer\" target=\"_blank\">Urdu Tafaseer <font style=\"font-family: 'Jameel Noori Nastaleeq', -apple-system, BlinkMacSystemFont, 'Urdu Naskh Asiatype', 'Nafees Web Naskh';\">اردو تفاسیر</font></a> </font> </div></div> <hr size='1'> <div class=\"row\" id=\"Arabic23\" class='indopak' style=\"padding: 5px\"> <div class=\"col-lg-1\"> <a name=\"Arabic23\"></a> <font color=\"#939598\" style=\"font-size:1.1em\"> [<a href='/quran/69:23' style='text-decoration:underline'>69:23</a>]</font> </div> <div class=\"col-lg-1\"> <button onclick=\"aud_play_pause(23)\"><i class=\"fa fa-play\" style=\"color: #777\" aria-hidden=\"true\" id=\"control23\"></i></button> <audio id=\"player23\" class=\"audioplayer\" /> </div><div class=\"col-lg-10\" align=\"right\" dir=\"rtl\"></div> </div> <div class=\"row\"> <div class=\"col-lg-12\" align=\"right\" dir=\"rtl\"> <p class=\"arabicverse\">فِیۡ جَنَّۃٍ عَالِیَۃٍ ﴿ۙ۲۳﴾ </p> </div> </div> <div class=\"row english\" align=\"left\" dir=\"ltr\" style=\"margin-top:10px\"> <div class=\"col-lg-12\"> <span class=\"translationheading\">English</span><br> <span class=\"translationtext\">In a lofty Garden,</span> </div> </div> <div class=\"row english2\" align=\"left\" dir=\"ltr\" style=\"display:none; margin-top:10px\"> <div class=\"col-lg-12\"> <span class=\"translationheading\">English Short Commentary</span><br> <span class=\"translationtext\"> <sup class='ref'>[<a class='ref' data-id='ref_69_23_b' href='#'>b</a>]</sup>In a lofty Garden, <div class=\"footnote\"> <span class='collapsible plus' data-id='ref_69_23_b'>b</span></div> <div><div class='reference' data-id='ref_69_23_b' style='display:none'> <p><b>b.</b> <a href='/quran/43:73' target=_blank>43:73</a>; <a href='/quran/88:11' target=_blank>88:11</a>. (<a href='javascript:void(0)' data-id='ref_69_23_b' class='ref'>close</a>)</p> </div> </div> </span> </div> </div> <div class=\"row urdu\" align=\"right\" dir=\"rtl\" style=\"margin-top:10px\"> <div class=\"col-lg-12\"> <span class=\"translationheading\">اُردو</span><br> <span class=\"urdutarjma\">ایک بلند و بالا جنت میں۔</span> </div> </div> <div class=\"row urdu2\" align=\"right\" dir=\"rtl\" style=\"display:none; margin-top:10px\"> <div class=\"col-lg-12\"> <span class=\"translationheading\">اُردو تفسیر صغیر</span><br> <span class=\"urdutarjma\">اور بلند باغات میں رہے گا۔ </span> </div> </div> <div class=\"row french\" align=\"left\" dir=\"ltr\" style=\"display:none; margin-top:10px\"> <div class=\"col-lg-12\"> <span class=\"translationheading\">Français</span><br> <span class=\"translationtext\">Dans un Jardin élevé,</span> </div> </div> <div class=\"row spanish\" align=\"left\" dir=\"ltr\" style=\"display:none; margin-top:10px\"> <div class=\"col-lg-12\"> <span class=\"translationheading\">Español</span><br> <span class=\"translationtext\">En un Jardín elevado,</span> </div> </div> <div class=\"row german\" align=\"left\" dir=\"ltr\" style=\"display:none; margin-top:10px\"> <div class=\"col-lg-12\"> <span class=\"translationheading\">Deutsch</span><br> <span class=\"translationtext\">in einem hohen Garten,</span> </div> </div> <div class=\"row links\" style=\"margin-top:10px;\"> <div class=\"col-lg-12 center\"> <font size=\"-1\" style=\"font-family:Arial, Helvetica, sans-serif; color: #777\"> Read: <a target=\"_blank\" href=\"/quran/tafseer/?verse=69:23&region=E1&CR=E3,E2\" title=\"English Translation with Detailed Commentary with Meanings of Some Key Words\">Detailed English Commentary</a> | <a href=\"/quran/tafseer/?verse=69:23&region=TS&CR=UR,P1,H1,T1\" title=\"Urdu Tafseer-e-Saghir alongwith other Tafaseer\" target=\"_blank\">Urdu Tafaseer <font style=\"font-family: 'Jameel Noori Nastaleeq', -apple-system, BlinkMacSystemFont, 'Urdu Naskh Asiatype', 'Nafees Web Naskh';\">اردو تفاسیر</font></a> </font> </div></div> <hr size='1'> <div class=\"row\" id=\"Arabic24\" class='indopak' style=\"padding: 5px\"> <div class=\"col-lg-1\"> <a name=\"Arabic24\"></a> <font color=\"#939598\" style=\"font-size:1.1em\"> [<a href='/quran/69:24' style='text-decoration:underline'>69:24</a>]</font> </div> <div class=\"col-lg-1\"> <button onclick=\"aud_play_pause(24)\"><i class=\"fa fa-play\" style=\"color: #777\" aria-hidden=\"true\" id=\"control24\"></i></button> <audio id=\"player24\" class=\"audioplayer\" /> </div><div class=\"col-lg-10\" align=\"right\" dir=\"rtl\"></div> </div> <div class=\"row\"> <div class=\"col-lg-12\" align=\"right\" dir=\"rtl\"> <p class=\"arabicverse\">قُطُوۡفُہَا دَانِیَۃٌ ﴿۲۴﴾ </p> </div> </div> <div class=\"row english\" align=\"left\" dir=\"ltr\" style=\"margin-top:10px\"> <div class=\"col-lg-12\"> <span class=\"translationheading\">English</span><br> <span class=\"translationtext\">Whereof clusters of fruit will be within easy reach.</span> </div> </div> <div class=\"row english2\" align=\"left\" dir=\"ltr\" style=\"display:none; margin-top:10px\"> <div class=\"col-lg-12\"> <span class=\"translationheading\">English Short Commentary</span><br> <span class=\"translationtext\"> <sup class='ref'>[<a class='ref' data-id='ref_69_24_c' href='#'>c</a>]</sup>Whereof clusters of fruit will be within easy reach. <div class=\"footnote\"> <span class='collapsible plus' data-id='ref_69_24_c'>c</span></div> <div><div class='reference' data-id='ref_69_24_c' style='display:none'> <p><b>c.</b> <a href='/quran/55:55' target=_blank>55:55</a>; <a href='/quran/76:15' target=_blank>76:15</a>. (<a href='javascript:void(0)' data-id='ref_69_24_c' class='ref'>close</a>)</p> </div> </div> </span> </div> </div> <div class=\"row urdu\" align=\"right\" dir=\"rtl\" style=\"margin-top:10px\"> <div class=\"col-lg-12\"> <span class=\"translationheading\">اُردو</span><br> <span class=\"urdutarjma\">اس کے خوشے جُھکے ہوئے ہوں گے۔</span> </div> </div> <div class=\"row urdu2\" align=\"right\" dir=\"rtl\" style=\"display:none; margin-top:10px\"> <div class=\"col-lg-12\"> <span class=\"translationheading\">اُردو تفسیر صغیر</span><br> <span class=\"urdutarjma\">اس کے پھل جھکے ہوئے ہوں گے۔ </span> </div> </div> <div class=\"row french\" align=\"left\" dir=\"ltr\" style=\"display:none; margin-top:10px\"> <div class=\"col-lg-12\"> <span class=\"translationheading\">Français</span><br> <span class=\"translationtext\">Dont les fruits seront à portée de la main.</span> </div> </div> <div class=\"row spanish\" align=\"left\" dir=\"ltr\" style=\"display:none; margin-top:10px\"> <div class=\"col-lg-12\"> <span class=\"translationheading\">Español</span><br> <span class=\"translationtext\">En el que racimos de frutos estarán al alcance de la mano.</span> </div> </div> <div class=\"row german\" align=\"left\" dir=\"ltr\" style=\"display:none; margin-top:10px\"> <div class=\"col-lg-12\"> <span class=\"translationheading\">Deutsch</span><br> <span class=\"translationtext\">Dessen Früchte leicht erreichbar sind.</span> </div> </div> <div class=\"row links\" style=\"margin-top:10px;\"> <div class=\"col-lg-12 center\"> <font size=\"-1\" style=\"font-family:Arial, Helvetica, sans-serif; color: #777\"> Read: <a target=\"_blank\" href=\"/quran/tafseer/?verse=69:24&region=E1&CR=E3,E2\" title=\"English Translation with Detailed Commentary with Meanings of Some Key Words\">Detailed English Commentary</a> | <a href=\"/quran/tafseer/?verse=69:24&region=TS&CR=UR,P1,H1,T1\" title=\"Urdu Tafseer-e-Saghir alongwith other Tafaseer\" target=\"_blank\">Urdu Tafaseer <font style=\"font-family: 'Jameel Noori Nastaleeq', -apple-system, BlinkMacSystemFont, 'Urdu Naskh Asiatype', 'Nafees Web Naskh';\">اردو تفاسیر</font></a> </font> </div></div> <hr size='1'> <div class=\"row\" id=\"Arabic25\" class='indopak' style=\"padding: 5px\"> <div class=\"col-lg-1\"> <a name=\"Arabic25\"></a> <font color=\"#939598\" style=\"font-size:1.1em\"> [<a href='/quran/69:25' style='text-decoration:underline'>69:25</a>]</font> </div> <div class=\"col-lg-1\"> <button onclick=\"aud_play_pause(25)\"><i class=\"fa fa-play\" style=\"color: #777\" aria-hidden=\"true\" id=\"control25\"></i></button> <audio id=\"player25\" class=\"audioplayer\" /> </div><div class=\"col-lg-10\" align=\"right\" dir=\"rtl\"></div> </div> <div class=\"row\"> <div class=\"col-lg-12\" align=\"right\" dir=\"rtl\"> <p class=\"arabicverse\">کُلُوۡا وَ اشۡرَبُوۡا ہَنِیۡٓـئًۢا بِمَاۤ اَسۡلَفۡتُمۡ فِی الۡاَیَّامِ الۡخَالِیَۃِ ﴿۲۵﴾ </p> </div> </div> <div class=\"row english\" align=\"left\" dir=\"ltr\" style=\"margin-top:10px\"> <div class=\"col-lg-12\"> <span class=\"translationheading\">English</span><br> <span class=\"translationtext\">‘Eat and drink joyfully because of the <em>good </em>deeds you did in days gone by.’</span> </div> </div> <div class=\"row english2\" align=\"left\" dir=\"ltr\" style=\"display:none; margin-top:10px\"> <div class=\"col-lg-12\"> <span class=\"translationheading\">English Short Commentary</span><br> <span class=\"translationtext\"> <i>It will be said to him</i>, <sup class='ref'>[<a class='ref' data-id='ref_69_25_d' href='#'>d</a>]</sup>‘Eat and drink joyfully because of the <i>good </i>deeds you did in days gone by.’ <div class=\"footnote\"> <span class='collapsible plus' data-id='ref_69_25_d'>d</span></div> <div><div class='reference' data-id='ref_69_25_d' style='display:none'> <p><b>d.</b> <a href='/quran/77:44' target=_blank>77:44</a>. (<a href='javascript:void(0)' data-id='ref_69_25_d' class='ref'>close</a>)</p> </div> </div> </span> </div> </div> <div class=\"row urdu\" align=\"right\" dir=\"rtl\" style=\"margin-top:10px\"> <div class=\"col-lg-12\"> <span class=\"translationheading\">اُردو</span><br> <span class=\"urdutarjma\">مزے مزے کھاؤ اور پیو اُن (اعمال) کے بدلے میں جو تم گزرے ہوئے دنوں میں کیا کرتے تھے۔</span> </div> </div> <div class=\"row urdu2\" align=\"right\" dir=\"rtl\" style=\"display:none; margin-top:10px\"> <div class=\"col-lg-12\"> <span class=\"translationheading\">اُردو تفسیر صغیر</span><br> <span class=\"urdutarjma\">(اور ان سے کہا جائے گا) گذشتہ زمانہ میں جو اعمال تم نے کیے تھے‘ ان کے نتیجہ میں خوب (پھل) کھاٶ اور (چشموں کے) پانی پیئو‘ کہ ان میں سے ہر ایک چیز تمہیں خوب پچے گی۔ </span> </div> </div> <div class=\"row french\" align=\"left\" dir=\"ltr\" style=\"display:none; margin-top:10px\"> <div class=\"col-lg-12\"> <span class=\"translationheading\">Français</span><br> <span class=\"translationtext\">« Mangez donc et buvez avec plaisir, pour les <em>bonnes</em> œuvres que vous avez faites dans les jours déjà passés. »</span> </div> </div> <div class=\"row spanish\" align=\"left\" dir=\"ltr\" style=\"display:none; margin-top:10px\"> <div class=\"col-lg-12\"> <span class=\"translationheading\">Español</span><br> <span class=\"translationtext\">“Comed y bebed alegremente por las <em>buenas</em> acciones que hicisteis en los días que pasaron”.</span> </div> </div> <div class=\"row german\" align=\"left\" dir=\"ltr\" style=\"display:none; margin-top:10px\"> <div class=\"col-lg-12\"> <span class=\"translationheading\">Deutsch</span><br> <span class=\"translationtext\">Esset und trinket in Gesundheit für das, was ihr in den vergangenen Tagen gewirkt.</span> </div> </div> <div class=\"row links\" style=\"margin-top:10px;\"> <div class=\"col-lg-12 center\"> <font size=\"-1\" style=\"font-family:Arial, Helvetica, sans-serif; color: #777\"> Read: <a target=\"_blank\" href=\"/quran/tafseer/?verse=69:25&region=E1&CR=E3,E2\" title=\"English Translation with Detailed Commentary with Meanings of Some Key Words\">Detailed English Commentary</a> | <a href=\"/quran/tafseer/?verse=69:25&region=TS&CR=UR,P1,H1,T1\" title=\"Urdu Tafseer-e-Saghir alongwith other Tafaseer\" target=\"_blank\">Urdu Tafaseer <font style=\"font-family: 'Jameel Noori Nastaleeq', -apple-system, BlinkMacSystemFont, 'Urdu Naskh Asiatype', 'Nafees Web Naskh';\">اردو تفاسیر</font></a> </font> </div></div> <hr size='1'> <div class=\"row\" id=\"Arabic26\" class='indopak' style=\"padding: 5px\"> <div class=\"col-lg-1\"> <a name=\"Arabic26\"></a> <font color=\"#939598\" style=\"font-size:1.1em\"> [<a href='/quran/69:26' style='text-decoration:underline'>69:26</a>]</font> </div> <div class=\"col-lg-1\"> <button onclick=\"aud_play_pause(26)\"><i class=\"fa fa-play\" style=\"color: #777\" aria-hidden=\"true\" id=\"control26\"></i></button> <audio id=\"player26\" class=\"audioplayer\" /> </div><div class=\"col-lg-10\" align=\"right\" dir=\"rtl\"></div> </div> <div class=\"row\"> <div class=\"col-lg-12\" align=\"right\" dir=\"rtl\"> <p class=\"arabicverse\">وَ اَمَّا مَنۡ اُوۡتِیَ کِتٰبَہٗ بِشِمَالِہٖ ۬ۙ فَیَقُوۡلُ یٰلَیۡتَنِیۡ لَمۡ اُوۡتَ کِتٰبِیَہۡ ﴿ۚ۲۶﴾</p> </div> </div> <div class=\"row english\" align=\"left\" dir=\"ltr\" style=\"margin-top:10px\"> <div class=\"col-lg-12\"> <span class=\"translationheading\">English</span><br> <span class=\"translationtext\">But as for him who is given his record in his left hand, he will say, ‘O would that I had not been given my record!</span> </div> </div> <div class=\"row english2\" align=\"left\" dir=\"ltr\" style=\"display:none; margin-top:10px\"> <div class=\"col-lg-12\"> <span class=\"translationheading\">English Short Commentary</span><br> <span class=\"translationtext\"> <sup class='ref'>[<a class='ref' data-id='ref_69_26_e' href='#'>e</a>]</sup>But as for him who is given his record in his left hand,<sup class='ref'>[<a class='ref' data-id='ref_69_26_3114' href='#'>3114</a>]</sup> he will say, ‘O, would that I had not been given my record! <div class=\"footnote\"> <span class='collapsible plus' data-id='ref_69_26_e'>e</span><span class='collapsible plus' data-id='ref_69_26_3114'>3114</span></div> <div><div class='reference' data-id='ref_69_26_e' style='display:none'> <p><b>e.</b> <a href='/quran/56:42' target=_blank>56:42</a>, <a href='/quran/56:43' target=_blank>43</a>; <a href='/quran/84:11' target=_blank>84:11</a>-13. (<a href='javascript:void(0)' data-id='ref_69_26_e' class='ref'>close</a>)</p> </div> </div><div><a name='3114'></a><div class='reference' data-id='ref_69_26_3114' style='display:none'> <p><b>3114.</b> To be given one’s record in one’s left hand, in Quranic terminology, signifies failure in the test. (<a href='javascript:void(0)' data-id='ref_69_26_3114' class='ref'>close</a>)</p> </div> </div> </span> </div> </div> <div class=\"row urdu\" align=\"right\" dir=\"rtl\" style=\"margin-top:10px\"> <div class=\"col-lg-12\"> <span class=\"translationheading\">اُردو</span><br> <span class=\"urdutarjma\">اور وہ جسے اُس کی بائیں طرف سے اُس کا اعمال نامہ دیا جائے گا، تو وہ کہے گا اے کاش! مجھے میرا اعمال نامہ نہ دیا جاتا۔</span> </div> </div> <div class=\"row urdu2\" align=\"right\" dir=\"rtl\" style=\"display:none; margin-top:10px\"> <div class=\"col-lg-12\"> <span class=\"translationheading\">اُردو تفسیر صغیر</span><br> <span class=\"urdutarjma\">اور جس شخص کے بائیں ہاتھ میں اس کا اعمال نامہ دیا جائے گا۔ وہ کہے گا کاش! مجھے میرا اعمال نامہ نہ دیا جاتا! </span> </div> </div> <div class=\"row french\" align=\"left\" dir=\"ltr\" style=\"display:none; margin-top:10px\"> <div class=\"col-lg-12\"> <span class=\"translationheading\">Français</span><br> <span class=\"translationtext\">Mais quant à celui à qui son dossier sera remis en sa main gauche, il dira : « Hélas ! Si seulement mon dossier ne m’eût pas été donné !</span> </div> </div> <div class=\"row spanish\" align=\"left\" dir=\"ltr\" style=\"display:none; margin-top:10px\"> <div class=\"col-lg-12\"> <span class=\"translationheading\">Español</span><br> <span class=\"translationtext\">Mas en cuanto a aquel a quien se le entregue su registro en la izquierda, dirá: “¡Oh, ojalá no se me hubiese entregado mi registro!”.</span> </div> </div> <div class=\"row german\" align=\"left\" dir=\"ltr\" style=\"display:none; margin-top:10px\"> <div class=\"col-lg-12\"> <span class=\"translationheading\">Deutsch</span><br> <span class=\"translationtext\">Was aber den anlangt, dem sein Buch (der Rechenschaft) in die Linke gegeben wird, so wird er sprechen: \"O wäre mir doch mein Buch nicht gegeben worden!", "spanish": " “En verdad, sabía que tendría que dar cuenta”.", "urdu": " مجھے یقین تھا کہ میں ایک دن اپنے حساب کو دیکھوں گا۔"}, {"arabic": " وَ لَمۡ اَدۡرِ مَا حِسَابِیَہۡ ﴿ۚ۲۷﴾", "english": " ‘Nor known what my reckoning was!", "french": " Et que je n’aie pas non plus su quel était mon compte !", "german": " Und hätte ich doch nie erfahren, was meine Rechenschaft ist!", "spanish": " “¡Ni hubiese sabido cuál era mi cuenta!”.", "urdu": " اور مجھے پتہ نہ لگتا کہ میرا حساب کیا ہے۔"}, {"arabic": " یٰلَیۡتَہَا کَانَتِ الۡقَاضِیَۃَ ﴿ۚ۲۸﴾", "english": " ‘O would that death had made an end of me !", "french": " Ô que je voudrais que le jugement m’eût fait goûter la mort une bonne fois !", "german": " O hätte doch der Tod (mit mir) ein Ende gemacht!", "spanish": " “¡Cuánto deseo que aquel juicio hubiera sido un decreto para que yo pereciera!”.", "urdu": " کاش! میری موت مجھے بالکل ختم کر دیتی۔"}, {"arabic": " مَاۤ اَغۡنٰی عَنِّیۡ مَالِیَہۡ ﴿ۚ۲۹﴾", "english": " ‘My wealth has been of no avail to me.", "french": " Mes richesses ne m’ont été d’aucun secours ;", "german": " Mein Besitz hat mir nichts genützt.", "spanish": " “Mis riquezas no me han servido de nada”.", "urdu": " میرے مال نے آج مجھے کوئی فائدہ نہیں دیا۔"}, {"arabic": " ہَلَکَ عَنِّیۡ سُلۡطٰنِیَہۡ ﴿ۚ۳۰﴾", "english": " ‘My power has perished from me.’", "french": " Ma suprématie a été détruite et m’a abandonné. »", "german": "", "spanish": " “Mi poder se ha apartado de mí”.", "urdu": " اور میرا غلبہ جاتا رہا۔"}, {"arabic": " خُذُوۡہُ فَغُلُّوۡہُ ﴿ۙ۳۱﴾", "english": " ‘Seize him and fetter him,", "french": " « Attrapez-le et enchaînez-le,", "german": " „Ergreifet ihn und fesselt ihn,", "spanish": " “¡Sujetadle y maniatadle!”,", "urdu": " (اس وقت خدا فرشتوں سے کہے گا) اس کو پکڑ لو اور اس کے گلے میں طوق ڈالو۔"}, {"arabic": " ثُمَّ الۡجَحِیۡمَ صَلُّوۡہُ ﴿ۙ۳۲﴾", "english": " ‘Then cast him into Hell.", "french": " Puis, jetez-le dans la Fournaise de l’Enfer .", "german": " dann werft ihn in die Hölle.", "spanish": " “Y al punto arrojadle al Infierno”.", "urdu": " اور جہنم میں اس کو جھونک دو۔"}, {"arabic": " ثُمَّ فِیۡ سِلۡسِلَۃٍ ذَرۡعُہَا سَبۡعُوۡنَ ذِرَاعًا فَاسۡلُکُوۡہُ ﴿ؕ۳۳﴾", "english": " ‘Then put him into a chain the length of which is seventy cubits;", "french": " Ensuite, mettez-le dans une chaîne dont la longueur est de soixante-dix coudées ;", "german": " Dann stoßt ihn in eine Kette, deren Länge siebzig Ellen ist;", "spanish": " “Ponedle después en una cadena con una longitud de setenta codos”;", "urdu": " پھر ایک زنجیر میں جو لمبائی میں بے انتہا ہے اس کو جکڑ دو۔"}, {"arabic": " اِنَّہٗ کَانَ لَا یُؤۡمِنُ بِاللّٰہِ الۡعَظِیۡمِ ﴿ۙ۳۴﴾", "english": " ‘Verily, he did not believe in Allah, the Great,", "french": " En vérité, il ne croyait pas en Allāh, le Grand,", "german": " denn er glaubte nicht an Allah, den Großen,", "spanish": " “En verdad, no creyó en Al-lah, el Grande”,", "urdu": " یہ وسیع حکومت والے اللہ پر ایمان نہیں لاتا تھا۔"}, {"arabic": " وَ لَا یَحُضُّ عَلٰی طَعَامِ الۡمِسۡکِیۡنِ ﴿ؕ۳۵﴾", "english": " ‘And he did not urge the feeding of the poor.", "french": " Et il n’exhorta pas de nourrir l’indigent.", "german": " und forderte nicht auf zur Speisung des Armen.", "spanish": " “No indujo a nadie a alimentar a los pobres”.", "urdu": " اور مسکینوں کو کھانا کھلانے کی رغبت (لوگوں کو) نہیں دلاتا تھا۔"}, {"arabic": " فَلَیۡسَ لَہُ الۡیَوۡمَ ہٰہُنَا حَمِیۡمٌ ﴿ۙ۳۶﴾", "english": " ‘No friend, therefore, has he here this day;", "french": " Aussi n’a-t-il pas d’ami dévoué ici aujourd’hui ;", "german": " Keinen Freund hat er drum hier heute", "spanish": " “Por tanto, en este día no tiene aquí amigo alguno”;", "urdu": " سو اس دن اس کا کوئی دوست نہیں ہوگا (کیونکہ اپنے ظلموں کی وجہ سے یہ لوگوں کی ہمدردی کھو چکا ہے)"}, {"arabic": " وَّ لَا طَعَامٌ اِلَّا مِنۡ غِسۡلِیۡنٍ ﴿ۙ۳۷﴾", "english": " ‘Nor any food save blood mixed with water,", "french": " Ni d’autre nourriture que de l’eau qui a lavé des plaies,", "german": " und keine Nahrung außer Blut, mit Wasser gemischt,", "spanish": " “Ni alimento alguno salvo el agua con el que se lavan las heridas”,", "urdu": " اور اس کو کوئی کھانا نہیں ملے گا سوائے زخموں کے دھوون کے‘ (یعنی جو ظلم یہ لوگوں پر کر چکا ہے ان کی یاد اسے ستاتی رہے گی) ۔"}, {"arabic": " لَّا یَاۡکُلُہٗۤ اِلَّا الۡخَاطِـُٔوۡنَ ﴿٪۳۸﴾", "english": " ‘Which none but the sinners eat.’", "french": " Que seuls les pécheurs mangeront. »", "german": "", "spanish": " “Que sólo comen los pecadores”.", "urdu": " یہ کھانا صرف خطا کار لوگ کھاتے ہیں۔"}, {"arabic": " فَلَاۤ اُقۡسِمُ بِمَا تُبۡصِرُوۡنَ ﴿ۙ۳۹﴾", "english": " But nay, I swear by all that you see,", "french": " Mais non, en vérité, Je jure par ce que vous voyez,", "german": " Nein, ich schwöre bei dem, was ihr seht,", "spanish": " Mas ¡no!, juro por todo lo que veis,", "urdu": " (پس کسی دھوکہ میں نہ پڑو) ہم شہادت کے طور پر پیش کرتے ہیں اس کو بھی جس کو تم دیکھتے ہو۔"}, {"arabic": " وَ مَا لَا تُبۡصِرُوۡنَ ﴿ۙ۴۰﴾", "english": " And by all that you see not,", "french": " Et par ce que vous ne voyez pas,", "german": " und bei dem, was ihr nicht seht,", "spanish": " Y por lo que no veis,", "urdu": " اور جسے تم نہیں دیکھتے (یعنی ظاہری حالت اور باطنی جذبات اس بات پر شاہد ہیں کہ)"}, {"arabic": " اِنَّہٗ لَقَوۡلُ رَسُوۡلٍ کَرِیۡمٍ ﴿ۚۙ۴۱﴾", "english": " That it is surely the word brought by a noble Messenger;", "french": " Que c’est assurément la parole apportée par un noble Messager ;", "german": " dass dies fürwahr das Wort eines ehrenhaften Gesandten ist.", "spanish": " Que es en verdad la palabra traída por un noble Mensajero;", "urdu": " یہ (قرآن) ایک عزت والے رسول کا کلام ہے۔"}, {"arabic": " وَّ مَا ہُوَ بِقَوۡلِ شَاعِرٍ ؕ قَلِیۡلًا مَّا تُؤۡمِنُوۡنَ ﴿ۙ۴۲﴾", "english": " And it is not the word of a poet; little is it that you believe!", "french": " Et ce n’est pas la parole d’un poète ; comme vous croyez peu !", "german": " Es ist nicht das Werk eines Dichters; wenig ist´s, was ihr glaubt.", "spanish": " Y no la palabra de un poeta; ¡cuán poco creéis!", "urdu": " اور کسی شاعر کا کلام نہیں۔ مگر تم بالکل ایمان نہیں لاتے۔"}, {"arabic": " وَ لَا بِقَوۡلِ کَاہِنٍ ؕ قَلِیۡلًا مَّا تَذَکَّرُوۡنَ ﴿ؕ۴۳﴾", "english": " Nor is it the word of a soothsayer; little is it that you heed!", "french": " Et ce n’est pas non plus la parole d’un devin ; comme vous prenez peu de note !", "german": " Noch ist es die Rede eines Wahrsagers; wenig ist´s, was ihr bedenket.", "spanish": " Tampoco es la palabra de un adivino; ¡qué poco caso hacéis!", "urdu": " اور نہ یہ کسی پادری پنڈت کی باتیں ہیں مگر تم بالکل نصیحت حاصل نہیں کرتے۔"}, {"arabic": " تَنۡزِیۡلٌ مِّنۡ رَّبِّ الۡعٰلَمِیۡنَ ﴿۴۴﴾", "english": " It is a revelation from the Lord of the worlds.", "french": " C’est une révélation de la part du Seigneur des mondes.", "german": " (Es ist) eine Offenbarung vom Herrn der Welten.", "spanish": " Es una revelación del Señor de los mundos.", "urdu": " یہ رب العالمین خدا کی طرف سے اتارا گیا ہے۔"}, {"arabic": " وَ لَوۡ تَقَوَّلَ عَلَیۡنَا بَعۡضَ الۡاَقَاوِیۡلِ ﴿ۙ۴۵﴾", "english": " And if he had forged and attributed any sayings to Us,", "french": " Et, s’il Nous avait faussement attribué ne serait-ce que quelques paroles insignifiantes,", "german": " Und hätte er irgendwelche Aussprüche in Unserem Namen ersonnen,", "spanish": " Y si Nos hubiese atribuido falsamente siquiera una afirmación insignificante,", "urdu": " اور اگر یہ شخص ہماری طرف جھوٹا الہام منسوب کر دیتا‘ خواہ ایک ہی ہوتا۔"}, {"arabic": " لَاَخَذۡنَا مِنۡہُ بِالۡیَمِیۡنِ ﴿ۙ۴۶﴾", "english": " We would surely have seized him by the right hand,", "french": " Nous l’aurions assurément saisi par la main droite,", "german": " Wir hätten ihn gewiss bei der Rechten gefasst,", "spanish": " Ciertamente lo habríamos atrapado por la derecha,", "urdu": " تو ہم یقیناً اس کو دائیں ہاتھ سے پکڑ لیتے۔"}, {"arabic": " ثُمَّ لَقَطَعۡنَا مِنۡہُ الۡوَتِیۡنَ ﴿۫ۖ۴۷﴾", "english": " And then surely We would have severed his life-artery,", "french": " Et puis assurément Nous lui aurions tranché la veine jugulaire,", "german": " und ihm dann die Herzader durchschnitten.", "spanish": " Y al punto, ciertamente le habríamos cortado la vena yugular,", "urdu": " اور اس کی رگ جان کاٹ دیتے۔"}, {"arabic": " فَمَا مِنۡکُمۡ مِّنۡ اَحَدٍ عَنۡہُ حٰجِزِیۡنَ ﴿۴۸﴾", "english": " And not one of you could have held Us off from him.", "french": " Et nul parmi vous n’aurait pu le protéger contre Nous .", "german": " Und keiner von euch hätte (Uns) von ihm abhalten können.", "spanish": " Y ninguno de vosotros hubiera podido protegerle de Nosotros.", "urdu": " اور اس صورت میں تم میں سے کوئی نہ ہوتا جو اسے درمیان میں حائل ہو کر (خدا کی پکڑ سے) بچا سکتا۔"}, {"arabic": " وَ اِنَّہٗ لَتَذۡکِرَۃٌ لِّلۡمُتَّقِیۡنَ ﴿۴۹﴾", "english": " And verily it is a reminder for the righteous.", "french": " Et en vérité, c’est un rappel pour les vertueux.", "german": " Wahrlich, es ist eine Ermahnung für die Gottesfürchtigen.", "spanish": " En verdad, es un recordatorio para el justo.", "urdu": " اور یہ (قرآن) تو خدا سے ڈرنے والوں کے لئے نصیحت (اور بڑائی) کا موجب ہے۔"}, {"arabic": " وَ اِنَّا لَنَعۡلَمُ اَنَّ مِنۡکُمۡ مُّکَذِّبِیۡنَ ﴿۵۰﴾", "english": " And, surely, We know that there are some among you who reject Our Signs .", "french": " Et, assurément, Nous savons qu’il y a certains parmi vous qui rejettent Nos Signes .", "german": " Und Wir wissen fürwahr, dass einige unter euch Leugner sind,", "spanish": " Pues ciertamente sabemos que hay algunos de entre vosotros que rechazan Nuestros Signos.", "urdu": " اور ہم خوب جانتے ہیں کہ تم میں اس (قرآن) کو جھٹلانے والے بھی ہیں۔"}, {"arabic": " وَ اِنَّہٗ لَحَسۡرَۃٌ عَلَی الۡکٰفِرِیۡنَ ﴿۵۱﴾", "english": " And, verily, it will be a source of regret for the disbelievers.", "french": " Et, en vérité, ce sera un sujet de regret pour les mécréants.", "german": " und fürwahr, es ist ein Bedauern für die Ungläubigen.", "spanish": " En verdad, será una fuente de frustración para los incrédulos.", "urdu": " اور (یہ بھی جانتے ہیں کہ) کافروں کے دل میں یہ قرآن حسرت پیدا کرتا ہے۔"}, {"arabic": " وَ اِنَّہٗ لَحَقُّ الۡیَقِیۡنِ ﴿۵۲﴾", "english": " And surely, it is the true certainty.", "french": " Et assurément, c’est la certitude absolue.", "german": " Und fürwahr, es ist die Wahrheit selbst.", "spanish": " Y con toda seguridad es la verdad absoluta.", "urdu": " اور اس کی سچائی حق الیقین کی طرح ظاہر ہے۔"}, {"arabic": " فَسَبِّحۡ بِاسۡمِ رَبِّکَ الۡعَظِیۡمِ ﴿٪۵۳﴾", "english": " So glorify the name of thy Lord, the Great.", "french": " Aussi glorifie le nom de ton Seigneur, le Grand.", "german": " Darum preise den Namen deines Herrn, des Großen!", "spanish": " Glorifica, pues, el nombre de tu Señor, el Grande.", "urdu": " پس تو اپنے بڑے رب کے نام کے ذریعہ سے اس کی پاکیزگی بیان کر۔"}], "Surah": 69}